2137.071427|0|2|0|213|7|0|1|255|100|10|0|265055.115718909|264869.673077422|0|0|2|1|3|100|1|1
2169.071427|0|1|0|216|9|0|2|255|50|10|0|162506.411785011|158219.414164404|0|0|1|1|3|100|1|1
2237.071427|0|2|0|223|7|0|1|255|100|10|0|144969.00257954|143075.842169451|0|0|2|1|3|100|1|1
2269.071427|0|1|0|226|9|0|2|255|50|10|0|158823.949915299|157390.125961342|0|0|1|1|3|100|1|1
2337.071427|0|2|0|233|7|0|1|255|100|10|0|134296.406005133|132198.574519275|0|0|2|1|3|100|1|1
2369.071427|0|1|0|236|9|0|2|255|50|10|0|200982.450942438|194538.33611144|0|0|1|1|3|100|1|1
2437.071427|0|2|0|243|7|0|1|255|100|10|0|261955.599610341|257702.515978549|0|0|2|1|3|100|1|1
2469.071427|0|1|0|246|9|0|2|255|50|10|0|188191.036086379|184785.250302893|0|0|1|1|3|100|1|1
2537.071427|0|2|0|253|7|0|1|255|100|10|0|192900.370804|184998.198260404|0|0|2|1|3|100|1|1
2569.071427|0|1|0|256|9|0|2|255|50|10|0|148388.886711041|147492.848418499|0|0|1|1|3|100|1|1
2637.071427|0|2|0|263|7|0|1|255|100|10|0|157806.913109994|153938.264896838|0|0|2|1|3|100|1|1
2669.071427|0|1|0|266|9|0|2|255|50|10|0|203002.419488367|200951.320917056|0|0|1|1|3|100|1|1
2737.071427|0|2|0|273|7|0|1|255|100|10|0|205058.652577188|204744.254451068|0|0|2|1|3|100|1|1
2769.071427|0|1|0|276|9|0|2|255|50|10|0|188027.477491317|187605.980915809|0|0|1|1|3|100|1|1
2837.071427|0|2|0|283|7|0|1|255|100|10|0|155410.186161991|153223.769761799|0|0|2|1|3|100|1|1
2869.071427|0|1|0|286|9|0|2|255|50|10|0|87895.1836186077|86616.5688972644|0|0|1|1|3|100|1|1
2937.071427|0|2|0|293|7|0|1|255|100|10|0|129807.847629883|128160.976752626|0|0|2|1|3|100|1|1
2969.071427|0|1|0|296|9|0|2|255|50|10|0|323665.281035404|315607.355457725|0|0|1|1|3|100|1|1
3037.071427|0|2|0|303|7|0|1|255|100|10|0|298232.864011748|296158.468916896|0|0|2|1|3|100|1|1
3069.071427|0|1|0|306|9|0|2|255|50|10|0|169461.676152379|163381.734381113|0|0|1|1|3|100|1|1
3137.071427|0|2|0|313|7|0|1|255|100|10|0|118828.908166284|114215.187654076|0|0|2|1|3|100|1|1
3169.071427|0|1|0|316|9|0|2|255|50|10|0|123257.661864289|121635.463108333|0|0|1|1|3|100|1|1
3239.071427|0|2|0|323|9|0|1|255|100|10|0|186317.099070035|184513.29173066|0|0|2|1|3|100|1|1
3247.071427|0|2|0|324|7|0|1|255|0|10|0|287099.971125298|282721.728845424|0|0|0|1|3|100|1|1
3249.071427|0|1|0|324|9|0|2|255|0|10|0|213722.125305259|207916.051211717|0|0|0|1|3|100|1|1
3278.071427|0|1|0|327|8|0|2|255|0|10|0|152045.21935535|151826.334198896|0|0|0|1|3|100|1|1
3339.071427|0|2|0|333|9|0|1|255|100|10|0|149813.909958631|146325.227717385|0|0|2|1|3|100|1|1
3347.071427|0|2|0|334|7|0|1|255|0|10|0|131259.257794568|130438.895889449|0|0|0|1|3|100|1|1
3349.071427|0|1|0|334|9|0|2|255|0|10|0|134864.815925405|133208.464400734|0|0|0|1|3|100|1|1
3378.071427|0|1|0|337|8|0|2|255|0|10|0|108539.993472708|108260.456660775|0|0|0|1|3|100|1|1
3439.071427|0|2|0|343|9|0|1|255|100|10|0|251869.612425415|249946.274060233|0|0|2|1|3|100|1|1
3447.071427|0|2|0|344|7|0|1|255|0|10|0|118326.539671171|117247.380835422|0|0|0|1|3|100|1|1
3449.071427|0|1|0|344|9|0|2|255|0|10|0|135484.932136744|134178.683959198|0|0|0|1|3|100|1|1
3478.071427|0|1|0|347|8|0|2|255|0|10|0|232979.036144335|228554.973728765|0|0|0|1|3|100|1|1
3539.071427|0|2|0|353|9|0|1|255|100|10|0|118793.208685599|116520.780869229|0|0|2|1|3|100|1|1
3547.071427|0|2|0|354|7|0|1|255|0|10|0|242843.355093796|242130.653668567|0|0|0|1|3|100|1|1
3549.071427|0|1|0|354|9|0|2|255|0|10|0|218786.2387712|215856.310068689|0|0|0|1|3|100|1|1
3578.071427|0|1|0|357|8|0|2|255|0|10|0|260053.091793303|256264.292376992|0|0|0|1|3|100|1|1
3639.071427|0|2|0|363|9|0|1|255|100|10|0|184482.730186786|183473.130420128|0|0|2|1|3|100|1|1
3647.071427|0|2|0|364|7|0|1|255|0|10|0|165237.808376294|161224.958224146|0|0|0|1|3|100|1|1
3649.071427|0|1|0|364|9|0|2|255|0|10|0|182583.629399364|180599.472213293|0|0|0|1|3|100|1|1
3678.071427|0|1|0|367|8|0|2|255|0|10|0|52930.5634848616|52822.5080932795|0|0|0|1|3|100|1|1
3739.071427|0|2|0|373|9|0|1|255|100|10|0|200450.790606837|196588.728464818|0|0|2|1|3|100|1|1
3747.071427|0|2|0|374|7|0|1|255|0|10|0|132029.107535826|131487.222142347|0|0|0|1|3|100|1|1
3749.071427|0|1|0|374|9|0|2|255|0|10|0|128282.863294395|126451.469357402|0|0|0|1|3|100|1|1
3778.071427|0|1|0|377|8|0|2|255|0|10|0|257845.37952257|254586.33906724|0|0|0|1|3|100|1|1
3839.071427|0|2|0|383|9|0|1|255|100|10|0|145160.176524431|142472.791266434|0|0|2|1|3|100|1|1
3847.071427|0|2|0|384|7|0|1|255|0|10|0|192903.013542771|191581.017928925|0|0|0|1|3|100|1|1
3849.071427|0|1|0|384|9|0|2|255|0|10|0|192678.939065748|192192.797807429|0|0|0|1|3|100|1|1
3878.071427|0|1|0|387|8|0|2|255|0|10|0|238690.648592869|233680.305577392|0|0|0|1|3|100|1|1
3939.071427|0|2|0|393|9|0|1|255|100|10|0|156601.774043461|152197.830136569|0|0|2|1|3|100|1|1
3947.071427|0|2|0|394|7|0|1|255|0|10|0|214511.043081946|210057.200798731|0|0|0|1|3|100|1|1
3949.071427|0|1|0|394|9|0|2|255|0|10|0|227861.128837041|225778.926901889|0|0|0|1|3|100|1|1
3978.071427|0|1|0|397|8|0|2|255|0|10|0|65664.3560342047|64811.6078754847|0|0|0|1|3|100|1|1
4039.071427|0|2|0|403|9|0|1|255|100|10|0|291598.461584955|286309.901310093|0|0|2|1|3|100|1|1
4047.071427|0|2|0|404|7|0|1|255|0|10|0|130818.743586954|126883.339464534|0|0|0|1|3|100|1|1
4049.071427|0|1|0|404|9|0|2|255|0|10|0|87261.2854089883|83603.5745276993|0|0|0|1|3|100|1|1
4078.071427|0|1|0|407|8|0|2|255|0|10|0|231888.600083992|230946.506663382|0|0|0|1|3|100|1|1
4137.071427|0|2|0|413|7|0|1|255|150|10|0|208399.97482071|204424.018045773|0|0|3|1|3|100|1|1
4149.071427|0|1|0|414|9|0|2|255|0|10|0|191617.794405675|189351.274167333|0|0|0|1|3|100|1|1
4158.071427|0|2|0|415|8|0|1|255|100|10|0|175464.167391713|175083.355138992|0|0|2|1|3|100|1|1
4168.071427|0|1|0|416|8|0|2|255|50|10|0|222079.110979056|220656.531189659|0|0|1|1|3|100|1|1
4237.071427|0|2|0|423|7|0|1|255|150|10|0|110395.770050517|108415.712494003|0|0|3|1|3|100|1|1
4249.071427|0|1|0|424|9|0|2|255|0|10|0|305104.675851634|300596.159230302|0|0|0|1|3|100|1|1
4258.071427|0|2|0|425|8|0|1|255|100|10|0|148687.363074693|147893.137680105|0|0|2|1|3|100|1|1
4268.071427|0|1|0|426|8|0|2|255|50|10|0|187866.798374713|185066.097770838|0|0|1|1|3|100|1|1
4337.071427|0|2|0|433|7|0|1|255|150|10|0|189124.737204235|188286.627303179|0|0|3|1|3|100|1|1
4349.071427|0|1|0|434|9|0|2|255|0|10|0|68562.1382288727|64857.5680396773|0|0|0|1|3|100|1|1
4358.071427|0|2|0|435|8|0|1|255|100|10|0|177376.265240857|174447.114816892|0|0|2|1|3|100|1|1
4368.071427|0|1|0|436|8|0|2|255|50|10|0|126881.075440315|124516.208125755|0|0|1|1|3|100|1|1
4437.071427|0|2|0|443|7|0|1|255|150|10|0|273789.309140618|267141.446049355|0|0|3|1|3|100|1|1
4449.071427|0|1|0|444|9|0|2|255|0|10|0|200795.577249142|198782.335044542|0|0|0|1|3|100|1|1
4458.071427|0|2|0|445|8|0|1|255|100|10|0|199759.461739788|198936.360551284|0|0|2|1|3|100|1|1
4468.071427|0|1|0|446|8|0|2|255|50|10|0|179740.826242154|179256.481280238|0|0|1|1|3|100|1|1
4537.071427|0|2|0|453|7|0|1|255|150|10|0|76475.9756224551|72984.2599167877|0|0|3|1|3|100|1|1
4549.071427|0|1|0|454|9|0|2|255|0|10|0|261516.40319783|258359.544977134|0|0|0|1|3|100|1|1
4558.071427|0|2|0|455|8|0|1|255|100|10|0|125168.77590264|122372.595134902|0|0|2|1|3|100|1|1
4568.071427|0|1|0|456|8|0|2|255|50|10|0|207384.270445767|201142.49881263|0|0|1|1|3|100|1|1
4637.071427|0|2|0|463|7|0|1|255|150|10|0|196558.365431274|193275.834443531|0|0|3|1|3|100|1|1
4649.071427|0|1|0|464|9|0|2|255|0|10|0|116737.454179995|113038.005010925|0|0|0|1|3|100|1|1
4658.071427|0|2|0|465|8|0|1|255|100|10|0|153205.520277121|151669.557031667|0|0|2|1|3|100|1|1
4668.071427|0|1|0|466|8|0|2|255|50|10|0|146823.769323024|143023.103882769|0|0|1|1|3|100|1|1
4737.071427|0|2|0|473|7|0|1|255|150|10|0|293423.223381877|291552.1752815|0|0|3|1|3|100|1|1
4749.071427|0|1|0|474|9|0|2|255|0|10|0|141195.001760928|139188.834260297|0|0|0|1|3|100|1|1
4758.071427|0|2|0|475|8|0|1|255|100|10|0|284390.147611658|279961.418594313|0|0|2|1|3|100|1|1
4768.071427|0|1|0|476|8|0|2|255|50|10|0|200846.970091566|199969.382999781|0|0|1|1|3|100|1|1
4837.071427|0|2|0|483|7|0|1|255|150|10|0|105139.233279744|104581.221309688|0|0|3|1|3|100|1|1
4849.071427|0|1|0|484|9|0|2|255|0|10|0|342705.049060699|337438.743193714|0|0|0|1|3|100|1|1
4858.071427|0|2|0|485|8|0|1|255|100|10|0|113865.081254367|109264.510679401|0|0|2|1|3|100|1|1
4868.071427|0|1|0|486|8|0|2|255|50|10|0|136904.660200654|134989.132325058|0|0|1|1|3|100|1|1
4937.071427|0|2|0|493|7|0|1|255|100|10|0|196474.447417699|192717.411210606|0|0|2|1|3|100|1|1
4969.071427|0|1|0|496|9|0|2|255|150|10|0|264927.697954707|261396.541212683|0|0|3|1|3|100|1|1
5037.071427|0|2|0|503|7|0|1|255|100|10|0|250879.239521003|249439.909129678|0|0|2|1|3|100|1|1
5069.071427|0|1|0|506|9|0|2|255|150|10|0|136735.259426121|135694.846363439|0|0|3|1|3|100|1|1
5137.071427|0|2|0|513|7|0|1|255|100|10|0|77360.6629471796|75978.7178201623|0|0|2|1|3|100|1|1
5169.071427|0|1|0|516|9|0|2|255|150|10|0|140929.472942567|139699.279075622|0|0|3|1|3|100|1|1
5237.071427|0|2|0|523|7|0|1|255|100|10|0|289651.897558253|288381.902806655|0|0|2|1|3|100|1|1
5269.071427|0|1|0|526|9|0|2|255|150|10|0|232421.229475248|231744.376848529|0|0|3|1|3|100|1|1
5337.071427|0|2|0|533|7|0|1|255|100|10|0|152894.199656511|150373.999202567|0|0|2|1|3|100|1|1
5369.071427|0|1|0|536|9|0|2|255|150|10|0|128051.377631927|127503.654407021|0|0|3|1|3|100|1|1
5437.071427|0|2|0|543|7|0|1|255|100|10|0|136502.992563916|136452.849388538|0|0|2|1|3|100|1|1
5469.071427|0|1|0|546|9|0|2|255|150|10|0|152364.331279116|151445.275651293|0|0|3|1|3|100|1|1
5537.071427|0|2|0|553|7|0|1|255|100|10|0|174845.526969047|168571.565711761|0|0|2|1|3|100|1|1
5569.071427|0|1|0|556|9|0|2|255|150|10|0|310028.447712914|309145.34515237|0|0|3|1|3|100|1|1
5637.071427|0|2|0|563|7|0|1|255|100|10|0|252986.364257278|247458.328013246|0|0|2|1|3|100|1|1
5669.071427|0|1|0|566|9|0|2|255|150|10|0|108063.91550979|103702.977365589|0|0|3|1|3|100|1|1
5737.071427|0|2|0|573|7|0|1|255|100|10|0|125540.313077485|124181.244187928|0|0|2|1|3|100|1|1
5769.071427|0|1|0|576|9|0|2|255|150|10|0|135049.193853208|131056.724068484|0|0|3|1|3|100|1|1
5837.071427|0|2|0|583|7|0|1|255|100|10|0|172704.430628011|169783.494016866|0|0|2|1|3|100|1|1
5869.071427|0|1|0|586|9|0|2|255|150|10|0|287871.398020057|284953.745381463|0|0|3|1|3|100|1|1
5937.071427|0|2|0|593|7|0|1|255|100|10|0|166966.984218301|164798.987839405|0|0|2|1|3|100|1|1
5949.071427|0|1|0|594|9|0|2|255|150|10|0|150485.75943978|144816.038915737|0|0|3|1|3|100|1|1
5957.071427|0|2|0|595|7|0|1|255|0|10|0|291889.674054951|288265.625719918|0|0|0|1|3|100|1|1
5968.071427|0|1|0|596|8|0|2|255|0|10|0|129466.949197806|129100.393028198|0|0|0|1|3|100|1|1
6037.071427|0|2|0|603|7|0|1|255|100|10|0|186450.708211771|186382.816257679|0|0|2|1|3|100|1|1
6049.071427|0|1|0|604|9|0|2|255|150|10|0|221583.098073803|218100.276624607|0|0|3|1|3|100|1|1
6057.071427|0|2|0|605|7|0|1|255|0|10|0|166218.928669686|162878.191220828|0|0|0|1|3|100|1|1
6068.071427|0|1|0|606|8|0|2|255|0|10|0|196747.45543258|196356.69660442|0|0|0|1|3|100|1|1
6137.071427|0|2|0|613|7|0|1|255|150|10|0|98024.8139951143|94226.1959569181|0|0|3|1|3|100|1|1
6147.071427|0|2|0|614|7|0|1|255|0|10|0|170444.262245506|166547.71377223|0|0|0|1|3|100|1|1
6149.071427|0|1|0|614|9|0|2|255|150|10|0|127032.926477758|124956.250802409|0|0|3|1|3|100|1|1
6168.071427|0|1|0|616|8|0|2|255|0|10|0|260924.6149033|259662.701499502|0|0|0|1|3|100|1|1
6237.071427|0|2|0|623|7|0|1|255|150|10|0|214770.158040715|211980.991046605|0|0|3|1|3|100|1|1
6247.071427|0|2|0|624|7|0|1|255|0|10|0|141740.337012724|136264.605457339|0|0|0|1|3|100|1|1
6249.071427|0|1|0|624|9|0|2|255|150|10|0|194449.489257301|192153.10755278|0|0|3|1|3|100|1|1
6268.071427|0|1|0|626|8|0|2|255|0|10|0|106891.599595973|99942.2564807256|0|0|0|1|3|100|1|1
6337.071427|0|2|0|633|7|0|1|255|150|10|0|220885.001083859|216057.567082248|0|0|3|1|3|100|1|1
6347.071427|0|2|0|634|7|0|1|255|0|10|0|142498.81368479|140431.402761299|0|0|0|1|3|100|1|1
6349.071427|0|1|0|634|9|0|2|255|150|10|0|155016.064403601|153792.903614511|0|0|3|1|3|100|1|1
6368.071427|0|1|0|636|8|0|2|255|0|10|0|199587.775004168|194801.273489103|0|0|0|1|3|100|1|1
6437.071427|0|2|0|643|7|0|1|255|150|10|0|125108.632026422|122001.363352402|0|0|3|1|3|100|1|1
6447.071427|0|2|0|644|7|0|1|255|0|10|0|281247.745685991|278159.211244928|0|0|0|1|3|100|1|1
6449.071427|0|1|0|644|9|0|2|255|150|10|0|229012.436822656|227814.11418256|0|0|3|1|3|100|1|1
6468.071427|0|1|0|646|8|0|2|255|0|10|0|216152.268945787|214374.286693523|0|0|0|1|3|100|1|1
6537.071427|0|2|0|653|7|0|1|255|150|10|0|138608.624319406|138318.021957077|0|0|3|1|3|100|1|1
6547.071427|0|2|0|654|7|0|1|255|0|10|0|116672.373462373|115026.878916308|0|0|0|1|3|100|1|1
6549.071427|0|1|0|654|9|0|2|255|150|10|0|135938.446574583|132513.820829898|0|0|3|1|3|100|1|1
6568.071427|0|1|0|656|8|0|2|255|0|10|0|149289.816359442|148822.71500501|0|0|0|1|3|100|1|1
6637.071427|0|2|0|663|7|0|1|255|150|10|0|276168.361185987|273909.665790263|0|0|3|1|3|100|1|1
6647.071427|0|2|0|664|7|0|1|255|0|10|0|160735.260444142|158057.046875307|0|0|0|1|3|100|1|1
6657.071427|0|1|0|665|7|0|2|255|100|10|0|207783.541189746|205424.591330098|0|0|2|1|3|100|1|1
6668.071427|0|1|0|666|8|0|2|255|0|10|0|157330.997613438|157225.944099229|0|0|0|1|3|100|1|1
6737.071427|0|2|0|673|7|0|1|255|150|10|0|112302.677474512|109545.49990777|0|0|3|1|3|100|1|1
6747.071427|0|2|0|674|7|0|1|255|0|10|0|164756.456487025|162395.398560725|0|0|0|1|3|100|1|1
6757.071427|0|1|0|675|7|0|2|255|100|10|0|103189.451378797|99096.9994821995|0|0|2|1|3|100|1|1
6768.071427|0|1|0|676|8|0|2|255|0|10|0|263572.906254827|260600.812524302|0|0|0|1|3|100|1|1
6837.071427|0|2|0|683|7|0|1|255|150|10|0|147829.246595134|144369.628191803|0|0|3|1|3|100|1|1
6847.071427|0|2|0|684|7|0|1|255|0|10|0|233529.846992961|232692.594931927|0|0|0|1|3|100|1|1
6857.071427|0|1|0|685|7|0|2|255|100|10|0|189655.929229277|186990.028016351|0|0|2|1|3|100|1|1
6868.071427|0|1|0|686|8|0|2|255|0|10|0|97567.8181749819|97313.2183111063|0|0|0|1|3|100|1|1
6944.071427|0|2|0|694|4|0|1|255|100|10|0|152712.157790635|150151.36761275|0|0|2|1|3|100|1|1
6949.071427|0|2|0|694|9|0|1|255|150|10|0|98962.5098346265|97136.9657312884|0|0|3|1|3|100|1|1
6957.071427|0|1|0|695|7|0|2|255|100|10|0|242299.214262603|239874.892222731|0|0|2|1|3|100|1|1
6968.071427|0|1|0|696|8|0|2|255|0|10|0|176854.319393532|175839.028190905|0|0|0|1|3|100|1|1
7044.071427|0|2|0|704|4|0|1|255|100|10|0|207131.667762956|204438.204998074|0|0|2|1|3|100|1|1
7049.071427|0|2|0|704|9|0|1|255|150|10|0|244828.362000106|241451.682612732|0|0|3|1|3|100|1|1
7057.071427|0|1|0|705|7|0|2|255|100|10|0|123610.815614554|122271.760976757|0|0|2|1|3|100|1|1
7068.071427|0|1|0|706|8|0|2|255|0|10|0|211269.033732774|204373.754479399|0|0|0|1|3|100|1|1
7144.071427|0|2|0|714|4|0|1|255|100|10|0|140078.365929471|134336.581973287|0|0|2|1|3|100|1|1
7149.071427|0|2|0|714|9|0|1|255|150|10|0|210392.132387648|208736.86211573|0|0|3|1|3|100|1|1
7157.071427|0|1|0|715|7|0|2|255|100|10|0|141412.275838522|138851.105901595|0|0|2|1|3|100|1|1
7168.071427|0|1|0|716|8|0|2|255|0|10|0|177821.290841577|173402.281127368|0|0|0|1|3|100|1|1
7244.071427|0|2|0|724|4|0|1|255|100|10|0|208685.306284359|206131.981330539|0|0|2|1|3|100|1|1
7249.071427|0|2|0|724|9|0|1|255|150|10|0|95385.8448752846|92605.5842919301|0|0|3|1|3|100|1|1
7258.071427|0|1|0|725|8|0|2|255|50|10|0|295559.545167325|292698.571454885|0|0|1|1|3|100|1|1
7267.071427|0|1|0|726|7|0|2|255|100|10|0|110433.526149631|108873.959188911|0|0|2|1|3|100|1|1
7344.071427|0|2|0|734|4|0|1|255|100|10|0|123800.165204586|121610.81622369|0|0|2|1|3|100|1|1
7349.071427|0|2|0|734|9|0|1|255|150|10|0|238268.729696549|234468.837433082|0|0|3|1|3|100|1|1
7358.071427|0|1|0|735|8|0|2|255|50|10|0|173603.089153738|168946.266182615|0|0|1|1|3|100|1|1
7367.071427|0|1|0|736|7|0|2|255|100|10|0|189342.619490614|185233.522916152|0|0|2|1|3|100|1|1
7444.071427|0|2|0|744|4|0|1|255|100|10|0|226391.136007652|223260.325373105|0|0|2|1|3|100|1|1
7449.071427|0|2|0|744|9|0|1|255|150|10|0|222494.477357599|219213.265399931|0|0|3|1|3|100|1|1
7458.071427|0|1|0|745|8|0|2|255|50|10|0|101930.940238614|99450.6074230332|0|0|1|1|3|100|1|1
7467.071427|0|1|0|746|7|0|2|255|100|10|0|181417.387086625|180602.466505489|0|0|2|1|3|100|1|1
7544.071427|0|2|0|754|4|0|1|255|100|10|0|162043.701607817|157311.497833346|0|0|2|1|3|100|1|1
7549.071427|0|2|0|754|9|0|1|255|150|10|0|107812.187715338|105452.15417545|0|0|3|1|3|100|1|1
7558.071427|0|1|0|755|8|0|2|255|50|10|0|205811.455035817|204681.886474885|0|0|1|1|3|100|1|1
7567.071427|0|1|0|756|7|0|2|255|100|10|0|195062.729751692|192289.688208057|0|0|2|1|3|100|1|1
7644.071427|0|2|0|764|4|0|1|255|100|10|0|183325.380821877|181305.796104395|0|0|2|1|3|100|1|1
7649.071427|0|2|0|764|9|0|1|255|150|10|0|247318.176259569|241689.341587203|0|0|3|1|3|100|1|1
7658.071427|0|1|0|765|8|0|2|255|50|10|0|246799.006252851|243251.6904167|0|0|1|1|3|100|1|1
7667.071427|0|1|0|766|7|0|2|255|100|10|0|106507.52297956|104694.048275311|0|0|2|1|3|100|1|1
7744.071427|0|2|0|774|4|0|1|255|100|10|0|160025.767962586|154971.064788797|0|0|2|1|3|100|1|1
7749.071427|0|2|0|774|9|0|1|255|150|10|0|190328.651356295|183839.866598868|0|0|3|1|3|100|1|1
7758.071427|0|1|0|775|8|0|2|255|50|10|0|69976.0997630771|69035.2719463828|0|0|1|1|3|100|1|1
7767.071427|0|1|0|776|7|0|2|255|100|10|0|245564.527775138|241834.92131642|0|0|2|1|3|100|1|1
7844.071427|0|2|0|784|4|0|1|255|100|10|0|224678.142619081|221593.609604957|0|0|2|1|3|100|1|1
7849.071427|0|2|0|784|9|0|1|255|150|10|0|133222.170515366|128109.299613704|0|0|3|1|3|100|1|1
7858.071427|0|1|0|785|8|0|2|255|50|10|0|309576.306611524|305973.249641942|0|0|1|1|3|100|1|1
7867.071427|0|1|0|786|7|0|2|255|100|10|0|169415.847683173|165450.330159259|0|0|2|1|3|100|1|1
7944.071427|0|2|0|794|4|0|1|255|100|10|0|94465.0751706974|90852.557932771|0|0|2|1|3|100|1|1
7965.071427|0|1|0|796|5|0|2|255|150|10|0|138364.687369203|137685.134937902|0|0|3|1|3|100|1|1
8044.071427|0|2|0|804|4|0|1|255|100|10|0|286640.165389349|283691.3744043|0|0|2|1|3|100|1|1
8065.071427|0|1|0|806|5|0|2|255|150|10|0|142270.400459349|139296.522926623|0|0|3|1|3|100|1|1
8144.071427|0|2|0|814|4|0|1|255|100|10|0|188132.778150717|186777.837911001|0|0|2|1|3|100|1|1
8165.071427|0|1|0|816|5|0|2|255|150|10|0|257064.741658971|253947.66732989|0|0|3|1|3|100|1|1
8239.071427|0|2|0|823|9|0|1|255|50|10|0|181578.741865084|180739.041097865|0|0|1|1|3|100|1|1
8265.071427|0|1|0|826|5|0|2|255|150|10|0|115683.040955054|112071.647975573|0|0|3|1|3|100|1|1
8339.071427|0|2|0|833|9|0|1|255|50|10|0|113330.851484094|113202.285737048|0|0|1|1|3|100|1|1
8365.071427|0|1|0|836|5|0|2|255|150|10|0|161872.619215044|158585.396841465|0|0|3|1|3|100|1|1
8439.071427|0|2|0|843|9|0|1|255|50|10|0|200928.086571565|196611.016425383|0|0|1|1|3|100|1|1
8465.071427|0|1|0|846|5|0|2|255|150|10|0|230928.66941593|229137.187648319|0|0|3|1|3|100|1|1
8539.071427|0|2|0|853|9|0|1|255|50|10|0|204649.311491863|201603.103501273|0|0|1|1|3|100|1|1
8578.071427|0|1|0|857|8|0|2|255|100|10|0|271884.853754944|271586.029644329|0|0|2|1|3|100|1|1
8639.071427|0|2|0|863|9|0|1|255|50|10|0|156159.800940414|154915.385567107|0|0|1|1|3|100|1|1
8678.071427|0|1|0|867|8|0|2|255|100|10|0|192142.620847326|190445.970619492|0|0|2|1|3|100|1|1
8739.071427|0|2|0|873|9|0|1|255|50|10|0|155192.922347361|154479.555988257|0|0|1|1|3|100|1|1
8778.071427|0|1|0|877|8|0|2|255|100|10|0|116998.839510932|114346.640402882|0|0|2|1|3|100|1|1
8839.071427|0|2|0|883|9|0|1|255|50|10|0|253209.933711643|248878.987893925|0|0|1|1|3|100|1|1
8878.071427|0|1|0|887|8|0|2|255|100|10|0|207658.056180349|204223.214046136|0|0|2|1|3|100|1|1
8939.071427|0|2|0|893|9|0|1|255|50|10|0|98276.2532257516|94307.4109342595|0|0|1|1|3|100|1|1
8978.071427|0|1|0|897|8|0|2|255|100|10|0|236783.324351705|229069.298012009|0|0|2|1|3|100|1|1
9039.071427|0|2|0|903|9|0|1|255|50|10|0|244735.700140552|243313.877029008|0|0|1|1|3|100|1|1
9078.071427|0|1|0|907|8|0|2|255|100|10|0|103630.83810757|99368.1252439043|0|0|2|1|3|100|1|1
9139.071427|0|2|0|913|9|0|1|255|50|10|0|207380.502877299|207042.002956758|0|0|1|1|3|100|1|1
9178.071427|0|1|0|917|8|0|2|255|100|10|0|240693.854385636|237919.937933361|0|0|2|1|3|100|1|1
9239.071427|0|2|0|923|9|0|1|255|50|10|0|106217.265332917|101960.797456808|0|0|1|1|3|100|1|1
9278.071427|0|1|0|927|8|0|2|255|100|10|0|229677.235048488|226170.057927054|0|0|2|1|3|100|1|1
9339.071427|0|2|0|933|9|0|1|255|0|10|0|310396.38914676|305887.263315429|0|0|0|1|3|100|1|1
9357.071427|0|2|0|935|7|0|1|255|0|10|0|106105.363754564|105278.642701573|0|0|0|1|3|100|1|1
9358.071427|0|1|0|935|8|0|2|255|100|10|0|141951.915884124|140661.29591393|0|0|2|1|3|100|1|1
9377.071427|0|1|0|937|7|0|2|255|50|10|0|107789.204461805|106535.818270086|0|0|1|1|3|100|1|1
9439.071427|0|2|0|943|9|0|1|255|0|10|0|185341.75328749|183939.157113487|0|0|0|1|3|100|1|1
9457.071427|0|2|0|945|7|0|1|255|0|10|0|224300.470409224|218052.454176968|0|0|0|1|3|100|1|1
9458.071427|0|1|0|945|8|0|2|255|100|10|0|231378.077288556|226691.766081126|0|0|2|1|3|100|1|1
9477.071427|0|1|0|947|7|0|2|255|50|10|0|222573.149591633|217559.378801173|0|0|1|1|3|100|1|1
9539.071427|0|2|0|953|9|0|1|255|0|10|0|111282.492454186|108101.013041399|0|0|0|1|3|100|1|1
9557.071427|0|2|0|955|7|0|1|255|0|10|0|155737.625458608|151128.135483047|0|0|0|1|3|100|1|1
9558.071427|0|1|0|955|8|0|2|255|100|10|0|184369.621583648|182891.928576|0|0|2|1|3|100|1|1
9577.071427|0|1|0|957|7|0|2|255|50|10|0|250752.648271757|249880.709957208|0|0|1|1|3|100|1|1
9639.071427|0|2|0|963|9|0|1|255|0|10|0|241032.444104589|237459.170817259|0|0|0|1|3|100|1|1
9657.071427|0|2|0|965|7|0|1|255|0|10|0|159303.339812726|158670.146784006|0|0|0|1|3|100|1|1
9658.071427|0|1|0|965|8|0|2|255|100|10|0|136217.687496812|136193.194139195|0|0|2|1|3|100|1|1
9677.071427|0|1|0|967|7|0|2|255|50|10|0|83533.6695081253|81918.3728435349|0|0|1|1|3|100|1|1
9739.071427|0|2|0|973|9|0|1|255|0|10|0|192385.252438275|187456.516850195|0|0|0|1|3|100|1|1
9757.071427|0|2|0|975|7|0|1|255|0|10|0|174436.352071506|171342.580044975|0|0|0|1|3|100|1|1
9758.071427|0|1|0|975|8|0|2|255|100|10|0|160809.043129218|157008.265782354|0|0|2|1|3|100|1|1
9777.071427|0|1|0|977|7|0|2|255|50|10|0|273947.967440223|272206.907579484|0|0|1|1|3|100|1|1
9839.071427|0|2|0|983|9|0|1|255|0|10|0|92027.4987947448|88793.0297578936|0|0|0|1|3|100|1|1
9857.071427|0|2|0|985|7|0|1|255|0|10|0|233396.480286908|228415.423965283|0|0|0|1|3|100|1|1
9858.071427|0|1|0|985|8|0|2|255|100|10|0|230305.210792286|225570.329099355|0|0|2|1|3|100|1|1
9877.071427|0|1|0|987|7|0|2|255|50|10|0|155475.215457306|155210.188311813|0|0|1|1|3|100|1|1
9939.071427|0|2|0|993|9|0|1|255|0|10|0|240070.006339014|239496.465563906|0|0|0|1|3|100|1|1
9957.071427|0|2|0|995|7|0|1|255|0|10|0|104980.38081493|104548.874624008|0|0|0|1|3|100|1|1
9958.071427|0|1|0|995|8|0|2|255|100|10|0|94371.7701795642|92242.9889183278|0|0|2|1|3|100|1|1
9977.071427|0|1|0|997|7|0|2|255|50|10|0|116668.377054777|114597.52069462|0|0|1|1|3|100|1|1
10039.071427|0|2|0|1003|9|0|1|255|0|10|0|224616.435331324|223931.701477193|0|0|0|1|3|100|1|1
10057.071427|0|2|0|1005|7|0|1|255|0|10|0|183013.694203968|182570.626612514|0|0|0|1|3|100|1|1
10058.071427|0|1|0|1005|8|0|2|255|100|10|0|257775.893117305|253163.682091921|0|0|2|1|3|100|1|1
10077.071427|0|1|0|1007|7|0|2|255|50|10|0|219278.056459539|212592.280839348|0|0|1|1|3|100|1|1
10139.071427|0|2|0|1013|9|0|1|255|0|10|0|115085.965817151|113411.074253557|0|0|0|1|3|100|1|1
10157.071427|0|2|0|1015|7|0|1|255|0|10|0|239816.38094553|236220.658761604|0|0|0|1|3|100|1|1
10158.071427|0|1|0|1015|8|0|2|255|100|10|0|197666.968428636|194203.63929966|0|0|2|1|3|100|1|1
10177.071427|0|1|0|1017|7|0|2|255|50|10|0|236669.393174884|231839.529535474|0|0|1|1|3|100|1|1
10239.071427|0|2|0|1023|9|0|1|255|0|10|0|189384.380399932|188664.725021053|0|0|0|1|3|100|1|1
10257.071427|0|2|0|1025|7|0|1|255|0|10|0|98868.2894872297|98499.0109530986|0|0|0|1|3|100|1|1
10258.071427|0|1|0|1025|8|0|2|255|100|10|0|134940.073905848|131544.550281691|0|0|2|1|3|100|1|1
10277.071427|0|1|0|1027|7|0|2|255|50|10|0|129845.083112052|128758.31051044|0|0|1|1|3|100|1|1
10339.071427|0|2|0|1033|9|0|1|255|0|10|0|158938.176376812|158420.217654623|0|0|0|1|3|100|1|1
10349.071427|0|1|0|1034|9|0|2|255|50|10|0|91573.2880970947|89395.3514042911|0|0|1|1|3|100|1|1
10357.071427|0|2|0|1035|7|0|1|255|0|10|0|187784.748631393|184344.30490634|0|0|0|1|3|100|1|1
10364.071427|0|1|0|1036|4|0|2|255|50|10|0|159159.606039325|157299.531868108|0|0|1|1|3|100|1|1
10439.071427|0|2|0|1043|9|0|1|255|0|10|0|178903.203235029|178017.324590924|0|0|0|1|3|100|1|1
10449.071427|0|1|0|1044|9|0|2|255|50|10|0|245401.205339833|245232.119847591|0|0|1|1|3|100|1|1
10457.071427|0|2|0|1045|7|0|1|255|0|10|0|294721.846257918|294469.927894451|0|0|0|1|3|100|1|1
10464.071427|0|1|0|1046|4|0|2|255|50|10|0|162030.090318921|161151.494650425|0|0|1|1|3|100|1|1
10539.071427|0|2|0|1053|9|0|1|255|0|10|0|202089.862198439|197305.96789045|0|0|0|1|3|100|1|1
10549.071427|0|1|0|1054|9|0|2|255|50|10|0|198690.505571637|196559.663092581|0|0|1|1|3|100|1|1
10557.071427|0|2|0|1055|7|0|1|255|0|10|0|66506.4559274649|63788.0068549539|0|0|0|1|3|100|1|1
10564.071427|0|1|0|1056|4|0|2|255|50|10|0|155140.364456472|150226.379808927|0|0|1|1|3|100|1|1
10645.071427|0|2|0|1064|5|0|1|255|150|10|0|297733.414151415|293967.747885595|0|0|3|1|3|100|1|1
10648.071427|0|2|0|1064|8|0|1|255|150|10|0|172687.363719223|170021.490758437|0|0|3|1|3|100|1|1
10649.071427|0|1|0|1064|9|0|2|255|50|10|0|93659.3481967683|90912.2033537497|0|0|1|1|3|100|1|1
10664.071427|0|1|0|1066|4|0|2|255|50|10|0|218087.439980614|216005.711464199|0|0|1|1|3|100|1|1
10745.071427|0|2|0|1074|5|0|1|255|150|10|0|76841.0782836307|72956.2534701644|0|0|3|1|3|100|1|1
10748.071427|0|2|0|1074|8|0|1|255|150|10|0|136494.862698618|132947.209326503|0|0|3|1|3|100|1|1
10749.071427|0|1|0|1074|9|0|2|255|50|10|0|198935.253999651|197701.648020732|0|0|1|1|3|100|1|1
10764.071427|0|1|0|1076|4|0|2|255|50|10|0|155623.949661694|153877.814374201|0|0|1|1|3|100|1|1
10845.071427|0|2|0|1084|5|0|1|255|150|10|0|205393.462255351|202562.915056025|0|0|3|1|3|100|1|1
10848.071427|0|2|0|1084|8|0|1|255|150|10|0|282623.717154075|274223.226522321|0|0|3|1|3|100|1|1
10849.071427|0|1|0|1084|9|0|2|255|50|10|0|238772.380726964|236458.549497596|0|0|1|1|3|100|1|1
10864.071427|0|1|0|1086|4|0|2|255|50|10|0|139814.310029543|135695.926836018|0|0|1|1|3|100|1|1
10945.071427|0|2|0|1094|5|0|1|255|150|10|0|287324.541775418|285874.577403217|0|0|3|1|3|100|1|1
10948.071427|0|2|0|1094|8|0|1|255|150|10|0|127786.007947832|125964.699091799|0|0|3|1|3|100|1|1
10957.071427|0|1|0|1095|7|0|2|255|50|10|0|155539.054406411|154164.940562774|0|0|1|1|3|100|1|1
10969.071427|0|1|0|1096|9|0|2|255|150|10|0|277913.879071784|270738.849148808|0|0|3|1|3|100|1|1
11045.071427|0|2|0|1104|5|0|1|255|150|10|0|75250.2847183384|74051.6989116951|0|0|3|1|3|100|1|1
11048.071427|0|2|0|1104|8|0|1|255|150|10|0|127557.994028232|125853.500746548|0|0|3|1|3|100|1|1
11057.071427|0|1|0|1105|7|0|2|255|50|10|0|355041.081656135|351901.130184079|0|0|1|1|3|100|1|1
11069.071427|0|1|0|1106|9|0|2|255|150|10|0|81975.5844636316|80818.5518728995|0|0|3|1|3|100|1|1
11145.071427|0|2|0|1114|5|0|1|255|150|10|0|176432.67398483|173251.18081724|0|0|3|1|3|100|1|1
11148.071427|0|2|0|1114|8|0|1|255|150|10|0|210991.300264715|208712.548236077|0|0|3|1|3|100|1|1
11157.071427|0|1|0|1115|7|0|2|255|50|10|0|84887.7610352671|80688.4461317596|0|0|1|1|3|100|1|1
11169.071427|0|1|0|1116|9|0|2|255|150|10|0|169880.198651845|169561.778007752|0|0|3|1|3|100|1|1
11245.071427|0|2|0|1124|5|0|1|255|150|10|0|281927.085988975|280765.302450521|0|0|3|1|3|100|1|1
11248.071427|0|2|0|1124|8|0|1|255|150|10|0|209576.16968461|206577.120891805|0|0|3|1|3|100|1|1
11257.071427|0|1|0|1125|7|0|2|255|50|10|0|143783.916533138|141373.380987213|0|0|1|1|3|100|1|1
11269.071427|0|1|0|1126|9|0|2|255|150|10|0|281704.001144443|277689.147828632|0|0|3|1|3|100|1|1
11345.071427|0|2|0|1134|5|0|1|255|150|10|0|129657.845229523|128943.65941903|0|0|3|1|3|100|1|1
11348.071427|0|2|0|1134|8|0|1|255|150|10|0|155080.501742205|154946.237594467|0|0|3|1|3|100|1|1
11357.071427|0|1|0|1135|7|0|2|255|50|10|0|252009.078497841|250173.256124457|0|0|1|1|3|100|1|1
11369.071427|0|1|0|1136|9|0|2|255|150|10|0|77949.7403260515|77151.1667351527|0|0|3|1|3|100|1|1
11445.071427|0|2|0|1144|5|0|1|255|150|10|0|160704.009000758|157973.218544451|0|0|3|1|3|100|1|1
11448.071427|0|2|0|1144|8|0|1|255|150|10|0|138258.531357769|137793.968842812|0|0|3|1|3|100|1|1
11457.071427|0|1|0|1145|7|0|2|255|50|10|0|166996.63104539|162407.159023683|0|0|1|1|3|100|1|1
11469.071427|0|1|0|1146|9|0|2|255|150|10|0|263164.906078817|260240.458450756|0|0|3|1|3|100|1|1
11538.071427|0|2|0|1153|8|0|1|255|100|10|0|129121.755469006|127442.612470202|0|0|2|1|3|100|1|1
11548.071427|0|2|0|1154|8|0|1|255|50|10|0|146991.967698232|146820.805697358|0|0|1|1|3|100|1|1
11557.071427|0|1|0|1155|7|0|2|255|50|10|0|108630.354131692|108602.45385037|0|0|1|1|3|100|1|1
11569.071427|0|1|0|1156|9|0|2|255|150|10|0|204505.364004105|203441.833763959|0|0|3|1|3|100|1|1
11638.071427|0|2|0|1163|8|0|1|255|100|10|0|266237.785615197|260014.310799657|0|0|2|1|3|100|1|1
11648.071427|0|2|0|1164|8|0|1|255|50|10|0|173576.251607144|168026.937634089|0|0|1|1|3|100|1|1
11658.071427|0|1|0|1165|8|0|2|255|100|10|0|257090.396832161|253153.123384768|0|0|2|1|3|100|1|1
11677.071427|0|1|0|1167|7|0|2|255|150|10|0|132586.229649255|131604.288202446|0|0|3|1|3|100|1|1
11738.071427|0|2|0|1173|8|0|1|255|100|10|0|141848.394647685|139690.367850207|0|0|2|1|3|100|1|1
11748.071427|0|2|0|1174|8|0|1|255|50|10|0|180112.253711415|171871.995387768|0|0|1|1|3|100|1|1
11758.071427|0|1|0|1175|8|0|2|255|100|10|0|144195.816950434|139846.157169607|0|0|2|1|3|100|1|1
11777.071427|0|1|0|1177|7|0|2|255|150|10|0|264799.757038247|260586.489846333|0|0|3|1|3|100|1|1
11838.071427|0|2|0|1183|8|0|1|255|100|10|0|88296.2259947307|88062.4289961706|0|0|2|1|3|100|1|1
11848.071427|0|2|0|1184|8|0|1|255|50|10|0|207985.20373782|206018.659190469|0|0|1|1|3|100|1|1
11858.071427|0|1|0|1185|8|0|2|255|100|10|0|176592.60496906|175919.917799504|0|0|2|1|3|100|1|1
11877.071427|0|1|0|1187|7|0|2|255|150|10|0|151587.33444959|150654.465463764|0|0|3|1|3|100|1|1
11938.071427|0|2|0|1193|8|0|1|255|100|10|0|347019.097360274|340806.232975959|0|0|2|1|3|100|1|1
11948.071427|0|2|0|1194|8|0|1|255|50|10|0|163812.471441906|163077.407816338|0|0|1|1|3|100|1|1
11958.071427|0|1|0|1195|8|0|2|255|100|10|0|140992.749146705|140024.558273293|0|0|2|1|3|100|1|1
11977.071427|0|1|0|1197|7|0|2|255|150|10|0|113405.425416039|107857.303927239|0|0|3|1|3|100|1|1
12038.071427|0|2|0|1203|8|0|1|255|100|10|0|147249.35470624|143145.287287885|0|0|2|1|3|100|1|1
12048.071427|0|2|0|1204|8|0|1|255|50|10|0|144697.684211394|143285.807803115|0|0|1|1|3|100|1|1
12058.071427|0|1|0|1205|8|0|2|255|100|10|0|210013.27543334|205443.991745106|0|0|2|1|3|100|1|1
12077.071427|0|1|0|1207|7|0|2|255|150|10|0|306112.314689655|303765.485287913|0|0|3|1|3|100|1|1
12138.071427|0|2|0|1213|8|0|1|255|100|10|0|116300.297587856|115988.480167326|0|0|2|1|3|100|1|1
12148.071427|0|2|0|1214|8|0|1|255|50|10|0|243993.472177643|243136.977018179|0|0|1|1|3|100|1|1
12158.071427|0|1|0|1215|8|0|2|255|100|10|0|126555.11434388|125269.811248553|0|0|2|1|3|100|1|1
12177.071427|0|1|0|1217|7|0|2|255|150|10|0|149303.441731239|149030.573988775|0|0|3|1|3|100|1|1
12238.071427|0|2|0|1223|8|0|1|255|100|10|0|258615.149772714|255895.648464006|0|0|2|1|3|100|1|1
12248.071427|0|2|0|1224|8|0|1|255|50|10|0|121773.244130687|118006.253938426|0|0|1|1|3|100|1|1
12258.071427|0|1|0|1225|8|0|2|255|100|10|0|226213.09807416|225851.282678134|0|0|2|1|3|100|1|1
12277.071427|0|1|0|1227|7|0|2|255|150|10|0|112308.96477045|110247.478410656|0|0|3|1|3|100|1|1
12338.071427|0|2|0|1233|8|0|1|255|100|10|0|193664.675815747|191794.743354817|0|0|2|1|3|100|1|1
12348.071427|0|2|0|1234|8|0|1|255|50|10|0|191912.279502323|188741.023948769|0|0|1|1|3|100|1|1
12358.071427|0|1|0|1235|8|0|2|255|100|10|0|158386.953707486|158113.514234879|0|0|2|1|3|100|1|1
12377.071427|0|1|0|1237|7|0|2|255|150|10|0|293399.352164768|291559.504232178|0|0|3|1|3|100|1|1
12438.071427|0|2|0|1243|8|0|1|255|100|10|0|62579.4750702882|58700.1762930639|0|0|2|1|3|100|1|1
12448.071427|0|2|0|1244|8|0|1|255|50|10|0|259727.647119143|256448.224144587|0|0|1|1|3|100|1|1
12458.071427|0|1|0|1245|8|0|2|255|100|10|0|185100.274398005|180232.627576404|0|0|2|1|3|100|1|1
12477.071427|0|1|0|1247|7|0|2|255|150|10|0|126900.505772179|126420.488208488|0|0|3|1|3|100|1|1
12538.071427|0|2|0|1253|8|0|1|255|100|10|0|334404.616515012|329100.581571996|0|0|2|1|3|100|1|1
12548.071427|0|2|0|1254|8|0|1|255|50|10|0|146262.387081154|140709.846900788|0|0|1|1|3|100|1|1
12558.071427|0|1|0|1255|8|0|2|255|100|10|0|131342.955476168|125254.504517121|0|0|2|1|3|100|1|1
12577.071427|0|1|0|1257|7|0|2|255|150|10|0|120063.240360549|116565.489408556|0|0|3|1|3|100|1|1
12638.071427|0|2|0|1263|8|0|1|255|100|10|0|180306.134594248|179900.779956203|0|0|2|1|3|100|1|1
12648.071427|0|2|0|1264|8|0|1|255|50|10|0|122338.589021067|119802.159698565|0|0|1|1|3|100|1|1
12658.071427|0|1|0|1265|8|0|2|255|100|10|0|271817.523008713|271559.680195226|0|0|2|1|3|100|1|1
12677.071427|0|1|0|1267|7|0|2|255|150|10|0|247993.625383267|244504.60351449|0|0|3|1|3|100|1|1
12738.071427|0|2|0|1273|8|0|1|255|100|10|0|109460.641516259|109119.075303149|0|0|2|1|3|100|1|1
12748.071427|0|2|0|1274|8|0|1|255|50|10|0|281248.85673607|279107.761272283|0|0|1|1|3|100|1|1
12758.071427|0|1|0|1275|8|0|2|255|100|10|0|131863.935494289|131637.893017988|0|0|2|1|3|100|1|1
12777.071427|0|1|0|1277|7|0|2|255|150|10|0|213847.193203384|212075.608902917|0|0|3|1|3|100|1|1
12838.071427|0|2|0|1283|8|0|1|255|100|10|0|197125.688627919|194583.084499583|0|0|2|1|3|100|1|1
12848.071427|0|2|0|1284|8|0|1|255|50|10|0|138546.953350527|136659.369704495|0|0|1|1|3|100|1|1
12858.071427|0|1|0|1285|8|0|2|255|100|10|0|166715.227416494|163106.359487891|0|0|2|1|3|100|1|1
12877.071427|0|1|0|1287|7|0|2|255|150|10|0|97244.2939183535|94149.6701737892|0|0|3|1|3|100|1|1
12946.071427|0|2|0|1294|6|0|1|255|50|10|0|84574.2697452231|82928.7057169742|0|0|1|1|3|100|1|1
12957.071427|0|2|0|1295|7|0|1|255|150|10|0|186244.094107467|180795.87489154|0|0|3|1|3|100|1|1
12958.071427|0|1|0|1295|8|0|2|255|100|10|0|244312.879279278|239693.464889131|0|0|2|1|3|100|1|1
12977.071427|0|1|0|1297|7|0|2|255|150|10|0|202211.567950503|198738.361013375|0|0|3|1|3|100|1|1
13046.071427|0|2|0|1304|6|0|1|255|50|10|0|230733.43257807|227351.047987873|0|0|1|1|3|100|1|1
13077.071427|0|1|0|1307|7|0|2|255|50|10|0|196180.885032032|191229.662916025|0|0|1|1|3|100|1|1
13146.071427|0|2|0|1314|6|0|1|255|50|10|0|244846.312674377|239244.118699942|0|0|1|1|3|100|1|1
13177.071427|0|1|0|1317|7|0|2|255|50|10|0|148432.696772557|143562.351214317|0|0|1|1|3|100|1|1
13246.071427|0|2|0|1324|6|0|1|255|50|10|0|110774.026238777|108922.138778211|0|0|1|1|3|100|1|1
13277.071427|0|1|0|1327|7|0|2|255|50|10|0|165708.266216581|165421.315438147|0|0|1|1|3|100|1|1
13346.071427|0|2|0|1334|6|0|1|255|50|10|0|212577.052791377|205055.602344034|0|0|1|1|3|100|1|1
13377.071427|0|1|0|1337|7|0|2|255|50|10|0|209451.832219752|208307.820477711|0|0|1|1|3|100|1|1
13446.071427|0|2|0|1344|6|0|1|255|50|10|0|217808.808846297|212714.119918733|0|0|1|1|3|100|1|1
13477.071427|0|1|0|1347|7|0|2|255|50|10|0|176889.476180619|172784.806190743|0|0|1|1|3|100|1|1
13546.071427|0|2|0|1354|6|0|1|255|50|10|0|130945.232175902|127092.154494272|0|0|1|1|3|100|1|1
13577.071427|0|1|0|1357|7|0|2|255|50|10|0|125392.097400863|123710.966093283|0|0|1|1|3|100|1|1
13646.071427|0|2|0|1364|6|0|1|255|50|10|0|215419.797446665|213781.138311466|0|0|1|1|3|100|1|1
13677.071427|0|1|0|1367|7|0|2|255|50|10|0|208964.495108625|208684.911556238|0|0|1|1|3|100|1|1
13746.071427|0|2|0|1374|6|0|1|255|50|10|0|209224.67473822|208740.736723334|0|0|1|1|3|100|1|1
13777.071427|0|1|0|1377|7|0|2|255|50|10|0|180119.808774447|179841.799616935|0|0|1|1|3|100|1|1
13846.071427|0|2|0|1384|6|0|1|255|50|10|0|98986.3696259355|94697.6713114447|0|0|1|1|3|100|1|1
13877.071427|0|1|0|1387|7|0|2|255|50|10|0|150646.135056637|145798.75518083|0|0|1|1|3|100|1|1
13946.071427|0|2|0|1394|6|0|1|255|50|10|0|240820.350683908|235169.204102935|0|0|1|1|3|100|1|1
13957.071427|0|2|0|1395|7|0|1|255|150|10|0|231699.710561039|229439.91979255|0|0|3|1|3|100|1|1
13958.071427|0|1|0|1395|8|0|2|255|0|10|0|151710.261707686|148016.788520677|0|0|0|1|3|100|1|1
13969.071427|0|1|0|1396|9|0|2|255|0|10|0|148423.532923757|142282.704231218|0|0|0|1|3|100|1|1
14046.071427|0|2|0|1404|6|0|1|255|50|10|0|157029.688491907|156205.10256626|0|0|1|1|3|100|1|1
14057.071427|0|2|0|1405|7|0|1|255|150|10|0|129352.440635411|126915.94795893|0|0|3|1|3|100|1|1
14058.071427|0|1|0|1405|8|0|2|255|0|10|0|133877.877214034|130654.33311655|0|0|0|1|3|100|1|1
14069.071427|0|1|0|1406|9|0|2|255|0|10|0|311180.004380093|304170.277622858|0|0|0|1|3|100|1|1
14145.071427|0|2|0|1414|5|0|1|255|0|10|0|144818.693767318|139404.73362897|0|0|0|1|3|100|1|1
14169.071427|0|1|0|1416|9|0|2|255|0|10|0|115172.669828759|113530.019238017|0|0|0|1|3|100|1|1
14245.071427|0|2|0|1424|5|0|1|255|0|10|0|158119.852078222|155745.50119295|0|0|0|1|3|100|1|1
14269.071427|0|1|0|1426|9|0|2|255|0|10|0|168096.774979635|166132.571768937|0|0|0|1|3|100|1|1
14345.071427|0|2|0|1434|5|0|1|255|0|10|0|190219.136032536|189972.469406739|0|0|0|1|3|100|1|1
14369.071427|0|1|0|1436|9|0|2|255|0|10|0|177057.739986648|175125.450618402|0|0|0|1|3|100|1|1
14445.071427|0|2|0|1444|5|0|1|255|0|10|0|159969.055813056|157640.713456906|0|0|0|1|3|100|1|1
14469.071427|0|1|0|1446|9|0|2|255|0|10|0|176113.915676496|175577.680743389|0|0|0|1|3|100|1|1
14545.071427|0|2|0|1454|5|0|1|255|0|10|0|169624.170062736|169356.629102369|0|0|0|1|3|100|1|1
14558.071427|0|2|0|1455|8|0|1|255|150|10|0|155894.292481981|152482.54699819|0|0|3|1|3|100|1|1
14564.071427|0|1|0|1456|4|0|2|255|0|10|0|95662.4607490874|95523.4827496027|0|0|0|1|3|100|1|1
14567.071427|0|1|0|1456|7|0|2|255|150|10|0|86725.7994489213|86347.5409305864|0|0|3|1|3|100|1|1
14645.071427|0|2|0|1464|5|0|1|255|0|10|0|173602.033884862|171485.225359538|0|0|0|1|3|100|1|1
14658.071427|0|2|0|1465|8|0|1|255|150|10|0|230695.310424292|229475.1049919|0|0|3|1|3|100|1|1
14664.071427|0|1|0|1466|4|0|2|255|0|10|0|168530.88674158|163433.157274503|0|0|0|1|3|100|1|1
14667.071427|0|1|0|1466|7|0|2|255|150|10|0|264525.84572438|259388.56948999|0|0|3|1|3|100|1|1
14745.071427|0|2|0|1474|5|0|1|255|0|10|0|203336.628226251|202477.664579185|0|0|0|1|3|100|1|1
14758.071427|0|2|0|1475|8|0|1|255|150|10|0|110753.123897617|109864.766412561|0|0|3|1|3|100|1|1
14764.071427|0|1|0|1476|4|0|2|255|0|10|0|301836.166013405|300121.926623021|0|0|0|1|3|100|1|1
14767.071427|0|1|0|1476|7|0|2|255|150|10|0|185543.892525118|180174.643409205|0|0|3|1|3|100|1|1
14845.071427|0|2|0|1484|5|0|1|255|0|10|0|125433.753204513|123705.837794722|0|0|0|1|3|100|1|1
14858.071427|0|2|0|1485|8|0|1|255|150|10|0|194930.225414788|194433.538568745|0|0|3|1|3|100|1|1
14864.071427|0|1|0|1486|4|0|2|255|0|10|0|101271.412060142|100766.598151246|0|0|0|1|3|100|1|1
14867.071427|0|1|0|1486|7|0|2|255|150|10|0|137659.38039419|137305.848001419|0|0|3|1|3|100|1|1
14945.071427|0|2|0|1494|5|0|1|255|0|10|0|168397.63140675|161271.911517982|0|0|0|1|3|100|1|1
14958.071427|0|2|0|1495|8|0|1|255|150|10|0|174617.474971337|173568.610859747|0|0|3|1|3|100|1|1
14964.071427|0|1|0|1496|4|0|2|255|0|10|0|150319.494089607|146801.112816621|0|0|0|1|3|100|1|1
14967.071427|0|1|0|1496|7|0|2|255|150|10|0|155009.043781897|153686.929984035|0|0|3|1|3|100|1|1
15045.071427|0|2|0|1504|5|0|1|255|0|10|0|229389.43525163|225303.945552659|0|0|0|1|3|100|1|1
15058.071427|0|2|0|1505|8|0|1|255|150|10|0|169183.148471151|168308.174835647|0|0|3|1|3|100|1|1
15064.071427|0|1|0|1506|4|0|2|255|0|10|0|279065.7286568|277973.588489852|0|0|0|1|3|100|1|1
15067.071427|0|1|0|1506|7|0|2|255|150|10|0|224043.587020375|219131.515857768|0|0|3|1|3|100|1|1
15139.071427|0|2|0|1513|9|0|1|255|150|10|0|239044.486336738|237236.637254553|0|0|3|1|3|100|1|1
15157.071427|0|2|0|1515|7|0|1|255|100|10|0|213052.048720724|209865.668113493|0|0|2|1|3|100|1|1
15164.071427|0|1|0|1516|4|0|2|255|0|10|0|99434.3939048757|99122.6494390446|0|0|0|1|3|100|1|1
15167.071427|0|1|0|1516|7|0|2|255|150|10|0|116847.489742685|116395.418193365|0|0|3|1|3|100|1|1
15239.071427|0|2|0|1523|9|0|1|255|150|10|0|75331.3431182124|71779.4067767316|0|0|3|1|3|100|1|1
15257.071427|0|2|0|1525|7|0|1|255|100|10|0|169098.297947782|167236.069184251|0|0|2|1|3|100|1|1
15264.071427|0|1|0|1526|4|0|2|255|0|10|0|163727.932021024|160025.834871918|0|0|0|1|3|100|1|1
15267.071427|0|1|0|1526|7|0|2|255|150|10|0|232934.825138339|231412.734689762|0|0|3|1|3|100|1|1
15339.071427|0|2|0|1533|9|0|1|255|150|10|0|270028.611834635|266431.79839423|0|0|3|1|3|100|1|1
15357.071427|0|2|0|1535|7|0|1|255|100|10|0|128022.929864505|127634.028704979|0|0|2|1|3|100|1|1
15364.071427|0|1|0|1536|4|0|2|255|0|10|0|233949.18354823|230297.808290671|0|0|0|1|3|100|1|1
15367.071427|0|1|0|1536|7|0|2|255|150|10|0|134636.97832829|134312.805831693|0|0|3|1|3|100|1|1
15439.071427|0|2|0|1543|9|0|1|255|150|10|0|183580.034416009|182191.009085035|0|0|3|1|3|100|1|1
15457.071427|0|2|0|1545|7|0|1|255|100|10|0|210076.87131708|205427.620022508|0|0|2|1|3|100|1|1
15464.071427|0|1|0|1546|4|0|2|255|0|10|0|178537.213528811|177919.206035215|0|0|0|1|3|100|1|1
15467.071427|0|1|0|1546|7|0|2|255|150|10|0|209532.871152312|205108.478379908|0|0|3|1|3|100|1|1
15539.071427|0|2|0|1553|9|0|1|255|150|10|0|123732.484912252|119865.477552068|0|0|3|1|3|100|1|1
15557.071427|0|2|0|1555|7|0|1|255|100|10|0|260830.621387505|255092.293465612|0|0|2|1|3|100|1|1
15564.071427|0|1|0|1556|4|0|2|255|0|10|0|100674.71165351|100179.936147483|0|0|0|1|3|100|1|1
15567.071427|0|1|0|1556|7|0|2|255|150|10|0|122170.569582065|119176.328326021|0|0|3|1|3|100|1|1
15639.071427|0|2|0|1563|9|0|1|255|150|10|0|177314.355127899|175186.258649412|0|0|3|1|3|100|1|1
15657.071427|0|2|0|1565|7|0|1|255|100|10|0|82193.6705344584|82001.4140914522|0|0|2|1|3|100|1|1
15664.071427|0|1|0|1566|4|0|2|255|0|10|0|225415.638695567|222908.920030898|0|0|0|1|3|100|1|1
15667.071427|0|1|0|1566|7|0|2|255|150|10|0|224870.570364805|222860.684099455|0|0|3|1|3|100|1|1
15739.071427|0|2|0|1573|9|0|1|255|150|10|0|192380.077187741|191247.433396554|0|0|3|1|3|100|1|1
15757.071427|0|2|0|1575|7|0|1|255|100|10|0|188350.882700305|187428.408838473|0|0|2|1|3|100|1|1
15764.071427|0|1|0|1576|4|0|2|255|0|10|0|192339.332149644|185333.142578625|0|0|0|1|3|100|1|1
15767.071427|0|1|0|1576|7|0|2|255|150|10|0|167641.034808934|165758.66515211|0|0|3|1|3|100|1|1
15839.071427|0|2|0|1583|9|0|1|255|150|10|0|148050.439249594|146524.359546302|0|0|3|1|3|100|1|1
15857.071427|0|2|0|1585|7|0|1|255|100|10|0|267592.629228241|264808.171480265|0|0|2|1|3|100|1|1
15864.071427|0|1|0|1586|4|0|2|255|0|10|0|138148.742903011|135816.743215176|0|0|0|1|3|100|1|1
15867.071427|0|1|0|1586|7|0|2|255|150|10|0|158447.154243341|151155.661772743|0|0|3|1|3|100|1|1
15939.071427|0|2|0|1593|9|0|1|255|150|10|0|186919.214454058|185439.521063082|0|0|3|1|3|100|1|1
15957.071427|0|2|0|1595|7|0|1|255|100|10|0|99688.3551126125|98850.2468111491|0|0|2|1|3|100|1|1
15964.071427|0|1|0|1596|4|0|2|255|0|10|0|162152.896880142|162086.793147106|0|0|0|1|3|100|1|1
15967.071427|0|1|0|1596|7|0|2|255|150|10|0|211952.863164923|207081.109586478|0|0|3|1|3|100|1|1
16039.071427|0|2|0|1603|9|0|1|255|150|10|0|186030.80906024|184279.078972297|0|0|3|1|3|100|1|1
16057.071427|0|2|0|1605|7|0|1|255|100|10|0|217276.683950272|214377.568924515|0|0|2|1|3|100|1|1
16059.071427|0|1|0|1605|9|0|2|255|150|10|0|230577.826335051|226642.47453829|0|0|3|1|3|100|1|1
16068.071427|0|1|0|1606|8|0|2|255|100|10|0|192096.115290892|190419.559798577|0|0|2|1|3|100|1|1
16139.071427|0|2|0|1613|9|0|1|255|150|10|0|153000.643979885|152718.077959274|0|0|3|1|3|100|1|1
16157.071427|0|2|0|1615|7|0|1|255|100|10|0|224344.963468101|217773.298278027|0|0|2|1|3|100|1|1
16159.071427|0|1|0|1615|9|0|2|255|150|10|0|222415.576667062|216561.837560983|0|0|3|1|3|100|1|1
16168.071427|0|1|0|1616|8|0|2|255|100|10|0|70176.5411524807|66585.0154744881|0|0|2|1|3|100|1|1
16239.071427|0|2|0|1623|9|0|1|255|150|10|0|126121.118455065|123150.031771836|0|0|3|1|3|100|1|1
16257.071427|0|2|0|1625|7|0|1|255|100|10|0|118153.188283103|116344.080932679|0|0|2|1|3|100|1|1
16259.071427|0|1|0|1625|9|0|2|255|150|10|0|112315.414376157|110721.605472834|0|0|3|1|3|100|1|1
16268.071427|0|1|0|1626|8|0|2|255|100|10|0|298527.65758593|295776.924735819|0|0|2|1|3|100|1|1
16346.071427|0|2|0|1634|6|0|1|255|100|10|0|170764.878102227|165900.076988178|0|0|2|1|3|100|1|1
16357.071427|0|2|0|1635|7|0|1|255|150|10|0|156151.168193923|156016.61645821|0|0|3|1|3|100|1|1
16359.071427|0|1|0|1635|9|0|2|255|150|10|0|189731.517542779|188429.863525867|0|0|3|1|3|100|1|1
16368.071427|0|1|0|1636|8|0|2|255|100|10|0|171608.307787784|168301.562642899|0|0|2|1|3|100|1|1
16446.071427|0|2|0|1644|6|0|1|255|100|10|0|111868.300104523|111579.366230653|0|0|2|1|3|100|1|1
16457.071427|0|2|0|1645|7|0|1|255|150|10|0|251836.064780773|251489.836743105|0|0|3|1|3|100|1|1
16459.071427|0|1|0|1645|9|0|2|255|150|10|0|199917.822381565|198342.534539033|0|0|3|1|3|100|1|1
16468.071427|0|1|0|1646|8|0|2|255|100|10|0|94216.5988963732|90930.4911182299|0|0|2|1|3|100|1|1
16546.071427|0|2|0|1654|6|0|1|255|100|10|0|293481.020969083|291415.752405474|0|0|2|1|3|100|1|1
16557.071427|0|2|0|1655|7|0|1|255|150|10|0|115277.077754046|114945.565685805|0|0|3|1|3|100|1|1
16559.071427|0|1|0|1655|9|0|2|255|150|10|0|141090.872520916|140226.517777734|0|0|3|1|3|100|1|1
16568.071427|0|1|0|1656|8|0|2|255|100|10|0|244820.725041695|244650.099920326|0|0|2|1|3|100|1|1
16646.071427|0|2|0|1664|6|0|1|255|100|10|0|119830.830511565|117226.63131767|0|0|2|1|3|100|1|1
16657.071427|0|2|0|1665|7|0|1|255|150|10|0|189871.150075662|185251.14491617|0|0|3|1|3|100|1|1
16659.071427|0|1|0|1665|9|0|2|255|150|10|0|197557.027464131|195088.89240361|0|0|3|1|3|100|1|1
16668.071427|0|1|0|1666|8|0|2|255|100|10|0|257254.223737838|256503.274427875|0|0|2|1|3|100|1|1
16746.071427|0|2|0|1674|6|0|1|255|100|10|0|156964.265271812|156270.950481991|0|0|2|1|3|100|1|1
16757.071427|0|2|0|1675|7|0|1|255|150|10|0|207901.112035316|204683.821480503|0|0|3|1|3|100|1|1
16759.071427|0|1|0|1675|9|0|2|255|150|10|0|161517.551677023|156071.34004151|0|0|3|1|3|100|1|1
16768.071427|0|1|0|1676|8|0|2|255|100|10|0|61327.2631774335|60559.6449041267|0|0|2|1|3|100|1|1
16846.071427|0|2|0|1684|6|0|1|255|100|10|0|155110.235894511|153503.802452728|0|0|2|1|3|100|1|1
16857.071427|0|2|0|1685|7|0|1|255|150|10|0|179640.078708764|175792.404771125|0|0|3|1|3|100|1|1
16859.071427|0|1|0|1685|9|0|2|255|150|10|0|202035.525584373|200762.961798839|0|0|3|1|3|100|1|1
16868.071427|0|1|0|1686|8|0|2|255|100|10|0|266275.973085869|265221.796057459|0|0|2|1|3|100|1|1
16946.071427|0|2|0|1694|6|0|1|255|100|10|0|263168.96850421|262454.984852048|0|0|2|1|3|100|1|1
16957.071427|0|2|0|1695|7|0|1|255|150|10|0|155231.573464663|150357.953087396|0|0|3|1|3|100|1|1
16959.071427|0|1|0|1695|9|0|2|255|150|10|0|137198.813950285|132009.903790763|0|0|3|1|3|100|1|1
16968.071427|0|1|0|1696|8|0|2|255|100|10|0|160636.085458164|157701.584185901|0|0|2|1|3|100|1|1
17046.071427|0|2|0|1704|6|0|1|255|100|10|0|105669.54492424|103255.874992683|0|0|2|1|3|100|1|1
17057.071427|0|2|0|1705|7|0|1|255|150|10|0|185124.759275361|183000.814095712|0|0|3|1|3|100|1|1
17059.071427|0|1|0|1705|9|0|2|255|150|10|0|181622.961530301|181101.4622126|0|0|3|1|3|100|1|1
17068.071427|0|1|0|1706|8|0|2|255|100|10|0|137247.51179827|136247.034439699|0|0|2|1|3|100|1|1
17146.071427|0|2|0|1714|6|0|1|255|100|10|0|169290.452578032|162067.656655686|0|0|2|1|3|100|1|1
17157.071427|0|2|0|1715|7|0|1|255|150|10|0|165322.730256858|161389.936396524|0|0|3|1|3|100|1|1
17159.071427|0|1|0|1715|9|0|2|255|150|10|0|196966.138795011|195221.687633943|0|0|3|1|3|100|1|1
17168.071427|0|1|0|1716|8|0|2|255|100|10|0|209084.542882839|206146.061031157|0|0|2|1|3|100|1|1
17246.071427|0|2|0|1724|6|0|1|255|100|10|0|220993.193950154|218226.77873674|0|0|2|1|3|100|1|1
17257.071427|0|2|0|1725|7|0|1|255|150|10|0|171716.685975932|168957.20614264|0|0|3|1|3|100|1|1
17259.071427|0|1|0|1725|9|0|2|255|150|10|0|153454.289406256|149334.003822251|0|0|3|1|3|100|1|1
17268.071427|0|1|0|1726|8|0|2|255|100|10|0|207205.557383395|200813.445990896|0|0|2|1|3|100|1|1
17346.071427|0|2|0|1734|6|0|1|255|100|10|0|159429.409774694|159336.608277419|0|0|2|1|3|100|1|1
17357.071427|0|2|0|1735|7|0|1|255|150|10|0|195804.95006143|193958.556796739|0|0|3|1|3|100|1|1
17359.071427|0|1|0|1735|9|0|2|255|150|10|0|189404.303441239|185478.99141034|0|0|3|1|3|100|1|1
17368.071427|0|1|0|1736|8|0|2|255|100|10|0|119570.943448825|118127.570051474|0|0|2|1|3|100|1|1
17446.071427|0|2|0|1744|6|0|1|255|100|10|0|102492.73940977|99288.2265432503|0|0|2|1|3|100|1|1
17457.071427|0|2|0|1745|7|0|1|255|150|10|0|169924.688270416|164710.203950276|0|0|3|1|3|100|1|1
17459.071427|0|1|0|1745|9|0|2|255|150|10|0|201209.435180527|195954.654125743|0|0|3|1|3|100|1|1
17468.071427|0|1|0|1746|8|0|2|255|100|10|0|185964.715010851|184328.338386646|0|0|2|1|3|100|1|1
17546.071427|0|2|0|1754|6|0|1|255|100|10|0|282928.333024901|279934.918587151|0|0|2|1|3|100|1|1
17557.071427|0|2|0|1755|7|0|1|255|150|10|0|150943.988560364|147696.7498708|0|0|3|1|3|100|1|1
17558.071427|0|1|0|1755|8|0|2|255|150|10|0|133260.882962669|129401.207092461|0|0|3|1|3|100|1|1
17568.071427|0|1|0|1756|8|0|2|255|0|10|0|193884.086487605|193710.538963121|0|0|0|1|3|100|1|1
17646.071427|0|2|0|1764|6|0|1|255|100|10|0|180347.614154965|179195.278713696|0|0|2|1|3|100|1|1
17657.071427|0|2|0|1765|7|0|1|255|150|10|0|126579.291494538|126400.248752088|0|0|3|1|3|100|1|1
17658.071427|0|1|0|1765|8|0|2|255|150|10|0|150594.572348661|150094.472587094|0|0|3|1|3|100|1|1
17668.071427|0|1|0|1766|8|0|2|255|0|10|0|150741.399265221|147786.889021105|0|0|0|1|3|100|1|1
17738.071427|0|2|0|1773|8|0|1|255|50|10|0|125076.526738769|124534.427727147|0|0|1|1|3|100|1|1
17757.071427|0|2|0|1775|7|0|1|255|0|10|0|270372.491743743|266254.4861511|0|0|0|1|3|100|1|1
17758.071427|0|1|0|1775|8|0|2|255|150|10|0|313964.283624119|312887.028302697|0|0|3|1|3|100|1|1
17768.071427|0|1|0|1776|8|0|2|255|0|10|0|113046.201943603|112360.512688282|0|0|0|1|3|100|1|1
17838.071427|0|2|0|1783|8|0|1|255|50|10|0|157238.638388487|157099.800060133|0|0|1|1|3|100|1|1
17857.071427|0|2|0|1785|7|0|1|255|0|10|0|100140.434151646|95219.5551988732|0|0|0|1|3|100|1|1
17858.071427|0|1|0|1785|8|0|2|255|150|10|0|88354.9631553468|85993.776641608|0|0|3|1|3|100|1|1
17868.071427|0|1|0|1786|8|0|2|255|0|10|0|284573.993882768|281582.278786238|0|0|0|1|3|100|1|1
17938.071427|0|2|0|1793|8|0|1|255|50|10|0|283967.377424803|279978.497903054|0|0|1|1|3|100|1|1
17957.071427|0|2|0|1795|7|0|1|255|0|10|0|235741.666594201|232714.538057814|0|0|0|1|3|100|1|1
17958.071427|0|1|0|1795|8|0|2|255|150|10|0|168828.849690847|168363.823560615|0|0|3|1|3|100|1|1
17968.071427|0|1|0|1796|8|0|2|255|0|10|0|178588.509677731|176888.218361159|0|0|0|1|3|100|1|1
18038.071427|0|2|0|1803|8|0|1|255|50|10|0|82190.9951489318|78101.4239946207|0|0|1|1|3|100|1|1
18057.071427|0|2|0|1805|7|0|1|255|0|10|0|176024.568445767|173436.489356423|0|0|0|1|3|100|1|1
18058.071427|0|1|0|1805|8|0|2|255|150|10|0|253600.854230526|253087.694900703|0|0|3|1|3|100|1|1
18068.071427|0|1|0|1806|8|0|2|255|0|10|0|77967.9637607259|74216.6294504021|0|0|0|1|3|100|1|1
18138.071427|0|2|0|1813|8|0|1|255|50|10|0|170214.171402521|167967.432272703|0|0|1|1|3|100|1|1
18157.071427|0|2|0|1815|7|0|1|255|0|10|0|137669.533990775|137404.02865703|0|0|0|1|3|100|1|1
18158.071427|0|1|0|1815|8|0|2|255|150|10|0|128956.497081088|128669.530161924|0|0|3|1|3|100|1|1
18168.071427|0|1|0|1816|8|0|2|255|0|10|0|249222.508559145|243428.637230997|0|0|0|1|3|100|1|1
18238.071427|0|2|0|1823|8|0|1|255|50|10|0|265378.076745157|262140.997509477|0|0|1|1|3|100|1|1
18257.071427|0|2|0|1825|7|0|1|255|0|10|0|184110.366351332|178925.941025432|0|0|0|1|3|100|1|1
18258.071427|0|1|0|1825|8|0|2|255|150|10|0|139331.198205117|134434.693798129|0|0|3|1|3|100|1|1
18268.071427|0|1|0|1826|8|0|2|255|0|10|0|224019.721584936|222644.804456895|0|0|0|1|3|100|1|1
18338.071427|0|2|0|1833|8|0|1|255|50|10|0|148657.446835746|145329.003727294|0|0|1|1|3|100|1|1
18349.071427|0|1|0|1834|9|0|2|255|150|10|0|161966.163137685|161670.352916228|0|0|3|1|3|100|1|1
18357.071427|0|2|0|1835|7|0|1|255|0|10|0|309378.771913149|305925.760234493|0|0|0|1|3|100|1|1
18369.071427|0|1|0|1836|9|0|2|255|50|10|0|67907.4265700317|65245.4287031989|0|0|1|1|3|100|1|1
18438.071427|0|2|0|1843|8|0|1|255|50|10|0|121666.195635014|120623.28591051|0|0|1|1|3|100|1|1
18449.071427|0|1|0|1844|9|0|2|255|150|10|0|218596.844469315|217941.399353119|0|0|3|1|3|100|1|1
18457.071427|0|2|0|1845|7|0|1|255|0|10|0|71323.5315258393|68819.8461152532|0|0|0|1|3|100|1|1
18469.071427|0|1|0|1846|9|0|2|255|50|10|0|319034.298894763|318329.039316232|0|0|1|1|3|100|1|1
18538.071427|0|2|0|1853|8|0|1|255|50|10|0|188824.13196912|184937.148708911|0|0|1|1|3|100|1|1
18549.071427|0|1|0|1854|9|0|2|255|150|10|0|132591.11331409|129238.674232152|0|0|3|1|3|100|1|1
18557.071427|0|2|0|1855|7|0|1|255|0|10|0|231711.914350234|230750.547699902|0|0|0|1|3|100|1|1
18569.071427|0|1|0|1856|9|0|2|255|50|10|0|190534.646488194|189791.434642704|0|0|1|1|3|100|1|1
18637.071427|0|2|0|1863|7|0|1|255|100|10|0|164044.064934368|160998.157787909|0|0|2|1|3|100|1|1
18646.071427|0|2|0|1864|6|0|1|255|150|10|0|72813.0551103131|72078.064342576|0|0|3|1|3|100|1|1
18649.071427|0|1|0|1864|9|0|2|255|150|10|0|171260.352684516|168968.525873939|0|0|3|1|3|100|1|1
18669.071427|0|1|0|1866|9|0|2|255|50|10|0|74821.2285699985|70966.5660151257|0|0|1|1|3|100|1|1
18737.071427|0|2|0|1873|7|0|1|255|100|10|0|125231.360066681|121972.249089572|0|0|2|1|3|100|1|1
18746.071427|0|2|0|1874|6|0|1|255|150|10|0|319698.744486592|314055.190018077|0|0|3|1|3|100|1|1
18749.071427|0|1|0|1874|9|0|2|255|150|10|0|240196.85904599|239133.694703023|0|0|3|1|3|100|1|1
18769.071427|0|1|0|1876|9|0|2|255|50|10|0|270906.052365121|266278.476415966|0|0|1|1|3|100|1|1
18837.071427|0|2|0|1883|7|0|1|255|100|10|0|176193.227551542|171378.602766746|0|0|2|1|3|100|1|1
18846.071427|0|2|0|1884|6|0|1|255|150|10|0|168791.476743924|164852.102563988|0|0|3|1|3|100|1|1
18857.071427|0|1|0|1885|7|0|2|255|50|10|0|152161.601875548|145623.357492696|0|0|1|1|3|100|1|1
18867.071427|0|1|0|1886|7|0|2|255|100|10|0|300612.701655887|297099.45751179|0|0|2|1|3|100|1|1
18937.071427|0|2|0|1893|7|0|1|255|100|10|0|206090.746998684|204902.054859567|0|0|2|1|3|100|1|1
18946.071427|0|2|0|1894|6|0|1|255|150|10|0|107975.178469416|107816.766294446|0|0|3|1|3|100|1|1
18957.071427|0|1|0|1895|7|0|2|255|50|10|0|294623.861482237|294322.584176967|0|0|1|1|3|100|1|1
18967.071427|0|1|0|1896|7|0|2|255|100|10|0|102059.330412923|99766.4852157036|0|0|2|1|3|100|1|1
19037.071427|0|2|0|1903|7|0|1|255|100|10|0|181629.136745824|180780.463683041|0|0|2|1|3|100|1|1
19046.071427|0|2|0|1904|6|0|1|255|150|10|0|193254.784068531|190703.897227401|0|0|3|1|3|100|1|1
19057.071427|0|1|0|1905|7|0|2|255|50|10|0|98326.5600503573|97143.2478447574|0|0|1|1|3|100|1|1
19067.071427|0|1|0|1906|7|0|2|255|100|10|0|147429.991672977|147341.327093631|0|0|2|1|3|100|1|1
19144.071427|0|2|0|1914|4|0|1|255|50|10|0|281088.802464497|276162.364916706|0|0|1|1|3|100|1|1
19167.071427|0|1|0|1916|7|0|2|255|100|10|0|268757.442188808|261495.157299552|0|0|2|1|3|100|1|1
19244.071427|0|2|0|1924|4|0|1|255|50|10|0|116371.828538756|115851.987559635|0|0|1|1|3|100|1|1
19267.071427|0|1|0|1926|7|0|2|255|100|10|0|145292.541505679|140611.877848617|0|0|2|1|3|100|1|1
19344.071427|0|2|0|1934|4|0|1|255|50|10|0|139233.934921283|135201.590664252|0|0|1|1|3|100|1|1
19367.071427|0|1|0|1936|7|0|2|255|100|10|0|204223.717141769|200676.123353619|0|0|2|1|3|100|1|1
19444.071427|0|2|0|1944|4|0|1|255|50|10|0|225615.947146376|222266.582100613|0|0|1|1|3|100|1|1
19467.071427|0|1|0|1946|7|0|2|255|100|10|0|220097.247168538|215431.438329858|0|0|2|1|3|100|1|1
19544.071427|0|2|0|1954|4|0|1|255|50|10|0|167406.547527679|162871.255497902|0|0|1|1|3|100|1|1
19567.071427|0|1|0|1956|7|0|2|255|100|10|0|130982.223334799|129714.084231424|0|0|2|1|3|100|1|1
19644.071427|0|2|0|1964|4|0|1|255|50|10|0|154030.64297714|151600.561549305|0|0|1|1|3|100|1|1
19667.071427|0|1|0|1966|7|0|2|255|100|10|0|139726.101427597|138409.337049615|0|0|2|1|3|100|1|1
19744.071427|0|2|0|1974|4|0|1|255|50|10|0|206814.460252128|205785.618989651|0|0|1|1|3|100|1|1
19757.071427|0|2|0|1975|7|0|1|255|150|10|0|162335.694041466|158595.245869795|0|0|3|1|3|100|1|1
19765.071427|0|1|0|1976|5|0|2|255|0|10|0|311541.520284943|310984.737441334|0|0|0|1|3|100|1|1
19777.071427|0|1|0|1977|7|0|2|255|0|10|0|99866.6503356717|96379.3993809093|0|0|0|1|3|100|1|1
19844.071427|0|2|0|1984|4|0|1|255|50|10|0|139847.514026537|138674.484912888|0|0|1|1|3|100|1|1
19857.071427|0|2|0|1985|7|0|1|255|150|10|0|128680.293593878|128514.979509824|0|0|3|1|3|100|1|1
19865.071427|0|1|0|1986|5|0|2|255|0|10|0|148626.85395992|147014.553230988|0|0|0|1|3|100|1|1
19877.071427|0|1|0|1987|7|0|2|255|0|10|0|190596.60495447|185218.085650154|0|0|0|1|3|100|1|1
19944.071427|0|2|0|1994|4|0|1|255|50|10|0|159060.612631042|156886.360886501|0|0|1|1|3|100|1|1
19957.071427|0|2|0|1995|7|0|1|255|150|10|0|290209.875241521|287201.944812819|0|0|3|1|3|100|1|1
19965.071427|0|1|0|1996|5|0|2|255|0|10|0|102622.477735664|97820.326295605|0|0|0|1|3|100|1|1
19977.071427|0|1|0|1997|7|0|2|255|0|10|0|222965.065188893|221681.719651938|0|0|0|1|3|100|1|1
20044.071427|0|2|0|2004|4|0|1|255|50|10|0|175508.793856528|173640.472740071|0|0|1|1|3|100|1|1
20057.071427|0|2|0|2005|7|0|1|255|150|10|0|124846.863481077|123545.014329173|0|0|3|1|3|100|1|1
20065.071427|0|1|0|2006|5|0|2|255|0|10|0|240426.589185458|236317.250276608|0|0|0|1|3|100|1|1
20077.071427|0|1|0|2007|7|0|2|255|0|10|0|129230.737681106|127341.330088169|0|0|0|1|3|100|1|1
20144.071427|0|2|0|2014|4|0|1|255|50|10|0|245570.352104835|245164.460952578|0|0|1|1|3|100|1|1
20157.071427|0|2|0|2015|7|0|1|255|150|10|0|131438.195790543|127789.977749467|0|0|3|1|3|100|1|1
20165.071427|0|1|0|2016|5|0|2|255|0|10|0|229335.742429252|226680.757904046|0|0|0|1|3|100|1|1
20177.071427|0|1|0|2017|7|0|2|255|0|10|0|168452.743311439|167799.970757151|0|0|0|1|3|100|1|1
20244.071427|0|2|0|2024|4|0|1|255|50|10|0|100129.118474642|99567.2808663297|0|0|1|1|3|100|1|1
20257.071427|0|2|0|2025|7|0|1|255|150|10|0|201316.295070753|197312.587085038|0|0|3|1|3|100|1|1
20265.071427|0|1|0|2026|5|0|2|255|0|10|0|85527.4534429375|82979.4198896154|0|0|0|1|3|100|1|1
20277.071427|0|1|0|2027|7|0|2|255|0|10|0|265937.807855407|260310.432090698|0|0|0|1|3|100|1|1
20344.071427|0|2|0|2034|4|0|1|255|50|10|0|177421.869524215|173064.377495838|0|0|1|1|3|100|1|1
20357.071427|0|2|0|2035|7|0|1|255|150|10|0|215057.641489468|214695.507399234|0|0|3|1|3|100|1|1
20365.071427|0|1|0|2036|5|0|2|255|0|10|0|232403.543980285|231028.750967041|0|0|0|1|3|100|1|1
20377.071427|0|1|0|2037|7|0|2|255|0|10|0|117638.537667438|114825.120735692|0|0|0|1|3|100|1|1
20437.071427|0|2|0|2043|7|0|1|255|50|10|0|354805.75840122|352615.507667103|0|0|1|1|3|100|1|1
20445.071427|0|2|0|2044|5|0|1|255|150|10|0|245446.715156673|244140.881613847|0|0|3|1|3|100|1|1
20465.071427|0|1|0|2046|5|0|2|255|0|10|0|139768.802534204|139614.126977064|0|0|0|1|3|100|1|1
20477.071427|0|1|0|2047|7|0|2|255|0|10|0|133833.714591567|133503.767785865|0|0|0|1|3|100|1|1
20537.071427|0|2|0|2053|7|0|1|255|50|10|0|164672.514272192|160226.235240724|0|0|1|1|3|100|1|1
20545.071427|0|2|0|2054|5|0|1|255|150|10|0|130561.136327659|127975.982745468|0|0|3|1|3|100|1|1
20565.071427|0|1|0|2056|5|0|2|255|0|10|0|193798.337084073|191876.596910274|0|0|0|1|3|100|1|1
20577.071427|0|1|0|2057|7|0|2|255|0|10|0|219139.51786185|215930.863887823|0|0|0|1|3|100|1|1
20637.071427|0|2|0|2063|7|0|1|255|50|10|0|108545.249311011|107630.569610159|0|0|1|1|3|100|1|1
20645.071427|0|2|0|2064|5|0|1|255|150|10|0|163259.371483409|161625.657336089|0|0|3|1|3|100|1|1
20665.071427|0|1|0|2066|5|0|2|255|0|10|0|143953.163354276|143854.968403943|0|0|0|1|3|100|1|1
20677.071427|0|1|0|2067|7|0|2|255|0|10|0|200166.295300493|197094.236314712|0|0|0|1|3|100|1|1
20737.071427|0|2|0|2073|7|0|1|255|50|10|0|185587.255521306|185329.202534417|0|0|1|1|3|100|1|1
20745.071427|0|2|0|2074|5|0|1|255|150|10|0|258170.057287728|252645.708616586|0|0|3|1|3|100|1|1
20765.071427|0|1|0|2076|5|0|2|255|0|10|0|238523.73297102|235844.410406069|0|0|0|1|3|100|1|1
20777.071427|0|1|0|2077|7|0|2|255|0|10|0|146352.423523364|143675.646591376|0|0|0|1|3|100|1|1
20837.071427|0|2|0|2083|7|0|1|255|50|10|0|236943.180211671|235383.518519148|0|0|1|1|3|100|1|1
20845.071427|0|2|0|2084|5|0|1|255|150|10|0|92357.5834408961|89043.5514161039|0|0|3|1|3|100|1|1
20865.071427|0|1|0|2086|5|0|2|255|0|10|0|115378.738572121|115172.098076201|0|0|0|1|3|100|1|1
20877.071427|0|1|0|2087|7|0|2|255|0|10|0|137403.018698884|131890.268778003|0|0|0|1|3|100|1|1
20937.071427|0|2|0|2093|7|0|1|255|50|10|0|101359.932175882|99390.2922321065|0|0|1|1|3|100|1|1
20945.071427|0|2|0|2094|5|0|1|255|150|10|0|222951.067135488|219607.448056499|0|0|3|1|3|100|1|1
20949.071427|0|1|0|2094|9|0|2|255|100|10|0|308262.568483494|307334.239648068|0|0|2|1|3|100|1|1
20977.071427|0|1|0|2097|7|0|2|255|0|10|0|257992.347029228|253782.353052182|0|0|0|1|3|100|1|1
21037.071427|0|2|0|2103|7|0|1|255|50|10|0|238264.902606662|233145.963108319|0|0|1|1|3|100|1|1
21045.071427|0|2|0|2104|5|0|1|255|150|10|0|258622.350325625|257658.607865564|0|0|3|1|3|100|1|1
21049.071427|0|1|0|2104|9|0|2|255|100|10|0|113928.829029698|109222.857270612|0|0|2|1|3|100|1|1
21077.071427|0|1|0|2107|7|0|2|255|0|10|0|105184.502953672|104547.889886515|0|0|0|1|3|100|1|1
21137.071427|0|2|0|2113|7|0|1|255|50|10|0|152983.489402478|152047.673936077|0|0|1|1|3|100|1|1
21145.071427|0|2|0|2114|5|0|1|255|150|10|0|120640.308921955|116791.207668572|0|0|3|1|3|100|1|1
21149.071427|0|1|0|2114|9|0|2|255|100|10|0|150061.135562473|147429.218231802|0|0|2|1|3|100|1|1
21177.071427|0|1|0|2117|7|0|2|255|0|10|0|182831.792491652|182479.828292947|0|0|0|1|3|100|1|1
21237.071427|0|2|0|2123|7|0|1|255|50|10|0|150010.918617308|147142.239960736|0|0|1|1|3|100|1|1
21245.071427|0|2|0|2124|5|0|1|255|150|10|0|129047.96976169|126811.177381588|0|0|3|1|3|100|1|1
21249.071427|0|1|0|2124|9|0|2|255|100|10|0|213790.678227054|213305.354048447|0|0|2|1|3|100|1|1
21277.071427|0|1|0|2127|7|0|2|255|0|10|0|239804.723814149|237860.260335309|0|0|0|1|3|100|1|1
21338.071427|0|2|0|2133|8|0|1|255|0|10|0|154468.244771764|150837.268558661|0|0|0|1|3|100|1|1
21348.071427|0|2|0|2134|8|0|1|255|150|10|0|233174.468351775|230604.540071003|0|0|3|1|3|100|1|1
21349.071427|0|1|0|2134|9|0|2|255|100|10|0|195516.351690569|191678.75535619|0|0|2|1|3|100|1|1
21377.071427|0|1|0|2137|7|0|2|255|0|10|0|151481.354991701|149030.628888416|0|0|0|1|3|100|1|1
21438.071427|0|2|0|2143|8|0|1|255|0|10|0|234694.414582131|232878.350568197|0|0|0|1|3|100|1|1
21448.071427|0|2|0|2144|8|0|1|255|150|10|0|89372.8244750077|89121.1996869536|0|0|3|1|3|100|1|1
21449.071427|0|1|0|2144|9|0|2|255|0|10|0|140858.247088857|138570.203311862|0|0|0|1|3|100|1|1
21469.071427|0|1|0|2146|9|0|2|255|150|10|0|162716.461535336|162253.059647918|0|0|3|1|3|100|1|1
21538.071427|0|2|0|2153|8|0|1|255|0|10|0|133375.546197124|130300.463760654|0|0|0|1|3|100|1|1
21548.071427|0|2|0|2154|8|0|1|255|150|10|0|229478.783696642|223391.465823567|0|0|3|1|3|100|1|1
21549.071427|0|1|0|2154|9|0|2|255|0|10|0|150924.50963287|150413.250032783|0|0|0|1|3|100|1|1
21569.071427|0|1|0|2156|9|0|2|255|150|10|0|182514.033265489|176760.25671815|0|0|3|1|3|100|1|1
21638.071427|0|2|0|2163|8|0|1|255|0|10|0|144845.939138595|140165.277851402|0|0|0|1|3|100|1|1
21648.071427|0|2|0|2164|8|0|1|255|150|10|0|168142.066403598|163963.637937855|0|0|3|1|3|100|1|1
21649.071427|0|1|0|2164|9|0|2|255|0|10|0|204900.859688328|204363.720604141|0|0|0|1|3|100|1|1
21669.071427|0|1|0|2166|9|0|2|255|150|10|0|235434.332052896|228988.856089674|0|0|3|1|3|100|1|1
21738.071427|0|2|0|2173|8|0|1|255|0|10|0|247184.930652581|246274.180815962|0|0|0|1|3|100|1|1
21748.071427|0|2|0|2174|8|0|1|255|150|10|0|152682.758090943|151093.262427695|0|0|3|1|3|100|1|1
21749.071427|0|1|0|2174|9|0|2|255|0|10|0|158308.507303886|155570.102136064|0|0|0|1|3|100|1|1
21769.071427|0|1|0|2176|9|0|2|255|150|10|0|138609.536756467|137127.895760779|0|0|3|1|3|100|1|1
21838.071427|0|2|0|2183|8|0|1|255|0|10|0|178499.789460921|177257.525582618|0|0|0|1|3|100|1|1
21848.071427|0|2|0|2184|8|0|1|255|150|10|0|155380.921549123|151718.999660247|0|0|3|1|3|100|1|1
21849.071427|0|1|0|2184|9|0|2|255|0|10|0|139199.721630825|136372.101537326|0|0|0|1|3|100|1|1
21869.071427|0|1|0|2186|9|0|2|255|150|10|0|150442.475202921|149958.733452445|0|0|3|1|3|100|1|1
21938.071427|0|2|0|2193|8|0|1|255|0|10|0|81847.1944292864|78285.5671014925|0|0|0|1|3|100|1|1
21948.071427|0|2|0|2194|8|0|1|255|150|10|0|230777.786252022|227712.565913713|0|0|3|1|3|100|1|1
21949.071427|0|1|0|2194|9|0|2|255|0|10|0|286523.554288338|280626.314989979|0|0|0|1|3|100|1|1
21969.071427|0|1|0|2196|9|0|2|255|150|10|0|246112.262092388|239099.100256714|0|0|3|1|3|100|1|1
22038.071427|0|2|0|2203|8|0|1|255|0|10|0|354132.992023748|350325.099402685|0|0|0|1|3|100|1|1
22048.071427|0|2|0|2204|8|0|1|255|150|10|0|168932.889375237|168278.72206478|0|0|3|1|3|100|1|1
22049.071427|0|1|0|2204|9|0|2|255|0|10|0|128381.366107365|127721.304882409|0|0|0|1|3|100|1|1
22069.071427|0|1|0|2206|9|0|2|255|150|10|0|136040.859571113|131500.636867646|0|0|3|1|3|100|1|1
22138.071427|0|2|0|2213|8|0|1|255|0|10|0|103594.930706497|102217.70592658|0|0|0|1|3|100|1|1
22148.071427|0|2|0|2214|8|0|1|255|150|10|0|106100.383523433|102045.974079117|0|0|3|1|3|100|1|1
22149.071427|0|1|0|2214|9|0|2|255|0|10|0|122708.505461908|122410.475441875|0|0|0|1|3|100|1|1
22169.071427|0|1|0|2216|9|0|2|255|150|10|0|209380.846858205|207832.623922803|0|0|3|1|3|100|1|1
22237.071427|0|2|0|2223|7|0|1|255|0|10|0|100817.683851011|100722.913720568|0|0|0|1|3|100|1|1
22249.071427|0|1|0|2224|9|0|2|255|0|10|0|267281.455073724|262218.232809651|0|0|0|1|3|100|1|1
22257.071427|0|2|0|2225|7|0|1|255|50|10|0|167391.360053413|164812.292616793|0|0|1|1|3|100|1|1
22269.071427|0|1|0|2226|9|0|2|255|150|10|0|157792.292093595|154966.049226597|0|0|3|1|3|100|1|1
22337.071427|0|2|0|2233|7|0|1|255|0|10|0|248065.944759958|244691.82933416|0|0|0|1|3|100|1|1
22349.071427|0|1|0|2234|9|0|2|255|0|10|0|143989.960531364|140585.780418231|0|0|0|1|3|100|1|1
22357.071427|0|2|0|2235|7|0|1|255|50|10|0|169072.910196689|167547.691827987|0|0|1|1|3|100|1|1
22369.071427|0|1|0|2236|9|0|2|255|150|10|0|188396.986359725|188154.78246058|0|0|3|1|3|100|1|1
22437.071427|0|2|0|2243|7|0|1|255|0|10|0|286337.476919006|283091.135562333|0|0|0|1|3|100|1|1
22449.071427|0|1|0|2244|9|0|2|255|0|10|0|189523.538055808|185671.790643546|0|0|0|1|3|100|1|1
22457.071427|0|2|0|2245|7|0|1|255|50|10|0|150272.510312591|146257.933856115|0|0|1|1|3|100|1|1
22469.071427|0|1|0|2246|9|0|2|255|150|10|0|121993.719289069|119656.434739806|0|0|3|1|3|100|1|1
22537.071427|0|2|0|2253|7|0|1|255|0|10|0|41281.134687737|40605.403653265|0|0|0|1|3|100|1|1
22557.071427|0|2|0|2255|7|0|1|255|50|10|0|223917.351439383|221322.343626536|0|0|1|1|3|100|1|1
22558.071427|0|1|0|2255|8|0|2|255|100|10|0|186462.044819902|186178.250998669|0|0|2|1|3|100|1|1
22569.071427|0|1|0|2256|9|0|2|255|100|10|0|191515.892365832|188379.220099482|0|0|2|1|3|100|1|1
22637.071427|0|2|0|2263|7|0|1|255|0|10|0|264448.632831646|260654.58917426|0|0|0|1|3|100|1|1
22657.071427|0|2|0|2265|7|0|1|255|50|10|0|105622.531964202|102138.824555159|0|0|1|1|3|100|1|1
22658.071427|0|1|0|2265|8|0|2|255|100|10|0|83237.8877084925|82937.6274239387|0|0|2|1|3|100|1|1
22669.071427|0|1|0|2266|9|0|2|255|100|10|0|170252.126436531|169667.131120064|0|0|2|1|3|100|1|1
22737.071427|0|2|0|2273|7|0|1|255|0|10|0|210364.285792448|205951.055789541|0|0|0|1|3|100|1|1
22757.071427|0|2|0|2275|7|0|1|255|50|10|0|230193.947531572|229192.252356188|0|0|1|1|3|100|1|1
22758.071427|0|1|0|2275|8|0|2|255|100|10|0|242144.343726982|237606.981844772|0|0|2|1|3|100|1|1
22769.071427|0|1|0|2276|9|0|2|255|100|10|0|144449.525585012|143453.465110639|0|0|2|1|3|100|1|1
22838.071427|0|2|0|2283|8|0|1|255|150|10|0|94013.9451414279|93410.8348720703|0|0|3|1|3|100|1|1
22849.071427|0|2|0|2284|9|0|1|255|50|10|0|319263.510457536|314812.666696147|0|0|1|1|3|100|1|1
22858.071427|0|1|0|2285|8|0|2|255|100|10|0|211271.275513308|209260.050647918|0|0|2|1|3|100|1|1
22869.071427|0|1|0|2286|9|0|2|255|100|10|0|156891.535628497|154135.840025188|0|0|2|1|3|100|1|1
22938.071427|0|2|0|2293|8|0|1|255|150|10|0|215110.686211522|213549.525307938|0|0|3|1|3|100|1|1
22949.071427|0|2|0|2294|9|0|1|255|50|10|0|127162.938286862|125065.832320642|0|0|1|1|3|100|1|1
22958.071427|0|1|0|2295|8|0|2|255|100|10|0|119311.390867321|116699.870451637|0|0|2|1|3|100|1|1
22969.071427|0|1|0|2296|9|0|2|255|100|10|0|249239.943732578|247506.446203647|0|0|2|1|3|100|1|1
23038.071427|0|2|0|2303|8|0|1|255|150|10|0|227842.540976932|224965.163732711|0|0|3|1|3|100|1|1
23049.071427|0|2|0|2304|9|0|1|255|50|10|0|131356.128701457|126963.739022325|0|0|1|1|3|100|1|1
23058.071427|0|1|0|2305|8|0|2|255|100|10|0|189932.911476672|186388.374493126|0|0|2|1|3|100|1|1
23069.071427|0|1|0|2306|9|0|2|255|100|10|0|156897.2048899|152524.661364983|0|0|2|1|3|100|1|1
23138.071427|0|2|0|2313|8|0|1|255|150|10|0|105671.751630159|103188.512427728|0|0|3|1|3|100|1|1
23149.071427|0|2|0|2314|9|0|1|255|50|10|0|275062.265954887|269316.371215498|0|0|1|1|3|100|1|1
23158.071427|0|1|0|2315|8|0|2|255|100|10|0|252475.299050434|251205.721064391|0|0|2|1|3|100|1|1
23169.071427|0|1|0|2316|9|0|2|255|100|10|0|132246.217735602|128746.78125392|0|0|2|1|3|100|1|1
23238.071427|0|2|0|2323|8|0|1|255|150|10|0|205165.397026843|196848.698392894|0|0|3|1|3|100|1|1
23249.071427|0|2|0|2324|9|0|1|255|50|10|0|196348.797899035|195882.096307376|0|0|1|1|3|100|1|1
23258.071427|0|1|0|2325|8|0|2|255|100|10|0|69242.7270420704|66258.9039617605|0|0|2|1|3|100|1|1
23269.071427|0|1|0|2326|9|0|2|255|100|10|0|220769.06096668|217509.915483631|0|0|2|1|3|100|1|1
23338.071427|0|2|0|2333|8|0|1|255|150|10|0|197071.558477952|193366.029690026|0|0|3|1|3|100|1|1
23357.071427|0|2|0|2335|7|0|1|255|0|10|0|225253.232910451|222218.109626842|0|0|0|1|3|100|1|1
23358.071427|0|1|0|2335|8|0|2|255|100|10|0|303573.802282503|301354.647925483|0|0|2|1|3|100|1|1
23369.071427|0|1|0|2336|9|0|2|255|100|10|0|190619.915902372|187511.365535506|0|0|2|1|3|100|1|1
23438.071427|0|2|0|2343|8|0|1|255|150|10|0|183583.402479755|181310.620041819|0|0|3|1|3|100|1|1
23457.071427|0|2|0|2345|7|0|1|255|0|10|0|212261.63609179|209632.862652369|0|0|0|1|3|100|1|1
23458.071427|0|1|0|2345|8|0|2|255|100|10|0|182681.559998104|182177.879835475|0|0|2|1|3|100|1|1
23469.071427|0|1|0|2346|9|0|2|255|100|10|0|111627.272757295|110249.227439419|0|0|2|1|3|100|1|1
23538.071427|0|2|0|2353|8|0|1|255|150|10|0|135781.233998218|132965.945244605|0|0|3|1|3|100|1|1
23557.071427|0|2|0|2355|7|0|1|255|0|10|0|80029.2331362258|76135.1550588729|0|0|0|1|3|100|1|1
23558.071427|0|1|0|2355|8|0|2|255|100|10|0|98878.6882062656|95861.7623160748|0|0|2|1|3|100|1|1
23569.071427|0|1|0|2356|9|0|2|255|100|10|0|294933.5514814|293213.53577407|0|0|2|1|3|100|1|1
23638.071427|0|2|0|2363|8|0|1|255|150|10|0|204487.368461619|204110.778102117|0|0|3|1|3|100|1|1
23657.071427|0|2|0|2365|7|0|1|255|0|10|0|262198.47686703|260056.896420369|0|0|0|1|3|100|1|1
23658.071427|0|1|0|2365|8|0|2|255|100|10|0|229418.651211906|226587.942522576|0|0|2|1|3|100|1|1
23669.071427|0|1|0|2366|9|0|2|255|100|10|0|149142.260341072|140937.275162424|0|0|2|1|3|100|1|1
23738.071427|0|2|0|2373|8|0|1|255|150|10|0|141708.320537217|140571.035107202|0|0|3|1|3|100|1|1
23757.071427|0|2|0|2375|7|0|1|255|0|10|0|241986.36899774|239583.935247579|0|0|0|1|3|100|1|1
23758.071427|0|1|0|2375|8|0|2|255|100|10|0|243360.030158866|239239.698320776|0|0|2|1|3|100|1|1
23769.071427|0|1|0|2376|9|0|2|255|100|10|0|177052.404180386|173811.169630119|0|0|2|1|3|100|1|1
23838.071427|0|2|0|2383|8|0|1|255|150|10|0|202937.071445823|199118.887418048|0|0|3|1|3|100|1|1
23857.071427|0|2|0|2385|7|0|1|255|0|10|0|89864.6949137712|88924.1751016937|0|0|0|1|3|100|1|1
23858.071427|0|1|0|2385|8|0|2|255|100|10|0|85539.1108176466|79790.632952914|0|0|2|1|3|100|1|1
23869.071427|0|1|0|2386|9|0|2|255|100|10|0|198945.260683408|194663.491581687|0|0|2|1|3|100|1|1
23938.071427|0|2|0|2393|8|0|1|255|150|10|0|122579.023307283|121612.278074213|0|0|3|1|3|100|1|1
23957.071427|0|2|0|2395|7|0|1|255|0|10|0|215843.122944776|210814.625967702|0|0|0|1|3|100|1|1
23958.071427|0|1|0|2395|8|0|2|255|100|10|0|233036.343215935|229149.656741778|0|0|2|1|3|100|1|1
23969.071427|0|1|0|2396|9|0|2|255|100|10|0|203025.570717906|201048.34924016|0|0|2|1|3|100|1|1
24038.071427|0|2|0|2403|8|0|1|255|150|10|0|278623.020729472|272648.888075729|0|0|3|1|3|100|1|1
24049.071427|0|1|0|2404|9|0|2|255|100|10|0|175522.07287627|171570.603306756|0|0|2|1|3|100|1|1
24057.071427|0|2|0|2405|7|0|1|255|0|10|0|192871.601924032|190265.556621785|0|0|0|1|3|100|1|1
24078.071427|0|1|0|2407|8|0|2|255|0|10|0|263243.528432743|261356.533441742|0|0|0|1|3|100|1|1
24138.071427|0|2|0|2413|8|0|1|255|150|10|0|115539.674821244|114732.710939826|0|0|3|1|3|100|1|1
24149.071427|0|1|0|2414|9|0|2|255|100|10|0|181157.942320527|177133.032270376|0|0|2|1|3|100|1|1
24157.071427|0|2|0|2415|7|0|1|255|0|10|0|143842.065999747|142271.978137793|0|0|0|1|3|100|1|1
24178.071427|0|1|0|2417|8|0|2|255|0|10|0|127521.556773486|126296.953279796|0|0|0|1|3|100|1|1
24238.071427|0|2|0|2423|8|0|1|255|150|10|0|165843.437606159|165006.937771221|0|0|3|1|3|100|1|1
24249.071427|0|1|0|2424|9|0|2|255|100|10|0|188227.337263383|188037.373132156|0|0|2|1|3|100|1|1
24257.071427|0|2|0|2425|7|0|1|255|0|10|0|205884.709182408|203671.406841835|0|0|0|1|3|100|1|1
24278.071427|0|1|0|2427|8|0|2|255|0|10|0|121217.383857073|119900.608660749|0|0|0|1|3|100|1|1
24338.071427|0|2|0|2433|8|0|1|255|50|10|0|157043.167514101|152070.7912394|0|0|1|1|3|100|1|1
24346.071427|0|2|0|2434|6|0|1|255|50|10|0|153911.692317166|150878.781930367|0|0|1|1|3|100|1|1
24349.071427|0|1|0|2434|9|0|2|255|100|10|0|122463.33176528|120531.41830116|0|0|2|1|3|100|1|1
24378.071427|0|1|0|2437|8|0|2|255|0|10|0|344775.555666737|343289.136363555|0|0|0|1|3|100|1|1
24438.071427|0|2|0|2443|8|0|1|255|50|10|0|114691.964982271|113871.190305193|0|0|1|1|3|100|1|1
24446.071427|0|2|0|2444|6|0|1|255|50|10|0|218984.085743375|218899.814301011|0|0|1|1|3|100|1|1
24449.071427|0|1|0|2444|9|0|2|255|100|10|0|228461.3972277|224680.445573052|0|0|2|1|3|100|1|1
24478.071427|0|1|0|2447|8|0|2|255|0|10|0|132375.412550752|128662.579047252|0|0|0|1|3|100|1|1
24538.071427|0|2|0|2453|8|0|1|255|50|10|0|205131.65718958|202166.938713619|0|0|1|1|3|100|1|1
24546.071427|0|2|0|2454|6|0|1|255|50|10|0|140860.673832886|138303.78355533|0|0|1|1|3|100|1|1
24549.071427|0|1|0|2454|9|0|2|255|100|10|0|184126.492600834|183323.211688862|0|0|2|1|3|100|1|1
24578.071427|0|1|0|2457|8|0|2|255|0|10|0|102683.951860084|100157.207023536|0|0|0|1|3|100|1|1
24638.071427|0|2|0|2463|8|0|1|255|50|10|0|301067.110167279|298333.012401114|0|0|1|1|3|100|1|1
24646.071427|0|2|0|2464|6|0|1|255|50|10|0|150977.777211739|147647.350809534|0|0|1|1|3|100|1|1
24649.071427|0|1|0|2464|9|0|2|255|100|10|0|105480.433270228|104298.559825156|0|0|2|1|3|100|1|1
24678.071427|0|1|0|2467|8|0|2|255|0|10|0|274629.290932889|271276.986952107|0|0|0|1|3|100|1|1
24738.071427|0|2|0|2473|8|0|1|255|50|10|0|58506.2858002711|55748.0341673328|0|0|1|1|3|100|1|1
24746.071427|0|2|0|2474|6|0|1|255|50|10|0|176372.908070007|174879.329463598|0|0|1|1|3|100|1|1
24749.071427|0|1|0|2474|9|0|2|255|100|10|0|244616.088980781|238545.619192732|0|0|2|1|3|100|1|1
24778.071427|0|1|0|2477|8|0|2|255|0|10|0|175250.96014761|169805.662713139|0|0|0|1|3|100|1|1
24838.071427|0|2|0|2483|8|0|1|255|50|10|0|249975.800228349|248900.241167593|0|0|1|1|3|100|1|1
24846.071427|0|2|0|2484|6|0|1|255|50|10|0|253318.374530627|247690.442516232|0|0|1|1|3|100|1|1
24849.071427|0|1|0|2484|9|0|2|255|100|10|0|187971.706270076|187839.971920232|0|0|2|1|3|100|1|1
24878.071427|0|1|0|2487|8|0|2|255|0|10|0|82662.9824224082|82197.9398128344|0|0|0|1|3|100|1|1
24939.071427|0|2|0|2493|9|0|1|255|150|10|0|271961.737137885|270691.546926257|0|0|3|1|3|100|1|1
24978.071427|0|1|0|2497|8|0|2|255|0|10|0|329917.762656842|328261.398535473|0|0|0|1|3|100|1|1
25039.071427|0|2|0|2503|9|0|1|255|150|10|0|102602.134127533|102046.818775482|0|0|3|1|3|100|1|1
25078.071427|0|1|0|2507|8|0|2|255|0|10|0|130341.81882102|127085.604242627|0|0|0|1|3|100|1|1
25139.071427|0|2|0|2513|9|0|1|255|150|10|0|173210.471529667|171704.493097828|0|0|3|1|3|100|1|1
25178.071427|0|1|0|2517|8|0|2|255|0|10|0|131660.064256541|129471.469828529|0|0|0|1|3|100|1|1
25239.071427|0|2|0|2523|9|0|1|255|150|10|0|250954.680444407|250776.754877314|0|0|3|1|3|100|1|1
25278.071427|0|1|0|2527|8|0|2|255|0|10|0|174042.035906882|173357.332913344|0|0|0|1|3|100|1|1
25339.071427|0|2|0|2533|9|0|1|255|150|10|0|94417.3436407547|93424.7115853072|0|0|3|1|3|100|1|1
25378.071427|0|1|0|2537|8|0|2|255|0|10|0|260745.160747947|259539.52821457|0|0|0|1|3|100|1|1
25438.071427|0|2|0|2543|8|0|1|255|100|10|0|223113.99647727|221743.231816469|0|0|2|1|3|100|1|1
25448.071427|0|2|0|2544|8|0|1|255|100|10|0|324289.278471462|318339.307921232|0|0|2|1|3|100|1|1
25449.071427|0|1|0|2544|9|0|2|255|100|10|0|262642.243831331|258922.448471856|0|0|2|1|3|100|1|1
25478.071427|0|1|0|2547|8|0|2|255|0|10|0|104337.170956168|102008.335643009|0|0|0|1|3|100|1|1
25538.071427|0|2|0|2553|8|0|1|255|100|10|0|184474.818744599|183376.379777506|0|0|2|1|3|100|1|1
25548.071427|0|2|0|2554|8|0|1|255|100|10|0|68825.9803014573|64190.8699552419|0|0|2|1|3|100|1|1
25549.071427|0|1|0|2554|9|0|2|255|50|10|0|43515.8988622302|41088.2329017294|0|0|1|1|3|100|1|1
25566.071427|0|1|0|2556|6|0|2|255|150|10|0|213596.057735101|212970.409279823|0|0|3|1|3|100|1|1
25638.071427|0|2|0|2563|8|0|1|255|100|10|0|160966.14723815|156849.064119615|0|0|2|1|3|100|1|1
25648.071427|0|2|0|2564|8|0|1|255|100|10|0|236258.815683381|235536.327880921|0|0|2|1|3|100|1|1
25649.071427|0|1|0|2564|9|0|2|255|50|10|0|290493.224870042|289120.585488872|0|0|1|1|3|100|1|1
25666.071427|0|1|0|2566|6|0|2|255|150|10|0|132060.332242598|131371.739919262|0|0|3|1|3|100|1|1
25738.071427|0|2|0|2573|8|0|1|255|100|10|0|162489.733159826|154749.767810007|0|0|2|1|3|100|1|1
25748.071427|0|2|0|2574|8|0|1|255|100|10|0|215330.460092229|214400.2848436|0|0|2|1|3|100|1|1
25749.071427|0|1|0|2574|9|0|2|255|50|10|0|206213.219208398|202529.431408572|0|0|1|1|3|100|1|1
25766.071427|0|1|0|2576|6|0|2|255|150|10|0|154011.568812662|150125.041300347|0|0|3|1|3|100|1|1
25838.071427|0|2|0|2583|8|0|1|255|100|10|0|228065.820382935|224898.641007476|0|0|2|1|3|100|1|1
25848.071427|0|2|0|2584|8|0|1|255|100|10|0|115267.747013668|114402.819677453|0|0|2|1|3|100|1|1
25849.071427|0|1|0|2584|9|0|2|255|50|10|0|106699.622915764|104017.584202365|0|0|1|1|3|100|1|1
25866.071427|0|1|0|2586|6|0|2|255|150|10|0|189937.973440205|188085.374472503|0|0|3|1|3|100|1|1
25938.071427|0|2|0|2593|8|0|1|255|100|10|0|151773.173728736|151347.931315647|0|0|2|1|3|100|1|1
25948.071427|0|2|0|2594|8|0|1|255|100|10|0|153909.693519861|150907.599214074|0|0|2|1|3|100|1|1
25949.071427|0|1|0|2594|9|0|2|255|50|10|0|185966.005762059|185941.660881375|0|0|1|1|3|100|1|1
25966.071427|0|1|0|2596|6|0|2|255|150|10|0|208294.644808869|205407.857681756|0|0|3|1|3|100|1|1
26038.071427|0|2|0|2603|8|0|1|255|100|10|0|186089.761570648|183049.800864527|0|0|2|1|3|100|1|1
26048.071427|0|2|0|2604|8|0|1|255|100|10|0|325813.374817107|322128.817586012|0|0|2|1|3|100|1|1
26049.071427|0|1|0|2604|9|0|2|255|50|10|0|227425.515579215|223695.173984007|0|0|1|1|3|100|1|1
26066.071427|0|1|0|2606|6|0|2|255|150|10|0|109596.497295106|107850.759635441|0|0|3|1|3|100|1|1
26138.071427|0|2|0|2613|8|0|1|255|100|10|0|159400.053765224|156706.489596249|0|0|2|1|3|100|1|1
26148.071427|0|2|0|2614|8|0|1|255|100|10|0|81541.4581375262|81073.0290988581|0|0|2|1|3|100|1|1
26149.071427|0|1|0|2614|9|0|2|255|50|10|0|111747.494512498|107435.232032899|0|0|1|1|3|100|1|1
26166.071427|0|1|0|2616|6|0|2|255|150|10|0|262974.194963959|262549.517229085|0|0|3|1|3|100|1|1
26238.071427|0|2|0|2623|8|0|1|255|100|10|0|157934.624276952|155708.483481875|0|0|2|1|3|100|1|1
26248.071427|0|2|0|2624|8|0|1|255|100|10|0|183292.794448259|180575.337877469|0|0|2|1|3|100|1|1
26249.071427|0|1|0|2624|9|0|2|255|50|10|0|187015.632523927|186713.221637111|0|0|1|1|3|100|1|1
26266.071427|0|1|0|2626|6|0|2|255|150|10|0|115233.421352419|115059.204407276|0|0|3|1|3|100|1|1
26338.071427|0|2|0|2633|8|0|1|255|100|10|0|185777.78496261|184011.662640669|0|0|2|1|3|100|1|1
26348.071427|0|2|0|2634|8|0|1|255|100|10|0|194214.211643004|189481.908455011|0|0|2|1|3|100|1|1
26349.071427|0|1|0|2634|9|0|2|255|150|10|0|158358.047720225|155515.683065981|0|0|3|1|3|100|1|1
26367.071427|0|1|0|2636|7|0|2|255|50|10|0|155601.574035469|150793.504491154|0|0|1|1|3|100|1|1
26438.071427|0|2|0|2643|8|0|1|255|100|10|0|179124.036494501|176506.673916266|0|0|2|1|3|100|1|1
26448.071427|0|2|0|2644|8|0|1|255|100|10|0|157500.418567259|155749.268724922|0|0|2|1|3|100|1|1
26449.071427|0|1|0|2644|9|0|2|255|150|10|0|185900.58191519|185571.154637341|0|0|3|1|3|100|1|1
26467.071427|0|1|0|2646|7|0|2|255|50|10|0|281124.17634008|280008.478376127|0|0|1|1|3|100|1|1
26538.071427|0|2|0|2653|8|0|1|255|100|10|0|191195.815547211|187143.149076378|0|0|2|1|3|100|1|1
26548.071427|0|2|0|2654|8|0|1|255|100|10|0|174432.008919578|172560.219295126|0|0|2|1|3|100|1|1
26549.071427|0|1|0|2654|9|0|2|255|150|10|0|132096.783665325|128635.979618388|0|0|3|1|3|100|1|1
26567.071427|0|1|0|2656|7|0|2|255|50|10|0|106981.995320601|105642.965011641|0|0|1|1|3|100|1|1
26638.071427|0|2|0|2663|8|0|1|255|100|10|0|149328.348182496|148445.950672299|0|0|2|1|3|100|1|1
26646.071427|0|2|0|2664|6|0|1|255|0|10|0|307868.067135041|306253.08841867|0|0|0|1|3|100|1|1
26649.071427|0|1|0|2664|9|0|2|255|150|10|0|213416.606793637|212734.107202536|0|0|3|1|3|100|1|1
26667.071427|0|1|0|2666|7|0|2|255|50|10|0|186741.253811045|185585.236262942|0|0|1|1|3|100|1|1
26738.071427|0|2|0|2673|8|0|1|255|100|10|0|134111.702437456|133992.92785479|0|0|2|1|3|100|1|1
26746.071427|0|2|0|2674|6|0|1|255|0|10|0|123412.477094334|120443.759739156|0|0|0|1|3|100|1|1
26749.071427|0|1|0|2674|9|0|2|255|150|10|0|158891.047422249|158019.704074006|0|0|3|1|3|100|1|1
26767.071427|0|1|0|2676|7|0|2|255|50|10|0|272864.281735649|271524.504804738|0|0|1|1|3|100|1|1
26838.071427|0|2|0|2683|8|0|1|255|100|10|0|265258.790359175|259480.96495666|0|0|2|1|3|100|1|1
26846.071427|0|2|0|2684|6|0|1|255|0|10|0|154774.278586695|151376.368034646|0|0|0|1|3|100|1|1
26857.071427|0|1|0|2685|7|0|2|255|150|10|0|333093.292895494|332242.582262846|0|0|3|1|3|100|1|1
26869.071427|0|1|0|2686|9|0|2|255|150|10|0|87678.6609719146|84046.6116091785|0|0|3|1|3|100|1|1
26938.071427|0|2|0|2693|8|0|1|255|100|10|0|137122.584430327|134386.354160645|0|0|2|1|3|100|1|1
26946.071427|0|2|0|2694|6|0|1|255|0|10|0|185536.3517511|184667.975820168|0|0|0|1|3|100|1|1
26957.071427|0|1|0|2695|7|0|2|255|150|10|0|141166.841883365|139824.417432529|0|0|3|1|3|100|1|1
26969.071427|0|1|0|2696|9|0|2|255|150|10|0|208915.765498053|203996.297039609|0|0|3|1|3|100|1|1
27038.071427|0|2|0|2703|8|0|1|255|100|10|0|149595.456937826|147468.946837183|0|0|2|1|3|100|1|1
27046.071427|0|2|0|2704|6|0|1|255|0|10|0|221743.644990711|219882.023172708|0|0|0|1|3|100|1|1
27057.071427|0|1|0|2705|7|0|2|255|150|10|0|138709.04505329|136343.962688292|0|0|3|1|3|100|1|1
27069.071427|0|1|0|2706|9|0|2|255|150|10|0|232319.340528388|232059.272559286|0|0|3|1|3|100|1|1
27145.071427|0|2|0|2714|5|0|1|255|50|10|0|79758.4033798576|78460.8840387495|0|0|1|1|3|100|1|1
27169.071427|0|1|0|2716|9|0|2|255|150|10|0|104693.495784564|104032.147234306|0|0|3|1|3|100|1|1
27245.071427|0|2|0|2724|5|0|1|255|50|10|0|213853.429744078|209457.348205578|0|0|1|1|3|100|1|1
27269.071427|0|1|0|2726|9|0|2|255|150|10|0|158980.037268528|155276.414656811|0|0|3|1|3|100|1|1
27345.071427|0|2|0|2734|5|0|1|255|50|10|0|173500.603225202|168538.997737201|0|0|1|1|3|100|1|1
27369.071427|0|1|0|2736|9|0|2|255|150|10|0|237784.843647817|235309.726187485|0|0|3|1|3|100|1|1
27445.071427|0|2|0|2744|5|0|1|255|50|10|0|187484.839340743|187139.553573702|0|0|1|1|3|100|1|1
27469.071427|0|1|0|2746|9|0|2|255|150|10|0|187669.446287841|186756.675421068|0|0|3|1|3|100|1|1
27545.071427|0|2|0|2754|5|0|1|255|50|10|0|123509.486660827|121307.903978087|0|0|1|1|3|100|1|1
27569.071427|0|1|0|2756|9|0|2|255|150|10|0|118834.143758576|118671.622830055|0|0|3|1|3|100|1|1
27645.071427|0|2|0|2764|5|0|1|255|50|10|0|226871.415854202|222127.044001204|0|0|1|1|3|100|1|1
27669.071427|0|1|0|2766|9|0|2|255|150|10|0|176326.637392604|171730.243147488|0|0|3|1|3|100|1|1
27745.071427|0|2|0|2774|5|0|1|255|50|10|0|178314.260355269|177454.659507372|0|0|1|1|3|100|1|1
27769.071427|0|1|0|2776|9|0|2|255|150|10|0|211618.727402502|207214.823930801|0|0|3|1|3|100|1|1
27845.071427|0|2|0|2784|5|0|1|255|50|10|0|115369.982959254|112133.663547677|0|0|1|1|3|100|1|1
27869.071427|0|1|0|2786|9|0|2|255|150|10|0|127291.828576937|126999.854237544|0|0|3|1|3|100|1|1
27937.071427|0|2|0|2793|7|0|1|255|150|10|0|60057.4988375196|57441.4104629761|0|0|3|1|3|100|1|1
27947.071427|0|2|0|2794|7|0|1|255|50|10|0|299099.046183847|292420.436889946|0|0|1|1|3|100|1|1
27957.071427|0|1|0|2795|7|0|2|255|150|10|0|165798.121216567|162892.850372642|0|0|3|1|3|100|1|1
27969.071427|0|1|0|2796|9|0|2|255|150|10|0|181187.078181472|178956.732278198|0|0|3|1|3|100|1|1
28037.071427|0|2|0|2803|7|0|1|255|150|10|0|222090.102927814|220918.415087074|0|0|3|1|3|100|1|1
28047.071427|0|2|0|2804|7|0|1|255|50|10|0|174611.983961769|169197.38028184|0|0|1|1|3|100|1|1
28057.071427|0|1|0|2805|7|0|2|255|50|10|0|149497.931394603|147584.163205255|0|0|1|1|3|100|1|1
28068.071427|0|1|0|2806|8|0|2|255|150|10|0|205569.606778557|201845.561228361|0|0|3|1|3|100|1|1
28137.071427|0|2|0|2813|7|0|1|255|150|10|0|216882.237553795|214520.002744687|0|0|3|1|3|100|1|1
28147.071427|0|2|0|2814|7|0|1|255|50|10|0|109568.82291495|109123.665740532|0|0|1|1|3|100|1|1
28157.071427|0|1|0|2815|7|0|2|255|50|10|0|270610.229839866|268143.810334092|0|0|1|1|3|100|1|1
28168.071427|0|1|0|2816|8|0|2|255|150|10|0|163135.971833332|162473.466557102|0|0|3|1|3|100|1|1
28237.071427|0|2|0|2823|7|0|1|255|150|10|0|124040.947431184|123263.341330093|0|0|3|1|3|100|1|1
28247.071427|0|2|0|2824|7|0|1|255|50|10|0|268644.382397444|268255.42091764|0|0|1|1|3|100|1|1
28257.071427|0|1|0|2825|7|0|2|255|50|10|0|169807.275277486|164682.532714162|0|0|1|1|3|100|1|1
28268.071427|0|1|0|2826|8|0|2|255|150|10|0|117006.513831745|116649.121370445|0|0|3|1|3|100|1|1
28337.071427|0|2|0|2833|7|0|1|255|150|10|0|212457.33154529|209064.061350314|0|0|3|1|3|100|1|1
28347.071427|0|2|0|2834|7|0|1|255|50|10|0|153856.848558878|152720.398449555|0|0|1|1|3|100|1|1
28357.071427|0|1|0|2835|7|0|2|255|50|10|0|80988.8566209071|78423.887842248|0|0|1|1|3|100|1|1
28368.071427|0|1|0|2836|8|0|2|255|150|10|0|275085.816085227|272407.511001817|0|0|3|1|3|100|1|1
28437.071427|0|2|0|2843|7|0|1|255|150|10|0|226657.72755245|217447.65327499|0|0|3|1|3|100|1|1
28447.071427|0|2|0|2844|7|0|1|255|50|10|0|118504.747716025|114889.610112057|0|0|1|1|3|100|1|1
28457.071427|0|1|0|2845|7|0|2|255|50|10|0|314289.433801982|312955.974853278|0|0|1|1|3|100|1|1
28468.071427|0|1|0|2846|8|0|2|255|150|10|0|117477.041127875|115559.658588733|0|0|3|1|3|100|1|1
28545.071427|0|2|0|2854|5|0|1|255|100|10|0|195037.138622263|189514.650841645|0|0|2|1|3|100|1|1
28557.071427|0|1|0|2855|7|0|2|255|50|10|0|153375.22835713|149761.624638445|0|0|1|1|3|100|1|1
28558.071427|0|2|0|2855|8|0|1|255|0|10|0|107912.223589153|104706.990194317|0|0|0|1|3|100|1|1
28568.071427|0|1|0|2856|8|0|2|255|150|10|0|147799.736597896|144884.687721413|0|0|3|1|3|100|1|1
28645.071427|0|2|0|2864|5|0|1|255|100|10|0|236316.935490024|235358.891283481|0|0|2|1|3|100|1|1
28657.071427|0|1|0|2865|7|0|2|255|50|10|0|98601.2445071423|97769.2493524751|0|0|1|1|3|100|1|1
28658.071427|0|2|0|2865|8|0|1|255|0|10|0|162435.447981527|156234.232849955|0|0|0|1|3|100|1|1
28668.071427|0|1|0|2866|8|0|2|255|150|10|0|274234.23129648|272746.136851555|0|0|3|1|3|100|1|1
28745.071427|0|2|0|2874|5|0|1|255|100|10|0|125441.066630823|124797.257480465|0|0|2|1|3|100|1|1
28757.071427|0|1|0|2875|7|0|2|255|50|10|0|296507.554815508|292236.674349642|0|0|1|1|3|100|1|1
28758.071427|0|2|0|2875|8|0|1|255|0|10|0|235720.057584049|230339.64234038|0|0|0|1|3|100|1|1
28768.071427|0|1|0|2876|8|0|2|255|150|10|0|147440.807578433|142070.668446681|0|0|3|1|3|100|1|1
28845.071427|0|2|0|2884|5|0|1|255|100|10|0|214233.262058168|210161.788063043|0|0|2|1|3|100|1|1
28857.071427|0|1|0|2885|7|0|2|255|50|10|0|174151.871719728|172222.465259423|0|0|1|1|3|100|1|1
28858.071427|0|2|0|2885|8|0|1|255|0|10|0|162772.447972812|158515.121036942|0|0|0|1|3|100|1|1
28868.071427|0|1|0|2886|8|0|2|255|150|10|0|119717.968512413|114172.700995569|0|0|3|1|3|100|1|1
28945.071427|0|2|0|2894|5|0|1|255|100|10|0|227380.196629865|222120.930415135|0|0|2|1|3|100|1|1
28957.071427|0|1|0|2895|7|0|2|255|50|10|0|88418.4507196209|86981.072557525|0|0|1|1|3|100|1|1
28958.071427|0|2|0|2895|8|0|1|255|0|10|0|142983.198931698|141889.164254199|0|0|0|1|3|100|1|1
28968.071427|0|1|0|2896|8|0|2|255|150|10|0|308215.764973226|306819.191213843|0|0|3|1|3|100|1|1
29045.071427|0|2|0|2904|5|0|1|255|100|10|0|105495.494351653|103434.043172045|0|0|2|1|3|100|1|1
29058.071427|0|2|0|2905|8|0|1|255|0|10|0|282674.569675611|280390.512746557|0|0|0|1|3|100|1|1
29064.071427|0|1|0|2906|4|0|2|255|150|10|0|279244.427361197|273239.827160135|0|0|3|1|3|100|1|1
29069.071427|0|1|0|2906|9|0|2|255|0|10|0|104394.795346563|103116.716766767|0|0|0|1|3|100|1|1
29145.071427|0|2|0|2914|5|0|1|255|100|10|0|190072.264035226|188827.632592412|0|0|2|1|3|100|1|1
29158.071427|0|2|0|2915|8|0|1|255|0|10|0|96648.4451023572|93351.606411695|0|0|0|1|3|100|1|1
29164.071427|0|1|0|2916|4|0|2|255|150|10|0|98078.0968324181|97582.1134256235|0|0|3|1|3|100|1|1
29169.071427|0|1|0|2916|9|0|2|255|0|10|0|190315.238867258|187641.197593513|0|0|0|1|3|100|1|1
29238.071427|0|2|0|2923|8|0|1|255|0|10|0|116679.017139075|114928.05044895|0|0|0|1|3|100|1|1
29249.071427|0|2|0|2924|9|0|1|255|100|10|0|181267.444102749|179811.995501537|0|0|2|1|3|100|1|1
29264.071427|0|1|0|2926|4|0|2|255|150|10|0|188324.56813234|185905.313744331|0|0|3|1|3|100|1|1
29269.071427|0|1|0|2926|9|0|2|255|0|10|0|215513.722492796|215381.646534712|0|0|0|1|3|100|1|1
29338.071427|0|2|0|2933|8|0|1|255|0|10|0|283568.20591619|282072.953007115|0|0|0|1|3|100|1|1
29349.071427|0|2|0|2934|9|0|1|255|100|10|0|136689.534657|130543.56892635|0|0|2|1|3|100|1|1
29364.071427|0|1|0|2936|4|0|2|255|150|10|0|249547.361143744|249015.09607515|0|0|3|1|3|100|1|1
29369.071427|0|1|0|2936|9|0|2|255|0|10|0|105204.987078817|102924.543149174|0|0|0|1|3|100|1|1
29438.071427|0|2|0|2943|8|0|1|255|0|10|0|142273.713447654|138207.131654481|0|0|0|1|3|100|1|1
29449.071427|0|2|0|2944|9|0|1|255|100|10|0|186405.903550636|181935.018299501|0|0|2|1|3|100|1|1
29464.071427|0|1|0|2946|4|0|2|255|150|10|0|131295.179160438|127627.302190121|0|0|3|1|3|100|1|1
29469.071427|0|1|0|2946|9|0|2|255|0|10|0|271304.093600601|263414.667062288|0|0|0|1|3|100|1|1
29538.071427|0|2|0|2953|8|0|1|255|0|10|0|143622.136203379|143527.78321285|0|0|0|1|3|100|1|1
29549.071427|0|2|0|2954|9|0|1|255|100|10|0|175878.321906437|174949.674278478|0|0|2|1|3|100|1|1
29564.071427|0|1|0|2956|4|0|2|255|150|10|0|102247.990656788|98574.5968793879|0|0|3|1|3|100|1|1
29569.071427|0|1|0|2956|9|0|2|255|0|10|0|157449.544335736|153201.58140675|0|0|0|1|3|100|1|1
29638.071427|0|2|0|2963|8|0|1|255|0|10|0|213517.713818374|207141.924117762|0|0|0|1|3|100|1|1
29649.071427|0|2|0|2964|9|0|1|255|100|10|0|187964.473041132|186527.213058595|0|0|2|1|3|100|1|1
29664.071427|0|1|0|2966|4|0|2|255|150|10|0|331264.258159698|330732.454334353|0|0|3|1|3|100|1|1
29669.071427|0|1|0|2966|9|0|2|255|0|10|0|173730.942992397|171625.37776738|0|0|0|1|3|100|1|1
29738.071427|0|2|0|2973|8|0|1|255|0|10|0|204160.675775054|199746.878326366|0|0|0|1|3|100|1|1
29749.071427|0|2|0|2974|9|0|1|255|100|10|0|129394.813547343|129268.131474032|0|0|2|1|3|100|1|1
29764.071427|0|1|0|2976|4|0|2|255|150|10|0|132078.219532268|130241.35463401|0|0|3|1|3|100|1|1
29769.071427|0|1|0|2976|9|0|2|255|0|10|0|156200.646984958|156048.536738856|0|0|0|1|3|100|1|1
29838.071427|0|2|0|2983|8|0|1|255|0|10|0|129560.755098905|126392.400810614|0|0|0|1|3|100|1|1
29849.071427|0|2|0|2984|9|0|1|255|100|10|0|291298.968649684|290373.453900367|0|0|2|1|3|100|1|1
29864.071427|0|1|0|2986|4|0|2|255|150|10|0|128135.146991934|126350.958475968|0|0|3|1|3|100|1|1
29869.071427|0|1|0|2986|9|0|2|255|0|10|0|210331.814746906|208661.458200758|0|0|0|1|3|100|1|1
29937.071427|0|2|0|2993|7|0|1|255|50|10|0|243146.137277339|240358.170087443|0|0|1|1|3|100|1|1
29949.071427|0|2|0|2994|9|0|1|255|150|10|0|170713.189527667|164419.237443886|0|0|3|1|3|100|1|1
29964.071427|0|1|0|2996|4|0|2|255|150|10|0|282032.839067797|281631.559311312|0|0|3|1|3|100|1|1
29969.071427|0|1|0|2996|9|0|2|255|0|10|0|115606.41227743|114650.384053359|0|0|0|1|3|100|1|1
30037.071427|0|2|0|3003|7|0|1|255|50|10|0|231011.647646456|229413.905841107|0|0|1|1|3|100|1|1
30049.071427|0|2|0|3004|9|0|1|255|150|10|0|130877.60094388|129182.123773027|0|0|3|1|3|100|1|1
30064.071427|0|1|0|3006|4|0|2|255|150|10|0|122540.953004937|119497.773653012|0|0|3|1|3|100|1|1
30069.071427|0|1|0|3006|9|0|2|255|0|10|0|221464.004412957|219389.085043598|0|0|0|1|3|100|1|1
30137.071427|0|2|0|3013|7|0|1|255|50|10|0|128704.076448811|125173.230987946|0|0|1|1|3|100|1|1
30149.071427|0|2|0|3014|9|0|1|255|150|10|0|214154.189084448|213743.934009173|0|0|3|1|3|100|1|1
30164.071427|0|1|0|3016|4|0|2|255|150|10|0|135324.931228359|133278.643147216|0|0|3|1|3|100|1|1
30169.071427|0|1|0|3016|9|0|2|255|0|10|0|155302.443650655|152939.041612335|0|0|0|1|3|100|1|1
30237.071427|0|2|0|3023|7|0|1|255|50|10|0|194778.582011439|189335.3939008|0|0|1|1|3|100|1|1
30249.071427|0|2|0|3024|9|0|1|255|150|10|0|215356.453564326|213692.773403481|0|0|3|1|3|100|1|1
30264.071427|0|1|0|3026|4|0|2|255|150|10|0|305573.090154967|301297.3791058|0|0|3|1|3|100|1|1
30269.071427|0|1|0|3026|9|0|2|255|0|10|0|209349.755964011|202921.185098968|0|0|0|1|3|100|1|1
30337.071427|0|2|0|3033|7|0|1|255|50|10|0|226425.697419212|220421.501913924|0|0|1|1|3|100|1|1
30349.071427|0|2|0|3034|9|0|1|255|150|10|0|77829.1021943998|74871.6092830673|0|0|3|1|3|100|1|1
30364.071427|0|1|0|3036|4|0|2|255|150|10|0|135186.294178284|131845.758455684|0|0|3|1|3|100|1|1
30369.071427|0|1|0|3036|9|0|2|255|0|10|0|118596.336332176|116559.065657414|0|0|0|1|3|100|1|1
30437.071427|0|2|0|3043|7|0|1|255|0|10|0|95068.9928999716|91968.0541882582|0|0|0|1|3|100|1|1
30469.071427|0|1|0|3046|9|0|2|255|150|10|0|142418.07630699|139732.825894595|0|0|3|1|3|100|1|1
30537.071427|0|2|0|3053|7|0|1|255|0|10|0|277225.803878194|273791.111134636|0|0|0|1|3|100|1|1
30569.071427|0|1|0|3056|9|0|2|255|150|10|0|253433.971096617|252236.833521963|0|0|3|1|3|100|1|1
30637.071427|0|2|0|3063|7|0|1|255|0|10|0|185758.789437511|179782.486274554|0|0|0|1|3|100|1|1
30669.071427|0|1|0|3066|9|0|2|255|150|10|0|148006.479813818|147069.993591754|0|0|3|1|3|100|1|1
30737.071427|0|2|0|3073|7|0|1|255|0|10|0|112093.664421357|107617.151708613|0|0|0|1|3|100|1|1
30769.071427|0|1|0|3076|9|0|2|255|150|10|0|126579.032013758|121667.09238548|0|0|3|1|3|100|1|1
30837.071427|0|2|0|3083|7|0|1|255|0|10|0|187092.307968178|186700.268603782|0|0|0|1|3|100|1|1
30869.071427|0|1|0|3086|9|0|2|255|150|10|0|269194.624292509|264089.882373401|0|0|3|1|3|100|1|1
30937.071427|0|2|0|3093|7|0|1|255|0|10|0|257172.288929391|256226.081842245|0|0|0|1|3|100|1|1
30969.071427|0|1|0|3096|9|0|2|255|150|10|0|127354.080359202|123710.408388542|0|0|3|1|3|100|1|1
31037.071427|0|2|0|3103|7|0|1|255|0|10|0|101572.783358195|98341.7500792273|0|0|0|1|3|100|1|1
31069.071427|0|1|0|3106|9|0|2|255|150|10|0|145764.088326248|141686.455781601|0|0|3|1|3|100|1|1
31137.071427|0|2|0|3113|7|0|1|255|0|10|0|225115.059753429|223777.067375129|0|0|0|1|3|100|1|1
31169.071427|0|1|0|3116|9|0|2|255|150|10|0|290911.881354821|288985.339853511|0|0|3|1|3|100|1|1
31237.071427|0|2|0|3123|7|0|1|255|0|10|0|128369.124040317|128075.460113646|0|0|0|1|3|100|1|1
31269.071427|0|1|0|3126|9|0|2|255|150|10|0|169062.734801178|168854.308950425|0|0|3|1|3|100|1|1
31337.071427|0|2|0|3133|7|0|1|255|0|10|0|210442.408925172|209763.941832312|0|0|0|1|3|100|1|1
31369.071427|0|1|0|3136|9|0|2|255|150|10|0|53487.7443322187|52211.3642867277|0|0|3|1|3|100|1|1
31437.071427|0|2|0|3143|7|0|1|255|100|10|0|130104.154811337|127722.464613903|0|0|2|1|3|100|1|1
31445.071427|0|2|0|3144|5|0|1|255|100|10|0|307274.506793676|303520.492420304|0|0|2|1|3|100|1|1
31458.071427|0|1|0|3145|8|0|2|255|150|10|0|112051.271298592|110557.241281535|0|0|3|1|3|100|1|1
31469.071427|0|1|0|3146|9|0|2|255|150|10|0|369442.008121449|368847.349671856|0|0|3|1|3|100|1|1
31537.071427|0|2|0|3153|7|0|1|255|100|10|0|183861.839469971|183501.495728012|0|0|2|1|3|100|1|1
31545.071427|0|2|0|3154|5|0|1|255|100|10|0|146415.289694435|141908.194892761|0|0|2|1|3|100|1|1
31558.071427|0|1|0|3155|8|0|2|255|100|10|0|270298.7958753|266676.831695198|0|0|2|1|3|100|1|1
31569.071427|0|1|0|3156|9|0|2|255|0|10|0|110194.83288708|107665.213402227|0|0|0|1|3|100|1|1
31637.071427|0|2|0|3163|7|0|1|255|100|10|0|192045.980054811|191633.575082683|0|0|2|1|3|100|1|1
31645.071427|0|2|0|3164|5|0|1|255|100|10|0|122356.352811903|122140.587659705|0|0|2|1|3|100|1|1
31658.071427|0|1|0|3165|8|0|2|255|100|10|0|173958.085240774|173668.284738079|0|0|2|1|3|100|1|1
31669.071427|0|1|0|3166|9|0|2|255|0|10|0|245083.10208533|240526.414161397|0|0|0|1|3|100|1|1
31737.071427|0|2|0|3173|7|0|1|255|100|10|0|148169.143870063|142620.575905028|0|0|2|1|3|100|1|1
31745.071427|0|2|0|3174|5|0|1|255|100|10|0|221677.733539776|220580.623175038|0|0|2|1|3|100|1|1
31758.071427|0|1|0|3175|8|0|2|255|100|10|0|79402.4742945643|77543.3516587132|0|0|2|1|3|100|1|1
31769.071427|0|1|0|3176|9|0|2|255|0|10|0|188047.076080641|184949.858689321|0|0|0|1|3|100|1|1
31837.071427|0|2|0|3183|7|0|1|255|100|10|0|143601.970715768|138775.259681063|0|0|2|1|3|100|1|1
31845.071427|0|2|0|3184|5|0|1|255|100|10|0|189358.323106562|187395.758964668|0|0|2|1|3|100|1|1
31858.071427|0|1|0|3185|8|0|2|255|100|10|0|281716.478340504|275459.229187079|0|0|2|1|3|100|1|1
31869.071427|0|1|0|3186|9|0|2|255|0|10|0|170976.270958533|166411.686060813|0|0|0|1|3|100|1|1
31937.071427|0|2|0|3193|7|0|1|255|100|10|0|295726.60100097|294307.270806416|0|0|2|1|3|100|1|1
31945.071427|0|2|0|3194|5|0|1|255|100|10|0|146785.086864892|140773.225047907|0|0|2|1|3|100|1|1
31958.071427|0|1|0|3195|8|0|2|255|100|10|0|169327.584472701|168010.694785901|0|0|2|1|3|100|1|1
31969.071427|0|1|0|3196|9|0|2|255|0|10|0|134289.280119375|129462.594454519|0|0|0|1|3|100|1|1
32037.071427|0|2|0|3203|7|0|1|255|100|10|0|92461.399638113|90098.9660082485|0|0|2|1|3|100|1|1
32045.071427|0|2|0|3204|5|0|1|255|100|10|0|214198.147896944|209835.556051201|0|0|2|1|3|100|1|1
32049.071427|0|1|0|3204|9|0|2|255|0|10|0|229783.002251975|227166.981159536|0|0|0|1|3|100|1|1
32066.071427|0|1|0|3206|6|0|2|255|150|10|0|156323.499659069|156055.346967605|0|0|3|1|3|100|1|1
32137.071427|0|2|0|3213|7|0|1|255|100|10|0|163499.8201661|160189.727425095|0|0|2|1|3|100|1|1
32145.071427|0|2|0|3214|5|0|1|255|100|10|0|183775.543589024|183090.721100402|0|0|2|1|3|100|1|1
32149.071427|0|1|0|3214|9|0|2|255|0|10|0|176963.367226001|171485.182910878|0|0|0|1|3|100|1|1
32166.071427|0|1|0|3216|6|0|2|255|150|10|0|263741.347922157|260248.18609618|0|0|3|1|3|100|1|1
32237.071427|0|2|0|3223|7|0|1|255|100|10|0|225362.035813678|225272.668759588|0|0|2|1|3|100|1|1
32245.071427|0|2|0|3224|5|0|1|255|100|10|0|130669.55378828|128206.052305656|0|0|2|1|3|100|1|1
32249.071427|0|1|0|3224|9|0|2|255|0|10|0|92674.9259826674|90716.8221409192|0|0|0|1|3|100|1|1
32266.071427|0|1|0|3226|6|0|2|255|150|10|0|109132.774625557|108143.178651674|0|0|3|1|3|100|1|1
32337.071427|0|2|0|3233|7|0|1|255|100|10|0|184954.952330226|184369.899405376|0|0|2|1|3|100|1|1
32345.071427|0|2|0|3234|5|0|1|255|100|10|0|186973.404260899|181396.152369574|0|0|2|1|3|100|1|1
32349.071427|0|1|0|3234|9|0|2|255|0|10|0|262044.509242289|261591.52369237|0|0|0|1|3|100|1|1
32366.071427|0|1|0|3236|6|0|2|255|150|10|0|173446.590800008|172170.213260428|0|0|3|1|3|100|1|1
32437.071427|0|2|0|3243|7|0|1|255|100|10|0|109737.881183436|107886.52381023|0|0|2|1|3|100|1|1
32445.071427|0|2|0|3244|5|0|1|255|100|10|0|171792.059420437|168917.893606643|0|0|2|1|3|100|1|1
32449.071427|0|1|0|3244|9|0|2|255|0|10|0|168384.676179807|166138.63494704|0|0|0|1|3|100|1|1
32466.071427|0|1|0|3246|6|0|2|255|150|10|0|297533.692249365|296550.338231868|0|0|3|1|3|100|1|1
32537.071427|0|2|0|3253|7|0|1|255|100|10|0|319835.33804757|314528.638074974|0|0|2|1|3|100|1|1
32545.071427|0|2|0|3254|5|0|1|255|100|10|0|225289.596013232|222504.158206622|0|0|2|1|3|100|1|1
32549.071427|0|1|0|3254|9|0|2|255|0|10|0|130856.389778314|129668.485079682|0|0|0|1|3|100|1|1
32566.071427|0|1|0|3256|6|0|2|255|150|10|0|95955.74218763|91649.8671304651|0|0|3|1|3|100|1|1
32637.071427|0|2|0|3263|7|0|1|255|100|10|0|86090.1888208466|85943.4885081124|0|0|2|1|3|100|1|1
32645.071427|0|2|0|3264|5|0|1|255|100|10|0|107275.169235403|106486.074269622|0|0|2|1|3|100|1|1
32649.071427|0|1|0|3264|9|0|2|255|0|10|0|274872.780515815|273290.937360867|0|0|0|1|3|100|1|1
32666.071427|0|1|0|3266|6|0|2|255|150|10|0|162329.984320548|158479.254365086|0|0|3|1|3|100|1|1
32737.071427|0|2|0|3273|7|0|1|255|100|10|0|161800.079002544|161504.388028208|0|0|2|1|3|100|1|1
32745.071427|0|2|0|3274|5|0|1|255|100|10|0|217539.692572823|214294.349776977|0|0|2|1|3|100|1|1
32749.071427|0|1|0|3274|9|0|2|255|0|10|0|145305.165413932|139541.380207663|0|0|0|1|3|100|1|1
32766.071427|0|1|0|3276|6|0|2|255|150|10|0|246642.410197536|245795.229555667|0|0|3|1|3|100|1|1
32837.071427|0|2|0|3283|7|0|1|255|100|10|0|296804.295233331|291696.883668489|0|0|2|1|3|100|1|1
32845.071427|0|2|0|3284|5|0|1|255|100|10|0|166293.511564168|166144.848033682|0|0|2|1|3|100|1|1
32849.071427|0|1|0|3284|9|0|2|255|0|10|0|104903.800047049|104754.658723802|0|0|0|1|3|100|1|1
32866.071427|0|1|0|3286|6|0|2|255|150|10|0|149766.297452745|145864.455354806|0|0|3|1|3|100|1|1
32937.071427|0|2|0|3293|7|0|1|255|100|10|0|136572.80864335|132664.306506847|0|0|2|1|3|100|1|1
32949.071427|0|1|0|3294|9|0|2|255|0|10|0|317519.650706604|309306.605870062|0|0|0|1|3|100|1|1
32957.071427|0|2|0|3295|7|0|1|255|0|10|0|203179.813211896|200327.443823782|0|0|0|1|3|100|1|1
32966.071427|0|1|0|3296|6|0|2|255|150|10|0|118010.327500927|114071.287987882|0|0|3|1|3|100|1|1
33037.071427|0|2|0|3303|7|0|1|255|100|10|0|110760.112548475|109566.520572874|0|0|2|1|3|100|1|1
33049.071427|0|1|0|3304|9|0|2|255|0|10|0|163642.518625137|161203.675028147|0|0|0|1|3|100|1|1
33057.071427|0|2|0|3305|7|0|1|255|0|10|0|109300.941169766|107770.755478378|0|0|0|1|3|100|1|1
33066.071427|0|1|0|3306|6|0|2|255|150|10|0|292958.726573127|292821.917969967|0|0|3|1|3|100|1|1
33137.071427|0|2|0|3313|7|0|1|255|100|10|0|308736.30949246|304613.526267674|0|0|2|1|3|100|1|1
33149.071427|0|1|0|3314|9|0|2|255|0|10|0|109358.362327422|108720.611355416|0|0|0|1|3|100|1|1
33157.071427|0|2|0|3315|7|0|1|255|0|10|0|193490.486616128|189675.138560315|0|0|0|1|3|100|1|1
33166.071427|0|1|0|3316|6|0|2|255|150|10|0|99363.5015015784|99127.5732207744|0|0|3|1|3|100|1|1
33237.071427|0|2|0|3323|7|0|1|255|100|10|0|123331.672859357|121178.185659897|0|0|2|1|3|100|1|1
33249.071427|0|1|0|3324|9|0|2|255|0|10|0|268485.532233615|263388.130074452|0|0|0|1|3|100|1|1
33257.071427|0|2|0|3325|7|0|1|255|0|10|0|269016.538784398|268651.988959181|0|0|0|1|3|100|1|1
33266.071427|0|1|0|3326|6|0|2|255|150|10|0|166235.285872531|165557.359469957|0|0|3|1|3|100|1|1
33337.071427|0|2|0|3333|7|0|1|255|100|10|0|123187.98536544|119342.125603727|0|0|2|1|3|100|1|1
33349.071427|0|1|0|3334|9|0|2|255|0|10|0|165589.896286658|163015.814960512|0|0|0|1|3|100|1|1
33357.071427|0|2|0|3335|7|0|1|255|0|10|0|83877.6637010385|82764.736242192|0|0|0|1|3|100|1|1
33366.071427|0|1|0|3336|6|0|2|255|150|10|0|174738.318689801|172763.670414365|0|0|3|1|3|100|1|1
33437.071427|0|2|0|3343|7|0|1|255|100|10|0|284801.481746287|280604.546198366|0|0|2|1|3|100|1|1
33457.071427|0|2|0|3345|7|0|1|255|0|10|0|220500.604701021|217021.342596973|0|0|0|1|3|100|1|1
33459.071427|0|1|0|3345|9|0|2|255|50|10|0|301993.5842886|299730.283146204|0|0|1|1|3|100|1|1
33477.071427|0|1|0|3347|7|0|2|255|0|10|0|199688.310277025|197197.835820883|0|0|0|1|3|100|1|1
33537.071427|0|2|0|3353|7|0|1|255|100|10|0|165767.081589437|165524.441230283|0|0|2|1|3|100|1|1
33557.071427|0|2|0|3355|7|0|1|255|0|10|0|232963.536989715|228276.140912558|0|0|0|1|3|100|1|1
33559.071427|0|1|0|3355|9|0|2|255|50|10|0|157126.681445607|151769.386962574|0|0|1|1|3|100|1|1
33577.071427|0|1|0|3357|7|0|2|255|0|10|0|182635.797238866|178490.668002448|0|0|0|1|3|100|1|1
33637.071427|0|2|0|3363|7|0|1|255|100|10|0|95478.2297253912|94120.7087875926|0|0|2|1|3|100|1|1
33657.071427|0|2|0|3365|7|0|1|255|0|10|0|71879.7894215617|69414.5948286497|0|0|0|1|3|100|1|1
33659.071427|0|1|0|3365|9|0|2|255|50|10|0|91700.7701984924|90517.2263233146|0|0|1|1|3|100|1|1
33677.071427|0|1|0|3367|7|0|2|255|0|10|0|186503.146820331|185753.798223403|0|0|0|1|3|100|1|1
33737.071427|0|2|0|3373|7|0|1|255|100|10|0|242805.122193692|240665.973077751|0|0|2|1|3|100|1|1
33757.071427|0|2|0|3375|7|0|1|255|0|10|0|254539.8655257|249718.98528724|0|0|0|1|3|100|1|1
33759.071427|0|1|0|3375|9|0|2|255|50|10|0|264873.51237241|261756.100998682|0|0|1|1|3|100|1|1
33777.071427|0|1|0|3377|7|0|2|255|0|10|0|102327.693622919|100879.67024682|0|0|0|1|3|100|1|1
33837.071427|0|2|0|3383|7|0|1|255|100|10|0|165143.23271338|164677.067015725|0|0|2|1|3|100|1|1
33857.071427|0|2|0|3385|7|0|1|255|0|10|0|282043.280132101|276906.286097119|0|0|0|1|3|100|1|1
33859.071427|0|1|0|3385|9|0|2|255|50|10|0|219874.984005372|218549.413669039|0|0|1|1|3|100|1|1
33877.071427|0|1|0|3387|7|0|2|255|0|10|0|223148.181065707|216848.370871338|0|0|0|1|3|100|1|1
33937.071427|0|2|0|3393|7|0|1|255|100|10|0|165481.011281235|160777.839578977|0|0|2|1|3|100|1|1
33957.071427|0|2|0|3395|7|0|1|255|0|10|0|82324.0544352295|81646.6182710107|0|0|0|1|3|100|1|1
33959.071427|0|1|0|3395|9|0|2|255|50|10|0|80613.5370260833|80342.1819323324|0|0|1|1|3|100|1|1
33977.071427|0|1|0|3397|7|0|2|255|0|10|0|191707.780259203|188345.728946707|0|0|0|1|3|100|1|1
34037.071427|0|2|0|3403|7|0|1|255|100|10|0|142625.887225676|137360.987972653|0|0|2|1|3|100|1|1
34057.071427|0|2|0|3405|7|0|1|255|0|10|0|148068.773757448|146802.847766765|0|0|0|1|3|100|1|1
34059.071427|0|1|0|3405|9|0|2|255|50|10|0|273123.83322074|267675.699747929|0|0|1|1|3|100|1|1
34077.071427|0|1|0|3407|7|0|2|255|0|10|0|170729.041489127|170139.885663302|0|0|0|1|3|100|1|1
34137.071427|0|2|0|3413|7|0|1|255|100|10|0|257471.983682658|256946.704036975|0|0|2|1|3|100|1|1
34157.071427|0|2|0|3415|7|0|1|255|0|10|0|318755.285386947|315431.094299056|0|0|0|1|3|100|1|1
34159.071427|0|1|0|3415|9|0|2|255|50|10|0|162617.582404363|159521.327505198|0|0|1|1|3|100|1|1
34177.071427|0|1|0|3417|7|0|2|255|0|10|0|138939.78897831|137395.326373731|0|0|0|1|3|100|1|1
34237.071427|0|2|0|3423|7|0|1|255|100|10|0|106601.678400576|105957.22493133|0|0|2|1|3|100|1|1
34257.071427|0|2|0|3425|7|0|1|255|0|10|0|67096.9060022817|66249.3296818492|0|0|0|1|3|100|1|1
34259.071427|0|1|0|3425|9|0|2|255|50|10|0|98591.3445920537|96865.7109312949|0|0|1|1|3|100|1|1
34277.071427|0|1|0|3427|7|0|2|255|0|10|0|268227.933682507|263899.371708114|0|0|0|1|3|100|1|1
34337.071427|0|2|0|3433|7|0|1|255|0|10|0|141844.404789652|140224.22274317|0|0|0|1|3|100|1|1
34348.071427|0|2|0|3434|8|0|1|255|50|10|0|233782.199218532|233437.51863154|0|0|1|1|3|100|1|1
34359.071427|0|1|0|3435|9|0|2|255|50|10|0|241958.222120855|237572.261895432|0|0|1|1|3|100|1|1
34377.071427|0|1|0|3437|7|0|2|255|0|10|0|84075.7238331972|82143.0250827017|0|0|0|1|3|100|1|1
34437.071427|0|2|0|3443|7|0|1|255|0|10|0|203678.507055372|202594.690725858|0|0|0|1|3|100|1|1
34448.071427|0|2|0|3444|8|0|1|255|50|10|0|124708.346268592|124227.888963326|0|0|1|1|3|100|1|1
34459.071427|0|1|0|3445|9|0|2|255|50|10|0|210777.204026359|207768.993679588|0|0|1|1|3|100|1|1
34477.071427|0|1|0|3447|7|0|2|255|0|10|0|266289.658610883|263599.39051099|0|0|0|1|3|100|1|1
34537.071427|0|2|0|3453|7|0|1|255|0|10|0|147750.233521401|145337.47392409|0|0|0|1|3|100|1|1
34548.071427|0|2|0|3454|8|0|1|255|50|10|0|183579.432778007|180624.205307391|0|0|1|1|3|100|1|1
34559.071427|0|1|0|3455|9|0|2|255|50|10|0|129138.887332886|127623.744033159|0|0|1|1|3|100|1|1
34577.071427|0|1|0|3457|7|0|2|255|0|10|0|191663.744585395|191487.634940714|0|0|0|1|3|100|1|1
34637.071427|0|2|0|3463|7|0|1|255|0|10|0|144788.600233865|143849.895956287|0|0|0|1|3|100|1|1
34648.071427|0|2|0|3464|8|0|1|255|50|10|0|164861.449636673|164687.219707207|0|0|1|1|3|100|1|1
34659.071427|0|1|0|3465|9|0|2|255|50|10|0|138837.490100144|133567.700865714|0|0|1|1|3|100|1|1
34677.071427|0|1|0|3467|7|0|2|255|0|10|0|127345.998518468|121686.623893682|0|0|0|1|3|100|1|1
34737.071427|0|2|0|3473|7|0|1|255|0|10|0|293407.192194357|292079.154062048|0|0|0|1|3|100|1|1
34748.071427|0|2|0|3474|8|0|1|255|50|10|0|186100.244500837|184941.524905939|0|0|1|1|3|100|1|1
34759.071427|0|1|0|3475|9|0|2|255|50|10|0|249818.321922723|245717.938143412|0|0|1|1|3|100|1|1
34777.071427|0|1|0|3477|7|0|2|255|0|10|0|216885.894581219|210451.509143462|0|0|0|1|3|100|1|1
34837.071427|0|2|0|3483|7|0|1|255|0|10|0|121035.78833797|116390.966327815|0|0|0|1|3|100|1|1
34848.071427|0|2|0|3484|8|0|1|255|50|10|0|151985.717088357|145266.302311696|0|0|1|1|3|100|1|1
34849.071427|0|1|0|3484|9|0|2|255|50|10|0|174839.688473319|168489.92347554|0|0|1|1|3|100|1|1
34869.071427|0|1|0|3486|9|0|2|255|150|10|0|248101.01221844|243700.362043058|0|0|3|1|3|100|1|1
34937.071427|0|2|0|3493|7|0|1|255|0|10|0|124850.119568769|121113.360436009|0|0|0|1|3|100|1|1
34948.071427|0|2|0|3494|8|0|1|255|50|10|0|244010.206931211|237785.249894572|0|0|1|1|3|100|1|1
34949.071427|0|1|0|3494|9|0|2|255|50|10|0|257098.961543272|248621.284801108|0|0|1|1|3|100|1|1
34969.071427|0|1|0|3496|9|0|2|255|150|10|0|185683.310312024|182198.664532559|0|0|3|1|3|100|1|1
35037.071427|0|2|0|3503|7|0|1|255|0|10|0|252304.811313533|251992.062745252|0|0|0|1|3|100|1|1
35048.071427|0|2|0|3504|8|0|1|255|50|10|0|139590.408543477|138140.420380333|0|0|1|1|3|100|1|1
35049.071427|0|1|0|3504|9|0|2|255|50|10|0|104835.968766198|104450.828237199|0|0|1|1|3|100|1|1
35069.071427|0|1|0|3506|9|0|2|255|150|10|0|136088.47736899|136043.520951583|0|0|3|1|3|100|1|1
35137.071427|0|2|0|3513|7|0|1|255|0|10|0|195418.924290929|193428.670456297|0|0|0|1|3|100|1|1
35148.071427|0|2|0|3514|8|0|1|255|50|10|0|168378.116156562|166009.558042196|0|0|1|1|3|100|1|1
35149.071427|0|1|0|3514|9|0|2|255|50|10|0|208348.026941854|204669.484357152|0|0|1|1|3|100|1|1
35169.071427|0|1|0|3516|9|0|2|255|150|10|0|143140.712491748|139706.156954901|0|0|3|1|3|100|1|1
35237.071427|0|2|0|3523|7|0|1|255|0|10|0|103971.721216308|100839.718163232|0|0|0|1|3|100|1|1
35248.071427|0|2|0|3524|8|0|1|255|50|10|0|226956.856908588|225173.807089052|0|0|1|1|3|100|1|1
35249.071427|0|1|0|3524|9|0|2|255|50|10|0|223848.280336781|222382.117441913|0|0|1|1|3|100|1|1
35269.071427|0|1|0|3526|9|0|2|255|150|10|0|259992.453166673|254267.145238154|0|0|3|1|3|100|1|1
35337.071427|0|2|0|3533|7|0|1|255|0|10|0|319175.072344803|312946.486761504|0|0|0|1|3|100|1|1
35348.071427|0|2|0|3534|8|0|1|255|50|10|0|130069.462579018|129440.919584832|0|0|1|1|3|100|1|1
35357.071427|0|1|0|3535|7|0|2|255|100|10|0|183041.345871504|181926.495110838|0|0|2|1|3|100|1|1
35369.071427|0|1|0|3536|9|0|2|255|50|10|0|178586.829054432|175540.691750647|0|0|1|1|3|100|1|1
35439.071427|0|2|0|3543|9|0|1|255|100|10|0|106176.595396331|104904.431021585|0|0|2|1|3|100|1|1
35447.071427|0|2|0|3544|7|0|1|255|0|10|0|115190.419822826|113934.325478056|0|0|0|1|3|100|1|1
35457.071427|0|1|0|3545|7|0|2|255|100|10|0|153017.684150272|152085.404769742|0|0|2|1|3|100|1|1
35469.071427|0|1|0|3546|9|0|2|255|50|10|0|92823.8119732861|91454.6327371017|0|0|1|1|3|100|1|1
35539.071427|0|2|0|3553|9|0|1|255|100|10|0|148517.485808202|148276.641665518|0|0|2|1|3|100|1|1
35547.071427|0|2|0|3554|7|0|1|255|0|10|0|312022.472616783|309809.036677177|0|0|0|1|3|100|1|1
35557.071427|0|1|0|3555|7|0|2|255|100|10|0|196712.173945105|193777.820964647|0|0|2|1|3|100|1|1
35569.071427|0|1|0|3556|9|0|2|255|50|10|0|231159.938729671|228958.950609207|0|0|1|1|3|100|1|1
35639.071427|0|2|0|3563|9|0|1|255|100|10|0|281572.013738606|275260.555187638|0|0|2|1|3|100|1|1
35647.071427|0|2|0|3564|7|0|1|255|0|10|0|94215.1284957017|91574.3984987652|0|0|0|1|3|100|1|1
35657.071427|0|1|0|3565|7|0|2|255|100|10|0|137294.303813857|131041.516052061|0|0|2|1|3|100|1|1
35669.071427|0|1|0|3566|9|0|2|255|50|10|0|237910.208092912|236064.781064051|0|0|1|1|3|100|1|1
35739.071427|0|2|0|3573|9|0|1|255|100|10|0|125350.181407673|122410.074401262|0|0|2|1|3|100|1|1
35747.071427|0|2|0|3574|7|0|1|255|0|10|0|184697.41610713|181996.965658383|0|0|0|1|3|100|1|1
35757.071427|0|1|0|3575|7|0|2|255|100|10|0|238105.061139993|236823.916480503|0|0|2|1|3|100|1|1
35769.071427|0|1|0|3576|9|0|2|255|50|10|0|88133.6864087014|85301.1097125235|0|0|1|1|3|100|1|1
35839.071427|0|2|0|3583|9|0|1|255|100|10|0|105318.03485731|105196.616626132|0|0|2|1|3|100|1|1
35847.071427|0|2|0|3584|7|0|1|255|0|10|0|244512.868962861|242186.406921887|0|0|0|1|3|100|1|1
35857.071427|0|1|0|3585|7|0|2|255|100|10|0|176779.000734567|174539.901392179|0|0|2|1|3|100|1|1
35869.071427|0|1|0|3586|9|0|2|255|50|10|0|198314.033342456|195512.913245162|0|0|1|1|3|100|1|1
35939.071427|0|2|0|3593|9|0|1|255|100|10|0|274391.521468307|271608.606540574|0|0|2|1|3|100|1|1
35947.071427|0|2|0|3594|7|0|1|255|0|10|0|187489.787825968|181303.674596372|0|0|0|1|3|100|1|1
35957.071427|0|1|0|3595|7|0|2|255|100|10|0|132507.651163366|130922.727557058|0|0|2|1|3|100|1|1
35969.071427|0|1|0|3596|9|0|2|255|50|10|0|224536.680822955|223034.227065583|0|0|1|1|3|100|1|1
36039.071427|0|2|0|3603|9|0|1|255|100|10|0|164953.52246817|163141.2447147|0|0|2|1|3|100|1|1
36047.071427|0|2|0|3604|7|0|1|255|0|10|0|110426.765136076|106557.943744549|0|0|0|1|3|100|1|1
36057.071427|0|1|0|3605|7|0|2|255|150|10|0|202049.327553173|201310.582916374|0|0|3|1|3|100|1|1
36078.071427|0|1|0|3607|8|0|2|255|0|10|0|209572.996814847|206689.601810921|0|0|0|1|3|100|1|1
36139.071427|0|2|0|3613|9|0|1|255|100|10|0|154847.981468261|153862.047777486|0|0|2|1|3|100|1|1
36147.071427|0|2|0|3614|7|0|1|255|0|10|0|286433.522135031|284064.128153112|0|0|0|1|3|100|1|1
36157.071427|0|1|0|3615|7|0|2|255|150|10|0|221926.84794964|214887.514209917|0|0|3|1|3|100|1|1
36178.071427|0|1|0|3617|8|0|2|255|0|10|0|187352.573936617|183109.406715014|0|0|0|1|3|100|1|1
36239.071427|0|2|0|3623|9|0|1|255|100|10|0|134192.26788405|130983.431171928|0|0|2|1|3|100|1|1
36247.071427|0|2|0|3624|7|0|1|255|0|10|0|127633.972159432|125230.610892317|0|0|0|1|3|100|1|1
36257.071427|0|1|0|3625|7|0|2|255|150|10|0|87207.4888103573|82899.6825427421|0|0|3|1|3|100|1|1
36278.071427|0|1|0|3627|8|0|2|255|0|10|0|171598.734393822|170000.887524363|0|0|0|1|3|100|1|1
36339.071427|0|2|0|3633|9|0|1|255|100|10|0|239240.918984696|236605.570673793|0|0|2|1|3|100|1|1
36347.071427|0|2|0|3634|7|0|1|255|0|10|0|158058.741550556|157428.896822136|0|0|0|1|3|100|1|1
36357.071427|0|1|0|3635|7|0|2|255|150|10|0|257878.043784316|256425.680089109|0|0|3|1|3|100|1|1
36378.071427|0|1|0|3637|8|0|2|255|0|10|0|134144.761941647|129302.338757206|0|0|0|1|3|100|1|1
36439.071427|0|2|0|3643|9|0|1|255|100|10|0|115907.973765048|113291.348232037|0|0|2|1|3|100|1|1
36447.071427|0|2|0|3644|7|0|1|255|0|10|0|229231.340620652|227400.962666102|0|0|0|1|3|100|1|1
36457.071427|0|1|0|3645|7|0|2|255|150|10|0|215237.08689784|214238.609812637|0|0|3|1|3|100|1|1
36478.071427|0|1|0|3647|8|0|2|255|0|10|0|264039.436365697|261127.542490961|0|0|0|1|3|100|1|1
36537.071427|0|2|0|3653|7|0|1|255|100|10|0|217534.328434223|216191.135816023|0|0|2|1|3|100|1|1
36546.071427|0|2|0|3654|6|0|1|255|50|10|0|286738.48512599|281619.439799003|0|0|1|1|3|100|1|1
36557.071427|0|1|0|3655|7|0|2|255|150|10|0|105624.191105241|104124.189109622|0|0|3|1|3|100|1|1
36578.071427|0|1|0|3657|8|0|2|255|0|10|0|108282.313994927|104900.278752119|0|0|0|1|3|100|1|1
36637.071427|0|2|0|3663|7|0|1|255|100|10|0|183228.276915082|179444.838272704|0|0|2|1|3|100|1|1
36646.071427|0|2|0|3664|6|0|1|255|50|10|0|116377.860715006|113296.181092524|0|0|1|1|3|100|1|1
36657.071427|0|1|0|3665|7|0|2|255|150|10|0|251302.892919794|250182.470043712|0|0|3|1|3|100|1|1
36678.071427|0|1|0|3667|8|0|2|255|0|10|0|214064.804069792|212452.111793753|0|0|0|1|3|100|1|1
36737.071427|0|2|0|3673|7|0|1|255|100|10|0|169250.510425833|163580.633030274|0|0|2|1|3|100|1|1
36746.071427|0|2|0|3674|6|0|1|255|50|10|0|203812.80647129|200463.753769619|0|0|1|1|3|100|1|1
36757.071427|0|1|0|3675|7|0|2|255|150|10|0|175528.555600518|171444.183578509|0|0|3|1|3|100|1|1
36778.071427|0|1|0|3677|8|0|2|255|0|10|0|220996.301491214|219881.300010751|0|0|0|1|3|100|1|1
36837.071427|0|2|0|3683|7|0|1|255|100|10|0|142410.820660301|141802.397735538|0|0|2|1|3|100|1|1
36846.071427|0|2|0|3684|6|0|1|255|50|10|0|161171.910004514|160437.307242363|0|0|1|1|3|100|1|1
36857.071427|0|1|0|3685|7|0|2|255|150|10|0|97370.2363187308|95413.7831471922|0|0|3|1|3|100|1|1
36878.071427|0|1|0|3687|8|0|2|255|0|10|0|113908.992650277|109063.126904772|0|0|0|1|3|100|1|1
36937.071427|0|2|0|3693|7|0|1|255|100|10|0|206771.476247275|206434.815637712|0|0|2|1|3|100|1|1
36946.071427|0|2|0|3694|6|0|1|255|50|10|0|149861.004697987|149225.286115285|0|0|1|1|3|100|1|1
36957.071427|0|1|0|3695|7|0|2|255|150|10|0|251118.452105512|246377.052093182|0|0|3|1|3|100|1|1
36978.071427|0|1|0|3697|8|0|2|255|0|10|0|216630.347219934|208168.048964139|0|0|0|1|3|100|1|1
37037.071427|0|2|0|3703|7|0|1|255|100|10|0|171960.540656573|166339.536683843|0|0|2|1|3|100|1|1
37046.071427|0|2|0|3704|6|0|1|255|50|10|0|211729.160646152|206341.08420486|0|0|1|1|3|100|1|1
37057.071427|0|1|0|3705|7|0|2|255|150|10|0|237133.870136339|232198.163224028|0|0|3|1|3|100|1|1
37078.071427|0|1|0|3707|8|0|2|255|0|10|0|245836.265814441|242491.207143423|0|0|0|1|3|100|1|1
37137.071427|0|2|0|3713|7|0|1|255|100|10|0|116536.103505333|113118.273392864|0|0|2|1|3|100|1|1
37146.071427|0|2|0|3714|6|0|1|255|50|10|0|183575.862110411|180476.04726782|0|0|1|1|3|100|1|1
37157.071427|0|1|0|3715|7|0|2|255|150|10|0|114778.952356504|112173.025736115|0|0|3|1|3|100|1|1
37178.071427|0|1|0|3717|8|0|2|255|0|10|0|116007.668511738|115421.018502357|0|0|0|1|3|100|1|1
37237.071427|0|2|0|3723|7|0|1|255|100|10|0|269055.795765956|268517.690991462|0|0|2|1|3|100|1|1
37246.071427|0|2|0|3724|6|0|1|255|50|10|0|161616.756216941|159224.104316232|0|0|1|1|3|100|1|1
37257.071427|0|1|0|3725|7|0|2|255|150|10|0|163121.732182953|159789.294137248|0|0|3|1|3|100|1|1
37278.071427|0|1|0|3727|8|0|2|255|0|10|0|198807.400389548|197621.434832756|0|0|0|1|3|100|1|1
37337.071427|0|2|0|3733|7|0|1|255|100|10|0|185235.757013496|182973.856896091|0|0|2|1|3|100|1|1
37346.071427|0|2|0|3734|6|0|1|255|50|10|0|150946.005084228|150627.43995729|0|0|1|1|3|100|1|1
37357.071427|0|1|0|3735|7|0|2|255|150|10|0|217409.962635481|215056.176658607|0|0|3|1|3|100|1|1
37378.071427|0|1|0|3737|8|0|2|255|0|10|0|248794.748311824|244677.236433771|0|0|0|1|3|100|1|1
37437.071427|0|2|0|3743|7|0|1|255|100|10|0|86744.2358898725|85018.8868558575|0|0|2|1|3|100|1|1
37446.071427|0|2|0|3744|6|0|1|255|50|10|0|178623.197690862|178134.416586577|0|0|1|1|3|100|1|1
37457.071427|0|1|0|3745|7|0|2|255|150|10|0|136939.916356477|136758.774586643|0|0|3|1|3|100|1|1
37478.071427|0|1|0|3747|8|0|2|255|0|10|0|82832.3027631544|82566.7250481311|0|0|0|1|3|100|1|1
37537.071427|0|2|0|3753|7|0|1|255|100|10|0|228496.495753991|222599.429080557|0|0|2|1|3|100|1|1
37546.071427|0|2|0|3754|6|0|1|255|50|10|0|196679.370947044|192175.657851984|0|0|1|1|3|100|1|1
37549.071427|0|1|0|3754|9|0|2|255|50|10|0|159700.661252486|158953.555260887|0|0|1|1|3|100|1|1
37567.071427|0|1|0|3756|7|0|2|255|150|10|0|157937.652510391|154452.935757119|0|0|3|1|3|100|1|1
37637.071427|0|2|0|3763|7|0|1|255|100|10|0|252608.610736447|252321.505613637|0|0|2|1|3|100|1|1
37646.071427|0|2|0|3764|6|0|1|255|50|10|0|122901.334018354|121118.019722186|0|0|1|1|3|100|1|1
37649.071427|0|1|0|3764|9|0|2|255|50|10|0|142151.155551756|140810.547765104|0|0|1|1|3|100|1|1
37667.071427|0|1|0|3766|7|0|2|255|150|10|0|117896.163293535|114985.072469148|0|0|3|1|3|100|1|1
37737.071427|0|2|0|3773|7|0|1|255|100|10|0|73920.8458667777|73491.3500567679|0|0|2|1|3|100|1|1
37746.071427|0|2|0|3774|6|0|1|255|50|10|0|208766.857651404|207793.413751017|0|0|1|1|3|100|1|1
37749.071427|0|1|0|3774|9|0|2|255|50|10|0|264656.955344051|264110.861867869|0|0|1|1|3|100|1|1
37767.071427|0|1|0|3776|7|0|2|255|150|10|0|230966.041964435|228749.105442885|0|0|3|1|3|100|1|1
37837.071427|0|2|0|3783|7|0|1|255|100|10|0|229749.056690736|225144.815627119|0|0|2|1|3|100|1|1
37846.071427|0|2|0|3784|6|0|1|255|50|10|0|204868.407418188|199462.464041444|0|0|1|1|3|100|1|1
37849.071427|0|1|0|3784|9|0|2|255|50|10|0|115529.129866994|111691.629717012|0|0|1|1|3|100|1|1
37867.071427|0|1|0|3786|7|0|2|255|150|10|0|192125.670344252|185472.18223533|0|0|3|1|3|100|1|1
37937.071427|0|2|0|3793|7|0|1|255|0|10|0|251140.075507136|243648.587578714|0|0|0|1|3|100|1|1
37946.071427|0|2|0|3794|6|0|1|255|100|10|0|104833.235498115|103885.748736352|0|0|2|1|3|100|1|1
37949.071427|0|1|0|3794|9|0|2|255|50|10|0|171182.175882854|164158.075572372|0|0|1|1|3|100|1|1
37967.071427|0|1|0|3796|7|0|2|255|150|10|0|136537.641181005|132525.443823933|0|0|3|1|3|100|1|1
38037.071427|0|2|0|3803|7|0|1|255|0|10|0|112758.307483895|110419.668809755|0|0|0|1|3|100|1|1
38046.071427|0|2|0|3804|6|0|1|255|100|10|0|162397.475422363|159303.611683938|0|0|2|1|3|100|1|1
38049.071427|0|1|0|3804|9|0|2|255|50|10|0|264753.34015052|262073.707637155|0|0|1|1|3|100|1|1
38067.071427|0|1|0|3806|7|0|2|255|150|10|0|169234.56549764|169109.528378776|0|0|3|1|3|100|1|1
38137.071427|0|2|0|3813|7|0|1|255|0|10|0|167479.970522337|167201.463418049|0|0|0|1|3|100|1|1
38146.071427|0|2|0|3814|6|0|1|255|100|10|0|276291.624435895|272068.923683442|0|0|2|1|3|100|1|1
38149.071427|0|1|0|3814|9|0|2|255|50|10|0|174116.095034086|173022.639471092|0|0|1|1|3|100|1|1
38167.071427|0|1|0|3816|7|0|2|255|150|10|0|204880.701211558|201929.254985973|0|0|3|1|3|100|1|1
38237.071427|0|2|0|3823|7|0|1|255|0|10|0|253743.358688695|253286.331933677|0|0|0|1|3|100|1|1
38246.071427|0|2|0|3824|6|0|1|255|100|10|0|76720.7331887156|75953.9376891984|0|0|2|1|3|100|1|1
38249.071427|0|1|0|3824|9|0|2|255|50|10|0|93785.1653713727|92427.6627989322|0|0|1|1|3|100|1|1
38267.071427|0|1|0|3826|7|0|2|255|150|10|0|158687.119182985|154500.64061815|0|0|3|1|3|100|1|1
38337.071427|0|2|0|3833|7|0|1|255|0|10|0|85533.4494543962|82982.5735041647|0|0|0|1|3|100|1|1
38346.071427|0|2|0|3834|6|0|1|255|100|10|0|195529.386054452|192102.653208099|0|0|2|1|3|100|1|1
38357.071427|0|1|0|3835|7|0|2|255|0|10|0|188332.937076258|185341.138350158|0|0|0|1|3|100|1|1
38369.071427|0|1|0|3836|9|0|2|255|100|10|0|174403.333662521|174211.663438289|0|0|2|1|3|100|1|1
38437.071427|0|2|0|3843|7|0|1|255|0|10|0|274753.041377754|271596.150753648|0|0|0|1|3|100|1|1
38446.071427|0|2|0|3844|6|0|1|255|100|10|0|292735.973884307|287502.228766194|0|0|2|1|3|100|1|1
38457.071427|0|1|0|3845|7|0|2|255|0|10|0|79797.2481812685|76898.3844571335|0|0|0|1|3|100|1|1
38469.071427|0|1|0|3846|9|0|2|255|100|10|0|260082.742591457|255547.410712557|0|0|2|1|3|100|1|1
38537.071427|0|2|0|3853|7|0|1|255|0|10|0|178102.038153502|176104.649499816|0|0|0|1|3|100|1|1
38546.071427|0|2|0|3854|6|0|1|255|100|10|0|108202.30026411|107959.397655858|0|0|2|1|3|100|1|1
38557.071427|0|1|0|3855|7|0|2|255|0|10|0|344966.778892835|344477.451509117|0|0|0|1|3|100|1|1
38569.071427|0|1|0|3856|9|0|2|255|100|10|0|135819.083664697|129618.088690872|0|0|2|1|3|100|1|1
38644.071427|0|2|0|3864|4|0|1|255|0|10|0|162207.643726016|160393.006450793|0|0|0|1|3|100|1|1
38649.071427|0|2|0|3864|9|0|1|255|100|10|0|201936.755282079|200204.325169409|0|0|2|1|3|100|1|1
38657.071427|0|1|0|3865|7|0|2|255|0|10|0|150494.39308865|149896.265041193|0|0|0|1|3|100|1|1
38669.071427|0|1|0|3866|9|0|2|255|100|10|0|145453.459995573|143996.272541374|0|0|2|1|3|100|1|1
38744.071427|0|2|0|3874|4|0|1|255|0|10|0|232665.930598627|230093.834832084|0|0|0|1|3|100|1|1
38749.071427|0|2|0|3874|9|0|1|255|100|10|0|256207.173171537|253949.731211441|0|0|2|1|3|100|1|1
38757.071427|0|1|0|3875|7|0|2|255|0|10|0|95596.7079379005|91112.6974393595|0|0|0|1|3|100|1|1
38769.071427|0|1|0|3876|9|0|2|255|100|10|0|241036.883130735|239144.08475019|0|0|2|1|3|100|1|1
38844.071427|0|2|0|3884|4|0|1|255|0|10|0|178487.290146567|173194.47532474|0|0|0|1|3|100|1|1
38849.071427|0|2|0|3884|9|0|1|255|100|10|0|104217.217640899|102526.777654365|0|0|2|1|3|100|1|1
38859.071427|0|1|0|3885|9|0|2|255|100|10|0|272118.285856138|269869.623069655|0|0|2|1|3|100|1|1
38869.071427|0|1|0|3886|9|0|2|255|50|10|0|112344.011915728|106826.904422156|0|0|1|1|3|100|1|1
38944.071427|0|2|0|3894|4|0|1|255|0|10|0|123061.487916503|116531.667017129|0|0|0|1|3|100|1|1
38949.071427|0|2|0|3894|9|0|1|255|100|10|0|223139.198010982|218946.446608159|0|0|2|1|3|100|1|1
38959.071427|0|1|0|3895|9|0|2|255|100|10|0|175417.447255424|175100.639556386|0|0|2|1|3|100|1|1
38969.071427|0|1|0|3896|9|0|2|255|50|10|0|188710.761313131|187157.366426466|0|0|1|1|3|100|1|1
39044.071427|0|2|0|3904|4|0|1|255|0|10|0|272601.574753763|271873.834926787|0|0|0|1|3|100|1|1
39049.071427|0|2|0|3904|9|0|1|255|100|10|0|147794.680829123|147413.092092367|0|0|2|1|3|100|1|1
39059.071427|0|1|0|3905|9|0|2|255|100|10|0|88415.5548174792|86883.3018591604|0|0|2|1|3|100|1|1
39069.071427|0|1|0|3906|9|0|2|255|50|10|0|263237.245838439|260745.589209168|0|0|1|1|3|100|1|1
39144.071427|0|2|0|3914|4|0|1|255|0|10|0|155992.443409522|155098.192445294|0|0|0|1|3|100|1|1
39149.071427|0|2|0|3914|9|0|1|255|100|10|0|174833.66297185|173448.930157305|0|0|2|1|3|100|1|1
39159.071427|0|1|0|3915|9|0|2|255|100|10|0|277585.751300458|274715.046767859|0|0|2|1|3|100|1|1
39169.071427|0|1|0|3916|9|0|2|255|50|10|0|104514.397028103|101932.726760285|0|0|1|1|3|100|1|1
39237.071427|0|2|0|3923|7|0|1|255|50|10|0|177030.592116391|173902.570095493|0|0|1|1|3|100|1|1
39248.071427|0|2|0|3924|8|0|1|255|150|10|0|131880.435988096|131213.75457808|0|0|3|1|3|100|1|1
39259.071427|0|1|0|3925|9|0|2|255|100|10|0|132005.362280399|129530.874644529|0|0|2|1|3|100|1|1
39269.071427|0|1|0|3926|9|0|2|255|50|10|0|108266.050574142|107934.171443107|0|0|1|1|3|100|1|1
39337.071427|0|2|0|3933|7|0|1|255|50|10|0|108128.243004378|108045.501171623|0|0|1|1|3|100|1|1
39348.071427|0|2|0|3934|8|0|1|255|150|10|0|247376.26528426|245959.527729237|0|0|3|1|3|100|1|1
39359.071427|0|1|0|3935|9|0|2|255|100|10|0|196466.683956433|193117.869429831|0|0|2|1|3|100|1|1
39369.071427|0|1|0|3936|9|0|2|255|50|10|0|401683.468677967|400626.379149082|0|0|1|1|3|100|1|1
39437.071427|0|2|0|3943|7|0|1|255|50|10|0|209599.663116423|208803.447103949|0|0|1|1|3|100|1|1
39448.071427|0|2|0|3944|8|0|1|255|150|10|0|114380.793396154|111244.632548142|0|0|3|1|3|100|1|1
39459.071427|0|1|0|3945|9|0|2|255|100|10|0|161097.527637323|160645.180834344|0|0|2|1|3|100|1|1
39469.071427|0|1|0|3946|9|0|2|255|50|10|0|86840.6725012475|85402.5513184354|0|0|1|1|3|100|1|1
39537.071427|0|2|0|3953|7|0|1|255|50|10|0|206812.295783644|200867.040570508|0|0|1|1|3|100|1|1
39548.071427|0|2|0|3954|8|0|1|255|150|10|0|198874.061233401|195921.110090461|0|0|3|1|3|100|1|1
39558.071427|0|1|0|3955|8|0|2|255|50|10|0|161026.551594867|155580.767885882|0|0|1|1|3|100|1|1
39568.071427|0|1|0|3956|8|0|2|255|50|10|0|106561.335168155|104293.803155841|0|0|1|1|3|100|1|1
39637.071427|0|2|0|3963|7|0|1|255|50|10|0|106348.095735915|104266.929187385|0|0|1|1|3|100|1|1
39648.071427|0|2|0|3964|8|0|1|255|150|10|0|176185.221683076|175386.379861757|0|0|3|1|3|100|1|1
39658.071427|0|1|0|3965|8|0|2|255|50|10|0|143735.196996182|140895.693564521|0|0|1|1|3|100|1|1
39668.071427|0|1|0|3966|8|0|2|255|50|10|0|233348.251896416|230865.19978976|0|0|1|1|3|100|1|1
39737.071427|0|2|0|3973|7|0|1|255|50|10|0|203356.472959867|200861.435736652|0|0|1|1|3|100|1|1
39748.071427|0|2|0|3974|8|0|1|255|150|10|0|198755.825317577|194863.792197278|0|0|3|1|3|100|1|1
39758.071427|0|1|0|3975|8|0|2|255|50|10|0|220683.466058216|218268.946894616|0|0|1|1|3|100|1|1
39768.071427|0|1|0|3976|8|0|2|255|50|10|0|197402.185765288|195972.787798782|0|0|1|1|3|100|1|1
39837.071427|0|2|0|3983|7|0|1|255|50|10|0|251499.958695159|250860.04925333|0|0|1|1|3|100|1|1
39848.071427|0|2|0|3984|8|0|1|255|150|10|0|106892.484429371|104247.640941352|0|0|3|1|3|100|1|1
39858.071427|0|1|0|3985|8|0|2|255|50|10|0|166473.089357188|165099.396492691|0|0|1|1|3|100|1|1
39868.071427|0|1|0|3986|8|0|2|255|50|10|0|102775.974023891|98817.5036473442|0|0|1|1|3|100|1|1
39937.071427|0|2|0|3993|7|0|1|255|50|10|0|81572.9287006292|79579.1296068837|0|0|1|1|3|100|1|1
39948.071427|0|2|0|3994|8|0|1|255|150|10|0|208645.49664002|207813.374553685|0|0|3|1|3|100|1|1
39958.071427|0|1|0|3995|8|0|2|255|50|10|0|163077.892734693|160486.325855314|0|0|1|1|3|100|1|1
39968.071427|0|1|0|3996|8|0|2|255|50|10|0|266998.997062332|262179.896737709|0|0|1|1|3|100|1|1
40037.071427|0|2|0|4003|7|0|1|255|50|10|0|182201.240537146|176816.882041225|0|0|1|1|3|100|1|1
40048.071427|0|2|0|4004|8|0|1|255|150|10|0|209025.612020396|203841.273294315|0|0|3|1|3|100|1|1
40058.071427|0|1|0|4005|8|0|2|255|50|10|0|164618.221002612|163313.749145349|0|0|1|1|3|100|1|1
40068.071427|0|1|0|4006|8|0|2|255|50|10|0|162499.173390472|162295.764735916|0|0|1|1|3|100|1|1
40137.071427|0|2|0|4013|7|0|1|255|50|10|0|296957.234375066|294925.353347727|0|0|1|1|3|100|1|1
40148.071427|0|2|0|4014|8|0|1|255|150|10|0|122940.188997957|117335.502697474|0|0|3|1|3|100|1|1
40158.071427|0|1|0|4015|8|0|2|255|50|10|0|174642.211115594|169513.747807527|0|0|1|1|3|100|1|1
40168.071427|0|1|0|4016|8|0|2|255|50|10|0|118046.250541292|116862.419624426|0|0|1|1|3|100|1|1
40237.071427|0|2|0|4023|7|0|1|255|50|10|0|113970.055916275|112705.533480002|0|0|1|1|3|100|1|1
40248.071427|0|2|0|4024|8|0|1|255|150|10|0|221512.968345989|220751.109664232|0|0|3|1|3|100|1|1
40258.071427|0|1|0|4025|8|0|2|255|50|10|0|168660.77293007|165775.334856018|0|0|1|1|3|100|1|1
40268.071427|0|1|0|4026|8|0|2|255|50|10|0|204300.786266754|202639.813825678|0|0|1|1|3|100|1|1
40337.071427|0|2|0|4033|7|0|1|255|50|10|0|133956.907612024|131157.992766784|0|0|1|1|3|100|1|1
40348.071427|0|2|0|4034|8|0|1|255|150|10|0|215758.31693405|215542.260166014|0|0|3|1|3|100|1|1
40358.071427|0|1|0|4035|8|0|2|255|50|10|0|182820.974836521|179681.228072053|0|0|1|1|3|100|1|1
40368.071427|0|1|0|4036|8|0|2|255|50|10|0|186354.810168103|183105.180590351|0|0|1|1|3|100|1|1
40437.071427|0|2|0|4043|7|0|1|255|50|10|0|304036.847205835|301067.14821771|0|0|1|1|3|100|1|1
40448.071427|0|2|0|4044|8|0|1|255|150|10|0|81407.6640329615|81044.6944764487|0|0|3|1|3|100|1|1
40458.071427|0|1|0|4045|8|0|2|255|50|10|0|174469.486076771|172857.250496789|0|0|1|1|3|100|1|1
40468.071427|0|1|0|4046|8|0|2|255|50|10|0|145251.252900246|143419.228290209|0|0|1|1|3|100|1|1
40537.071427|0|2|0|4053|7|0|1|255|50|10|0|76251.1466249638|73318.8561106233|0|0|1|1|3|100|1|1
40548.071427|0|2|0|4054|8|0|1|255|150|10|0|204683.625636817|201813.867107851|0|0|3|1|3|100|1|1
40558.071427|0|1|0|4055|8|0|2|255|50|10|0|213467.484623698|211723.125688154|0|0|1|1|3|100|1|1
40568.071427|0|1|0|4056|8|0|2|255|50|10|0|188428.799481864|188184.730180341|0|0|1|1|3|100|1|1
40639.071427|0|2|0|4063|9|0|1|255|100|10|0|240983.041511639|234384.783350916|0|0|2|1|3|100|1|1
40647.071427|0|2|0|4064|7|0|1|255|100|10|0|290951.983056667|287527.166955219|0|0|2|1|3|100|1|1
40658.071427|0|1|0|4065|8|0|2|255|50|10|0|82421.6248519836|82108.6627932813|0|0|1|1|3|100|1|1
40668.071427|0|1|0|4066|8|0|2|255|50|10|0|172097.782206369|169606.975031846|0|0|1|1|3|100|1|1
40739.071427|0|2|0|4073|9|0|1|255|100|10|0|210748.233165633|209033.263401109|0|0|2|1|3|100|1|1
40747.071427|0|2|0|4074|7|0|1|255|100|10|0|106389.628326375|106165.841080948|0|0|2|1|3|100|1|1
40749.071427|0|1|0|4074|9|0|2|255|0|10|0|89670.484504985|88888.6319252342|0|0|0|1|3|100|1|1
40768.071427|0|1|0|4076|8|0|2|255|0|10|0|198253.295256916|196799.393524985|0|0|0|1|3|100|1|1
40839.071427|0|2|0|4083|9|0|1|255|100|10|0|118654.154366642|116705.512956714|0|0|2|1|3|100|1|1
40847.071427|0|2|0|4084|7|0|1|255|100|10|0|119448.170234894|114898.500815051|0|0|2|1|3|100|1|1
40849.071427|0|1|0|4084|9|0|2|255|0|10|0|257665.970724417|255010.206737177|0|0|0|1|3|100|1|1
40868.071427|0|1|0|4086|8|0|2|255|0|10|0|106286.831960656|104949.7788704|0|0|0|1|3|100|1|1
40939.071427|0|2|0|4093|9|0|1|255|100|10|0|195210.855355388|189604.685483686|0|0|2|1|3|100|1|1
40947.071427|0|2|0|4094|7|0|1|255|100|10|0|356474.688187789|355257.501943407|0|0|2|1|3|100|1|1
40949.071427|0|1|0|4094|9|0|2|255|0|10|0|160299.875067004|158020.508662328|0|0|0|1|3|100|1|1
40968.071427|0|1|0|4096|8|0|2|255|0|10|0|304683.397818197|301937.593004697|0|0|0|1|3|100|1|1
41039.071427|0|2|0|4103|9|0|1|255|100|10|0|216199.09713125|213098.56505593|0|0|2|1|3|100|1|1
41047.071427|0|2|0|4104|7|0|1|255|100|10|0|110345.315155613|109190.822750895|0|0|2|1|3|100|1|1
41049.071427|0|1|0|4104|9|0|2|255|0|10|0|168636.488917191|168056.643301401|0|0|0|1|3|100|1|1
41068.071427|0|1|0|4106|8|0|2|255|0|10|0|108090.276706483|107186.005089805|0|0|0|1|3|100|1|1
41139.071427|0|2|0|4113|9|0|1|255|100|10|0|93798.8321505061|91601.4457929239|0|0|2|1|3|100|1|1
41147.071427|0|2|0|4114|7|0|1|255|100|10|0|136530.335274653|133363.061882917|0|0|2|1|3|100|1|1
41149.071427|0|1|0|4114|9|0|2|255|0|10|0|208685.289273367|206200.084773515|0|0|0|1|3|100|1|1
41168.071427|0|1|0|4116|8|0|2|255|0|10|0|113963.953683932|111309.670850439|0|0|0|1|3|100|1|1
41239.071427|0|2|0|4123|9|0|1|255|100|10|0|235284.771512762|231960.028928819|0|0|2|1|3|100|1|1
41247.071427|0|2|0|4124|7|0|1|255|100|10|0|273595.329507606|271430.842958387|0|0|2|1|3|100|1|1
41249.071427|0|1|0|4124|9|0|2|255|0|10|0|190112.811690119|182666.777300818|0|0|0|1|3|100|1|1
41268.071427|0|1|0|4126|8|0|2|255|0|10|0|283100.167234776|276256.954172049|0|0|0|1|3|100|1|1
41338.071427|0|2|0|4133|8|0|1|255|150|10|0|180513.19154002|178789.427989975|0|0|3|1|3|100|1|1
41349.071427|0|1|0|4134|9|0|2|255|0|10|0|121291.428066999|118246.537308498|0|0|0|1|3|100|1|1
41357.071427|0|2|0|4135|7|0|1|255|100|10|0|151588.634536368|150672.525146407|0|0|2|1|3|100|1|1
41368.071427|0|1|0|4136|8|0|2|255|0|10|0|218942.536231755|215589.818474812|0|0|0|1|3|100|1|1
41438.071427|0|2|0|4143|8|0|1|255|150|10|0|153186.218873733|149237.468837026|0|0|3|1|3|100|1|1
41449.071427|0|1|0|4144|9|0|2|255|0|10|0|203892.409191266|203009.975349449|0|0|0|1|3|100|1|1
41457.071427|0|2|0|4145|7|0|1|255|100|10|0|241973.725552927|241687.124717153|0|0|2|1|3|100|1|1
41468.071427|0|1|0|4146|8|0|2|255|0|10|0|63373.6009013463|62817.1309652791|0|0|0|1|3|100|1|1
41538.071427|0|2|0|4153|8|0|1|255|150|10|0|160543.260240639|157966.780436476|0|0|3|1|3|100|1|1
41549.071427|0|1|0|4154|9|0|2|255|50|10|0|161291.901389122|159875.808801064|0|0|1|1|3|100|1|1
41557.071427|0|2|0|4155|7|0|1|255|100|10|0|167235.371985857|166852.701612097|0|0|2|1|3|100|1|1
41569.071427|0|1|0|4156|9|0|2|255|100|10|0|351463.145966241|342715.059208735|0|0|2|1|3|100|1|1
41638.071427|0|2|0|4163|8|0|1|255|150|10|0|240813.558853835|237756.268335434|0|0|3|1|3|100|1|1
41649.071427|0|1|0|4164|9|0|2|255|50|10|0|169862.849826901|168750.955325958|0|0|1|1|3|100|1|1
41657.071427|0|2|0|4165|7|0|1|255|100|10|0|154303.149206008|147937.679517665|0|0|2|1|3|100|1|1
41669.071427|0|1|0|4166|9|0|2|255|100|10|0|165738.735301419|161576.50202089|0|0|2|1|3|100|1|1
41738.071427|0|2|0|4173|8|0|1|255|150|10|0|127874.096930988|123509.74661901|0|0|3|1|3|100|1|1
41749.071427|0|1|0|4174|9|0|2|255|50|10|0|154494.182054661|150404.699837223|0|0|1|1|3|100|1|1
41757.071427|0|2|0|4175|7|0|1|255|100|10|0|303841.523588002|294113.911756358|0|0|2|1|3|100|1|1
41769.071427|0|1|0|4176|9|0|2|255|100|10|0|120000.767246462|119268.279950206|0|0|2|1|3|100|1|1
41838.071427|0|2|0|4183|8|0|1|255|150|10|0|184031.042197612|182825.070044448|0|0|3|1|3|100|1|1
41849.071427|0|1|0|4184|9|0|2|255|50|10|0|213784.717333851|208965.326281777|0|0|1|1|3|100|1|1
41857.071427|0|2|0|4185|7|0|1|255|100|10|0|116842.926816661|116521.800287397|0|0|2|1|3|100|1|1
41869.071427|0|1|0|4186|9|0|2|255|100|10|0|206657.873922776|206430.240340741|0|0|2|1|3|100|1|1
41938.071427|0|2|0|4193|8|0|1|255|150|10|0|134801.78526669|131277.373763013|0|0|3|1|3|100|1|1
41949.071427|0|1|0|4194|9|0|2|255|50|10|0|164030.495714748|163080.860466786|0|0|1|1|3|100|1|1
41957.071427|0|2|0|4195|7|0|1|255|100|10|0|142827.553475753|141276.192979116|0|0|2|1|3|100|1|1
41969.071427|0|1|0|4196|9|0|2|255|100|10|0|233203.612738866|231455.022195137|0|0|2|1|3|100|1|1
42038.071427|0|2|0|4203|8|0|1|255|150|10|0|265395.24535788|263288.602096301|0|0|3|1|3|100|1|1
42049.071427|0|1|0|4204|9|0|2|255|50|10|0|124836.477713114|122284.886312395|0|0|1|1|3|100|1|1
42057.071427|0|2|0|4205|7|0|1|255|100|10|0|244475.171091234|240573.699266498|0|0|2|1|3|100|1|1
42069.071427|0|1|0|4206|9|0|2|255|100|10|0|69006.32102146|66484.1595626081|0|0|2|1|3|100|1|1
42138.071427|0|2|0|4213|8|0|1|255|150|10|0|122448.715135442|121456.990004121|0|0|3|1|3|100|1|1
42149.071427|0|1|0|4214|9|0|2|255|50|10|0|208821.439469367|205372.775445871|0|0|1|1|3|100|1|1
42157.071427|0|2|0|4215|7|0|1|255|100|10|0|155754.476569748|153230.481689358|0|0|2|1|3|100|1|1
42169.071427|0|1|0|4216|9|0|2|255|100|10|0|303506.286915729|302868.04608779|0|0|2|1|3|100|1|1
42238.071427|0|2|0|4223|8|0|1|255|150|10|0|164751.418404868|161130.504114338|0|0|3|1|3|100|1|1
42249.071427|0|1|0|4224|9|0|2|255|50|10|0|198558.268153395|196671.895356082|0|0|1|1|3|100|1|1
42257.071427|0|2|0|4225|7|0|1|255|100|10|0|178653.23957665|177454.470690385|0|0|2|1|3|100|1|1
42269.071427|0|1|0|4226|9|0|2|255|100|10|0|162578.25487034|162297.256769457|0|0|2|1|3|100|1|1
42338.071427|0|2|0|4233|8|0|1|255|150|10|0|216356.432804519|214007.046991578|0|0|3|1|3|100|1|1
42349.071427|0|1|0|4234|9|0|2|255|0|10|0|74802.8665210752|71800.2861967618|0|0|0|1|3|100|1|1
42357.071427|0|2|0|4235|7|0|1|255|100|10|0|196640.585682455|192769.78857131|0|0|2|1|3|100|1|1
42368.071427|0|1|0|4236|8|0|2|255|100|10|0|133812.935417129|127995.364317273|0|0|2|1|3|100|1|1
42438.071427|0|2|0|4243|8|0|1|255|150|10|0|171334.756631504|167735.948728833|0|0|3|1|3|100|1|1
42449.071427|0|1|0|4244|9|0|2|255|0|10|0|230188.204888656|226040.479485898|0|0|0|1|3|100|1|1
42457.071427|0|2|0|4245|7|0|1|255|100|10|0|155841.646661795|154039.484175008|0|0|2|1|3|100|1|1
42468.071427|0|1|0|4246|8|0|2|255|100|10|0|187957.960321301|183759.737086856|0|0|2|1|3|100|1|1
42538.071427|0|2|0|4253|8|0|1|255|150|10|0|117344.735221874|111623.513006033|0|0|3|1|3|100|1|1
42549.071427|0|1|0|4254|9|0|2|255|0|10|0|225421.849053997|222709.351844647|0|0|0|1|3|100|1|1
42557.071427|0|2|0|4255|7|0|1|255|100|10|0|146286.667092954|141136.244842281|0|0|2|1|3|100|1|1
42568.071427|0|1|0|4256|8|0|2|255|100|10|0|207596.043744707|204617.372610992|0|0|2|1|3|100|1|1
42638.071427|0|2|0|4263|8|0|1|255|100|10|0|266007.775765533|264837.650254555|0|0|2|1|3|100|1|1
42648.071427|0|2|0|4264|8|0|1|255|150|10|0|132997.000853327|131590.44345121|0|0|3|1|3|100|1|1
42649.071427|0|1|0|4264|9|0|2|255|0|10|0|128981.822865575|124933.59859672|0|0|0|1|3|100|1|1
42668.071427|0|1|0|4266|8|0|2|255|100|10|0|123940.651311726|121440.619886266|0|0|2|1|3|100|1|1
42738.071427|0|2|0|4273|8|0|1|255|100|10|0|127990.990123569|122200.624544273|0|0|2|1|3|100|1|1
42748.071427|0|2|0|4274|8|0|1|255|150|10|0|147977.50783867|146457.189744569|0|0|3|1|3|100|1|1
42749.071427|0|1|0|4274|9|0|2|255|0|10|0|158043.433315661|157241.102114255|0|0|0|1|3|100|1|1
42768.071427|0|1|0|4276|8|0|2|255|100|10|0|212319.436104723|211249.656546914|0|0|2|1|3|100|1|1
42838.071427|0|2|0|4283|8|0|1|255|100|10|0|183094.697847387|175849.953391692|0|0|2|1|3|100|1|1
42848.071427|0|2|0|4284|8|0|1|255|150|10|0|305843.850530228|302049.032175847|0|0|3|1|3|100|1|1
42849.071427|0|1|0|4284|9|0|2|255|0|10|0|315743.461352229|310618.955814821|0|0|0|1|3|100|1|1
42868.071427|0|1|0|4286|8|0|2|255|100|10|0|180672.100234064|179123.022481881|0|0|2|1|3|100|1|1
42938.071427|0|2|0|4293|8|0|1|255|100|10|0|244846.796147877|244527.531844117|0|0|2|1|3|100|1|1
42948.071427|0|2|0|4294|8|0|1|255|150|10|0|114692.248802653|113633.456158209|0|0|3|1|3|100|1|1
42949.071427|0|1|0|4294|9|0|2|255|0|10|0|61156.2053513106|59854.8178484065|0|0|0|1|3|100|1|1
42968.071427|0|1|0|4296|8|0|2|255|100|10|0|148910.058883196|145345.345674696|0|0|2|1|3|100|1|1
43038.071427|0|2|0|4303|8|0|1|255|100|10|0|167572.529479671|166587.617104061|0|0|2|1|3|100|1|1
43048.071427|0|2|0|4304|8|0|1|255|150|10|0|113525.028878283|113377.452152226|0|0|3|1|3|100|1|1
43049.071427|0|1|0|4304|9|0|2|255|0|10|0|245783.133347065|243438.117557234|0|0|0|1|3|100|1|1
43068.071427|0|1|0|4306|8|0|2|255|100|10|0|173831.867191161|172884.153370251|0|0|2|1|3|100|1|1
43138.071427|0|2|0|4313|8|0|1|255|100|10|0|112867.533374016|111112.709908219|0|0|2|1|3|100|1|1
43148.071427|0|2|0|4314|8|0|1|255|150|10|0|301205.784408867|294560.835333408|0|0|3|1|3|100|1|1
43149.071427|0|1|0|4314|9|0|2|255|0|10|0|214887.64038678|214097.09115872|0|0|0|1|3|100|1|1
43168.071427|0|1|0|4316|8|0|2|255|100|10|0|187897.040119896|180579.801057367|0|0|2|1|3|100|1|1
43238.071427|0|2|0|4323|8|0|1|255|100|10|0|309721.418663431|307188.259001878|0|0|2|1|3|100|1|1
43248.071427|0|2|0|4324|8|0|1|255|150|10|0|139414.797263667|137171.798228872|0|0|3|1|3|100|1|1
43249.071427|0|1|0|4324|9|0|2|255|0|10|0|126559.363639|124564.229251472|0|0|0|1|3|100|1|1
43268.071427|0|1|0|4326|8|0|2|255|100|10|0|156360.809621262|153743.380623778|0|0|2|1|3|100|1|1
43338.071427|0|2|0|4333|8|0|1|255|100|10|0|88327.1457117947|85870.2307563023|0|0|2|1|3|100|1|1
43348.071427|0|2|0|4334|8|0|1|255|150|10|0|131073.854072851|129954.104788663|0|0|3|1|3|100|1|1
43349.071427|0|1|0|4334|9|0|2|255|0|10|0|191480.152988839|188192.283766117|0|0|0|1|3|100|1|1
43368.071427|0|1|0|4336|8|0|2|255|100|10|0|189253.507942787|188886.749850677|0|0|2|1|3|100|1|1
43438.071427|0|2|0|4343|8|0|1|255|100|10|0|200317.589756576|198974.474178437|0|0|2|1|3|100|1|1
43448.071427|0|2|0|4344|8|0|1|255|150|10|0|277783.444861258|277609.525442224|0|0|3|1|3|100|1|1
43449.071427|0|1|0|4344|9|0|2|255|0|10|0|251827.116754394|243230.770867387|0|0|0|1|3|100|1|1
43468.071427|0|1|0|4346|8|0|2|255|100|10|0|156955.266402388|154839.735963811|0|0|2|1|3|100|1|1
43538.071427|0|2|0|4353|8|0|1|255|100|10|0|226557.082101103|222967.748086087|0|0|2|1|3|100|1|1
43548.071427|0|2|0|4354|8|0|1|255|150|10|0|146814.28863609|142939.540453356|0|0|3|1|3|100|1|1
43549.071427|0|1|0|4354|9|0|2|255|0|10|0|92069.4779337623|88939.1780657238|0|0|0|1|3|100|1|1
43568.071427|0|1|0|4356|8|0|2|255|100|10|0|228602.9853032|226569.404127858|0|0|2|1|3|100|1|1
43638.071427|0|2|0|4363|8|0|1|255|100|10|0|170280.105171149|164596.141519671|0|0|2|1|3|100|1|1
43648.071427|0|2|0|4364|8|0|1|255|150|10|0|126878.158201902|121483.915491073|0|0|3|1|3|100|1|1
43649.071427|0|1|0|4364|9|0|2|255|0|10|0|212908.304680281|209793.828555236|0|0|0|1|3|100|1|1
43668.071427|0|1|0|4366|8|0|2|255|100|10|0|90764.1739912872|89236.5619412253|0|0|2|1|3|100|1|1
43738.071427|0|2|0|4373|8|0|1|255|100|10|0|109467.581521209|108731.00697738|0|0|2|1|3|100|1|1
43748.071427|0|2|0|4374|8|0|1|255|150|10|0|288633.434001294|287697.421923548|0|0|3|1|3|100|1|1
43749.071427|0|1|0|4374|9|0|2|255|0|10|0|223751.410165165|223220.290566669|0|0|0|1|3|100|1|1
43768.071427|0|1|0|4376|8|0|2|255|100|10|0|214981.897982934|210801.834223273|0|0|2|1|3|100|1|1
43837.071427|0|2|0|4383|7|0|1|255|0|10|0|278162.018698858|276947.988934867|0|0|0|1|3|100|1|1
43858.071427|0|2|0|4385|8|0|1|255|150|10|0|97776.0164693677|94497.7136752656|0|0|3|1|3|100|1|1
43864.071427|0|1|0|4386|4|0|2|255|100|10|0|156148.678390118|153244.127544927|0|0|2|1|3|100|1|1
43867.071427|0|1|0|4386|7|0|2|255|50|10|0|231944.147915193|230091.300496462|0|0|1|1|3|100|1|1
43937.071427|0|2|0|4393|7|0|1|255|0|10|0|150854.082789388|147999.572589315|0|0|0|1|3|100|1|1
43958.071427|0|2|0|4395|8|0|1|255|150|10|0|362470.899670628|358946.375676402|0|0|3|1|3|100|1|1
43964.071427|0|1|0|4396|4|0|2|255|100|10|0|238609.894767241|236822.56526341|0|0|2|1|3|100|1|1
43967.071427|0|1|0|4396|7|0|2|255|50|10|0|144990.704275024|139127.650679973|0|0|1|1|3|100|1|1
44037.071427|0|2|0|4403|7|0|1|255|0|10|0|137642.577121346|134877.800482322|0|0|0|1|3|100|1|1
44058.071427|0|2|0|4405|8|0|1|255|150|10|0|124628.214138877|123595.314198397|0|0|3|1|3|100|1|1
44064.071427|0|1|0|4406|4|0|2|255|100|10|0|137326.182870568|133694.718744915|0|0|2|1|3|100|1|1
44067.071427|0|1|0|4406|7|0|2|255|50|10|0|159762.089413127|153766.419218548|0|0|1|1|3|100|1|1
44137.071427|0|2|0|4413|7|0|1|255|0|10|0|151895.405935958|151308.162428884|0|0|0|1|3|100|1|1
44158.071427|0|2|0|4415|8|0|1|255|150|10|0|103330.447385914|102300.736947677|0|0|3|1|3|100|1|1
44164.071427|0|1|0|4416|4|0|2|255|100|10|0|158272.333104631|152606.531724423|0|0|2|1|3|100|1|1
44167.071427|0|1|0|4416|7|0|2|255|50|10|0|250725.742536856|250274.409504599|0|0|1|1|3|100|1|1
44237.071427|0|2|0|4423|7|0|1|255|0|10|0|246215.492269086|244229.452440049|0|0|0|1|3|100|1|1
44258.071427|0|2|0|4425|8|0|1|255|150|10|0|261653.858023902|257308.340959988|0|0|3|1|3|100|1|1
44264.071427|0|1|0|4426|4|0|2|255|100|10|0|215831.116348638|214773.000306624|0|0|2|1|3|100|1|1
44267.071427|0|1|0|4426|7|0|2|255|50|10|0|162513.339108457|160355.641570494|0|0|1|1|3|100|1|1
44346.071427|0|2|0|4434|6|0|1|255|0|10|0|197211.350180903|194710.539190213|0|0|0|1|3|100|1|1
44349.071427|0|2|0|4434|9|0|1|255|0|10|0|191042.513159053|184739.42249077|0|0|0|1|3|100|1|1
44364.071427|0|1|0|4436|4|0|2|255|100|10|0|137907.270207579|137152.595578311|0|0|2|1|3|100|1|1
44367.071427|0|1|0|4436|7|0|2|255|50|10|0|134684.588608849|133677.054390777|0|0|1|1|3|100|1|1
44446.071427|0|2|0|4444|6|0|1|255|0|10|0|277476.36422781|275870.546741588|0|0|0|1|3|100|1|1
44449.071427|0|2|0|4444|9|0|1|255|0|10|0|240313.418156184|238130.502658802|0|0|0|1|3|100|1|1
44464.071427|0|1|0|4446|4|0|2|255|100|10|0|172840.960000867|166994.76746796|0|0|2|1|3|100|1|1
44467.071427|0|1|0|4446|7|0|2|255|50|10|0|261154.79173705|259606.594699923|0|0|1|1|3|100|1|1
44546.071427|0|2|0|4454|6|0|1|255|0|10|0|86994.6868788597|86862.1899639524|0|0|0|1|3|100|1|1
44549.071427|0|2|0|4454|9|0|1|255|0|10|0|78973.9827710335|77979.6878189734|0|0|0|1|3|100|1|1
44564.071427|0|1|0|4456|4|0|2|255|100|10|0|248273.297756634|243773.745184709|0|0|2|1|3|100|1|1
44567.071427|0|1|0|4456|7|0|2|255|50|10|0|132447.724221994|130903.753349927|0|0|1|1|3|100|1|1
44646.071427|0|2|0|4464|6|0|1|255|0|10|0|200040.746350557|198209.518229048|0|0|0|1|3|100|1|1
44649.071427|0|2|0|4464|9|0|1|255|0|10|0|194906.27969796|192337.683097978|0|0|0|1|3|100|1|1
44664.071427|0|1|0|4466|4|0|2|255|100|10|0|147657.908622188|145946.002965384|0|0|2|1|3|100|1|1
44667.071427|0|1|0|4466|7|0|2|255|50|10|0|158994.705520687|157668.195623263|0|0|1|1|3|100|1|1
44746.071427|0|2|0|4474|6|0|1|255|0|10|0|159419.416713551|159130.048839208|0|0|0|1|3|100|1|1
44749.071427|0|2|0|4474|9|0|1|255|0|10|0|215572.326523864|215235.158569293|0|0|0|1|3|100|1|1
44764.071427|0|1|0|4476|4|0|2|255|100|10|0|136718.420038809|133927.344113891|0|0|2|1|3|100|1|1
44767.071427|0|1|0|4476|7|0|2|255|50|10|0|280540.956980391|275416.575570084|0|0|1|1|3|100|1|1
44846.071427|0|2|0|4484|6|0|1|255|0|10|0|206395.376326421|203764.472485309|0|0|0|1|3|100|1|1
44849.071427|0|2|0|4484|9|0|1|255|0|10|0|168266.056803068|167407.412482202|0|0|0|1|3|100|1|1
44864.071427|0|1|0|4486|4|0|2|255|100|10|0|262214.56171386|259839.215493702|0|0|2|1|3|100|1|1
44867.071427|0|1|0|4486|7|0|2|255|50|10|0|138438.037061796|131241.045467678|0|0|1|1|3|100|1|1
44946.071427|0|2|0|4494|6|0|1|255|0|10|0|126300.306639808|123470.394770285|0|0|0|1|3|100|1|1
44949.071427|0|2|0|4494|9|0|1|255|0|10|0|112118.339613098|111674.48659416|0|0|0|1|3|100|1|1
44964.071427|0|1|0|4496|4|0|2|255|100|10|0|115281.60728957|113557.415203474|0|0|2|1|3|100|1|1
44967.071427|0|1|0|4496|7|0|2|255|50|10|0|161809.943824433|160195.521891543|0|0|1|1|3|100|1|1
45046.071427|0|2|0|4504|6|0|1|255|0|10|0|235879.940708702|229414.187673958|0|0|0|1|3|100|1|1
45049.071427|0|2|0|4504|9|0|1|255|0|10|0|318438.204297599|312953.018862266|0|0|0|1|3|100|1|1
45064.071427|0|1|0|4506|4|0|2|255|100|10|0|180639.361177309|179707.814597539|0|0|2|1|3|100|1|1
45067.071427|0|1|0|4506|7|0|2|255|50|10|0|226271.817528438|224591.609309255|0|0|1|1|3|100|1|1
45146.071427|0|2|0|4514|6|0|1|255|0|10|0|149944.138407898|148247.203217573|0|0|0|1|3|100|1|1
45149.071427|0|2|0|4514|9|0|1|255|0|10|0|78872.5970890803|76349.7143006748|0|0|0|1|3|100|1|1
45164.071427|0|1|0|4516|4|0|2|255|100|10|0|283251.008910326|282730.764114218|0|0|2|1|3|100|1|1
45167.071427|0|1|0|4516|7|0|2|255|50|10|0|145878.652752735|145497.439019077|0|0|1|1|3|100|1|1
45246.071427|0|2|0|4524|6|0|1|255|0|10|0|134189.936650172|131449.392923332|0|0|0|1|3|100|1|1
45249.071427|0|2|0|4524|9|0|1|255|0|10|0|178227.259186214|177540.824140733|0|0|0|1|3|100|1|1
45264.071427|0|1|0|4526|4|0|2|255|100|10|0|111228.922425804|106069.91648053|0|0|2|1|3|100|1|1
45267.071427|0|1|0|4526|7|0|2|255|50|10|0|136231.293400798|135105.852391841|0|0|1|1|3|100|1|1
45346.071427|0|2|0|4534|6|0|1|255|0|10|0|208071.008435284|202049.362247057|0|0|0|1|3|100|1|1
45349.071427|0|2|0|4534|9|0|1|255|0|10|0|272024.47591974|268879.118147074|0|0|0|1|3|100|1|1
45357.071427|0|1|0|4535|7|0|2|255|0|10|0|133142.51773431|130694.376463272|0|0|0|1|3|100|1|1
45377.071427|0|1|0|4537|7|0|2|255|0|10|0|150018.278407958|146294.250873619|0|0|0|1|3|100|1|1
45446.071427|0|2|0|4544|6|0|1|255|0|10|0|214186.277218149|212695.4305744|0|0|0|1|3|100|1|1
45449.071427|0|2|0|4544|9|0|1|255|0|10|0|136903.852716743|132230.251695716|0|0|0|1|3|100|1|1
45457.071427|0|1|0|4545|7|0|2|255|0|10|0|179423.064906284|177554.668347821|0|0|0|1|3|100|1|1
45477.071427|0|1|0|4547|7|0|2|255|0|10|0|120488.664079787|116853.004596386|0|0|0|1|3|100|1|1
45538.071427|0|2|0|4553|8|0|1|255|100|10|0|145804.171957057|145396.144031662|0|0|2|1|3|100|1|1
45549.071427|0|2|0|4554|9|0|1|255|100|10|0|91104.4737622892|90864.7312404287|0|0|2|1|3|100|1|1
45557.071427|0|1|0|4555|7|0|2|255|0|10|0|169304.080761763|168209.846212857|0|0|0|1|3|100|1|1
45577.071427|0|1|0|4557|7|0|2|255|0|10|0|309744.150668351|307483.274252194|0|0|0|1|3|100|1|1
45638.071427|0|2|0|4563|8|0|1|255|100|10|0|141431.867653823|139419.734332937|0|0|2|1|3|100|1|1
45649.071427|0|2|0|4564|9|0|1|255|100|10|0|362826.147261378|356243.278720905|0|0|2|1|3|100|1|1
45657.071427|0|1|0|4565|7|0|2|255|0|10|0|233968.645561137|227512.471416954|0|0|0|1|3|100|1|1
45677.071427|0|1|0|4567|7|0|2|255|0|10|0|103375.519972492|98681.1623654645|0|0|0|1|3|100|1|1
45738.071427|0|2|0|4573|8|0|1|255|100|10|0|262599.848791803|257461.147430952|0|0|2|1|3|100|1|1
45749.071427|0|2|0|4574|9|0|1|255|100|10|0|118971.776563042|115037.679925142|0|0|2|1|3|100|1|1
45757.071427|0|1|0|4575|7|0|2|255|0|10|0|107609.589322449|104074.422807987|0|0|0|1|3|100|1|1
45777.071427|0|1|0|4577|7|0|2|255|0|10|0|144776.258516968|141051.438498797|0|0|0|1|3|100|1|1
45838.071427|0|2|0|4583|8|0|1|255|100|10|0|201324.654929548|193007.624951263|0|0|2|1|3|100|1|1
45849.071427|0|2|0|4584|9|0|1|255|100|10|0|163538.028965181|162569.162056919|0|0|2|1|3|100|1|1
45857.071427|0|1|0|4585|7|0|2|255|0|10|0|219145.264057438|217433.334237696|0|0|0|1|3|100|1|1
45877.071427|0|1|0|4587|7|0|2|255|0|10|0|266086.152980216|265539.397958394|0|0|0|1|3|100|1|1
45938.071427|0|2|0|4593|8|0|1|255|100|10|0|88476.7614321075|85877.6192506371|0|0|2|1|3|100|1|1
45949.071427|0|2|0|4594|9|0|1|255|100|10|0|221708.862440339|221465.844621259|0|0|2|1|3|100|1|1
45957.071427|0|1|0|4595|7|0|2|255|0|10|0|180448.375755746|177840.035879136|0|0|0|1|3|100|1|1
45977.071427|0|1|0|4597|7|0|2|255|0|10|0|152263.572062526|149732.776455724|0|0|0|1|3|100|1|1
46038.071427|0|2|0|4603|8|0|1|255|100|10|0|244209.436886698|244035.37458823|0|0|2|1|3|100|1|1
46049.071427|0|2|0|4604|9|0|1|255|100|10|0|164096.420275151|162409.403332985|0|0|2|1|3|100|1|1
46057.071427|0|1|0|4605|7|0|2|255|0|10|0|129365.032641367|128030.996563801|0|0|0|1|3|100|1|1
46077.071427|0|1|0|4607|7|0|2|255|0|10|0|114838.281597811|111607.721459401|0|0|0|1|3|100|1|1
46138.071427|0|2|0|4613|8|0|1|255|100|10|0|200566.593949504|197248.559225168|0|0|2|1|3|100|1|1
46149.071427|0|2|0|4614|9|0|1|255|100|10|0|104669.063118877|100986.305242515|0|0|2|1|3|100|1|1
46157.071427|0|1|0|4615|7|0|2|255|0|10|0|239045.444216178|238574.78715958|0|0|0|1|3|100|1|1
46177.071427|0|1|0|4617|7|0|2|255|0|10|0|196164.545468587|194563.982675769|0|0|0|1|3|100|1|1
46238.071427|0|2|0|4623|8|0|1|255|100|10|0|117308.681963538|115225.196742656|0|0|2|1|3|100|1|1
46249.071427|0|2|0|4624|9|0|1|255|100|10|0|354152.038218929|351741.259339839|0|0|2|1|3|100|1|1
46257.071427|0|1|0|4625|7|0|2|255|0|10|0|200594.225010462|194626.199440479|0|0|0|1|3|100|1|1
46277.071427|0|1|0|4627|7|0|2|255|50|10|0|171226.666566638|164524.179876962|0|0|1|1|3|100|1|1
46338.071427|0|2|0|4633|8|0|1|255|100|10|0|205312.727018446|204548.933185069|0|0|2|1|3|100|1|1
46349.071427|0|2|0|4634|9|0|1|255|100|10|0|104164.484933211|103631.789964104|0|0|2|1|3|100|1|1
46357.071427|0|1|0|4635|7|0|2|255|0|10|0|97754.0621791302|96813.9756338904|0|0|0|1|3|100|1|1
46377.071427|0|1|0|4637|7|0|2|255|50|10|0|139544.617113154|137797.012786631|0|0|1|1|3|100|1|1
46438.071427|0|2|0|4643|8|0|1|255|100|10|0|173113.436308329|170154.370590622|0|0|2|1|3|100|1|1
46449.071427|0|2|0|4644|9|0|1|255|100|10|0|127797.351827876|122667.217776168|0|0|2|1|3|100|1|1
46457.071427|0|1|0|4645|7|0|2|255|0|10|0|264531.888245582|257599.883123657|0|0|0|1|3|100|1|1
46477.071427|0|1|0|4647|7|0|2|255|50|10|0|175140.163872457|173139.395976016|0|0|1|1|3|100|1|1
46538.071427|0|2|0|4653|8|0|1|255|100|10|0|164624.035647656|164223.739097051|0|0|2|1|3|100|1|1
46549.071427|0|2|0|4654|9|0|1|255|100|10|0|247190.05340794|243512.708137005|0|0|2|1|3|100|1|1
46557.071427|0|1|0|4655|7|0|2|255|0|10|0|189860.1072822|186472.592634368|0|0|0|1|3|100|1|1
46577.071427|0|1|0|4657|7|0|2|255|50|10|0|222538.218079854|219491.075665922|0|0|1|1|3|100|1|1
46638.071427|0|2|0|4663|8|0|1|255|100|10|0|162095.09654194|156968.187562127|0|0|2|1|3|100|1|1
46649.071427|0|2|0|4664|9|0|1|255|100|10|0|167093.646659008|166546.300963467|0|0|2|1|3|100|1|1
46657.071427|0|1|0|4665|7|0|2|255|0|10|0|122415.025512621|119377.517733484|0|0|0|1|3|100|1|1
46677.071427|0|1|0|4667|7|0|2|255|50|10|0|148705.904277201|147791.56658728|0|0|1|1|3|100|1|1
46738.071427|0|2|0|4673|8|0|1|255|100|10|0|179767.580011538|176826.744792557|0|0|2|1|3|100|1|1
46749.071427|0|2|0|4674|9|0|1|255|100|10|0|114902.13228502|112786.995783143|0|0|2|1|3|100|1|1
46757.071427|0|1|0|4675|7|0|2|255|0|10|0|235071.142513944|230300.126897938|0|0|0|1|3|100|1|1
46777.071427|0|1|0|4677|7|0|2|255|50|10|0|115725.619126448|115382.740207909|0|0|1|1|3|100|1|1
46838.071427|0|2|0|4683|8|0|1|255|100|10|0|204445.599242358|203721.747368849|0|0|2|1|3|100|1|1
46849.071427|0|2|0|4684|9|0|1|255|100|10|0|224135.696955172|220350.447576608|0|0|2|1|3|100|1|1
46857.071427|0|1|0|4685|7|0|2|255|0|10|0|216127.166026553|216011.285373594|0|0|0|1|3|100|1|1
46877.071427|0|1|0|4687|7|0|2|255|50|10|0|256022.660057567|252220.77966743|0|0|1|1|3|100|1|1
46938.071427|0|2|0|4693|8|0|1|255|100|10|0|133323.617328318|131066.349319876|0|0|2|1|3|100|1|1
46949.071427|0|2|0|4694|9|0|1|255|100|10|0|191391.131191165|190562.087734895|0|0|2|1|3|100|1|1
46967.071427|0|1|0|4696|7|0|2|255|100|10|0|182127.989729283|176747.860407455|0|0|2|1|3|100|1|1
46978.071427|0|1|0|4697|8|0|2|255|150|10|0|230289.017534174|225313.157795015|0|0|3|1|3|100|1|1
47037.071427|0|2|0|4703|7|0|1|255|0|10|0|178160.06430122|176316.270389993|0|0|0|1|3|100|1|1
47046.071427|0|2|0|4704|6|0|1|255|50|10|0|136827.014606035|134663.171173511|0|0|1|1|3|100|1|1
47067.071427|0|1|0|4706|7|0|2|255|100|10|0|277532.906010921|273532.607291858|0|0|2|1|3|100|1|1
47078.071427|0|1|0|4707|8|0|2|255|150|10|0|74868.3507450262|72029.3224624541|0|0|3|1|3|100|1|1
47137.071427|0|2|0|4713|7|0|1|255|0|10|0|190655.819689507|190115.303068693|0|0|0|1|3|100|1|1
47146.071427|0|2|0|4714|6|0|1|255|50|10|0|142068.116944668|139632.437245504|0|0|1|1|3|100|1|1
47167.071427|0|1|0|4716|7|0|2|255|100|10|0|95231.2148010776|93706.1326288454|0|0|2|1|3|100|1|1
47178.071427|0|1|0|4717|8|0|2|255|150|10|0|289111.756059502|288353.555029206|0|0|3|1|3|100|1|1
47237.071427|0|2|0|4723|7|0|1|255|0|10|0|98694.8258290276|96505.8416145379|0|0|0|1|3|100|1|1
47246.071427|0|2|0|4724|6|0|1|255|50|10|0|267520.508592177|266462.448740858|0|0|1|1|3|100|1|1
47267.071427|0|1|0|4726|7|0|2|255|100|10|0|236181.392280902|234396.791888585|0|0|2|1|3|100|1|1
47278.071427|0|1|0|4727|8|0|2|255|150|10|0|171589.875110995|169695.695763332|0|0|3|1|3|100|1|1
47337.071427|0|2|0|4733|7|0|1|255|0|10|0|264717.178949384|260455.00816659|0|0|0|1|3|100|1|1
47346.071427|0|2|0|4734|6|0|1|255|50|10|0|115022.746399522|114972.927185273|0|0|1|1|3|100|1|1
47367.071427|0|1|0|4736|7|0|2|255|100|10|0|203077.576859248|201982.467140309|0|0|2|1|3|100|1|1
47378.071427|0|1|0|4737|8|0|2|255|150|10|0|117219.985103774|115173.575373125|0|0|3|1|3|100|1|1
47437.071427|0|2|0|4743|7|0|1|255|0|10|0|174205.707257453|172827.82040527|0|0|0|1|3|100|1|1
47446.071427|0|2|0|4744|6|0|1|255|50|10|0|189399.054670864|184074.352121623|0|0|1|1|3|100|1|1
47467.071427|0|1|0|4746|7|0|2|255|100|10|0|91567.6063129963|91512.2985259264|0|0|2|1|3|100|1|1
47478.071427|0|1|0|4747|8|0|2|255|150|10|0|227274.432088368|224314.138625501|0|0|3|1|3|100|1|1
47537.071427|0|2|0|4753|7|0|1|255|0|10|0|133259.595228206|128500.44321442|0|0|0|1|3|100|1|1
47546.071427|0|2|0|4754|6|0|1|255|50|10|0|174255.806345257|170208.597278644|0|0|1|1|3|100|1|1
47567.071427|0|1|0|4756|7|0|2|255|100|10|0|247676.18074552|242327.952233643|0|0|2|1|3|100|1|1
47578.071427|0|1|0|4757|8|0|2|255|150|10|0|235698.770814507|226143.91339456|0|0|3|1|3|100|1|1
47637.071427|0|2|0|4763|7|0|1|255|0|10|0|208861.81590222|205340.610870808|0|0|0|1|3|100|1|1
47646.071427|0|2|0|4764|6|0|1|255|50|10|0|177004.829400711|176252.330521078|0|0|1|1|3|100|1|1
47667.071427|0|1|0|4766|7|0|2|255|100|10|0|226066.540979901|221730.121409571|0|0|2|1|3|100|1|1
47678.071427|0|1|0|4767|8|0|2|255|150|10|0|114499.31763833|109838.479874623|0|0|3|1|3|100|1|1
47737.071427|0|2|0|4773|7|0|1|255|0|10|0|234582.611797258|231119.005976483|0|0|0|1|3|100|1|1
47748.071427|0|2|0|4774|8|0|1|255|50|10|0|101483.026675978|99894.266036206|0|0|1|1|3|100|1|1
47767.071427|0|1|0|4776|7|0|2|255|100|10|0|107514.907356105|106737.056377869|0|0|2|1|3|100|1|1
47778.071427|0|1|0|4777|8|0|2|255|150|10|0|231725.416534533|228085.656872943|0|0|3|1|3|100|1|1
47837.071427|0|2|0|4783|7|0|1|255|0|10|0|68133.1670090256|67307.6906725689|0|0|0|1|3|100|1|1
47848.071427|0|2|0|4784|8|0|1|255|50|10|0|247163.40730117|242670.372737578|0|0|1|1|3|100|1|1
47867.071427|0|1|0|4786|7|0|2|255|100|10|0|173837.254211758|172209.579384467|0|0|2|1|3|100|1|1
47878.071427|0|1|0|4787|8|0|2|255|150|10|0|198932.564242682|196753.229062352|0|0|3|1|3|100|1|1
47937.071427|0|2|0|4793|7|0|1|255|0|10|0|239690.328429419|238617.270771656|0|0|0|1|3|100|1|1
47948.071427|0|2|0|4794|8|0|1|255|50|10|0|178218.420507386|177068.399222848|0|0|1|1|3|100|1|1
47957.071427|0|1|0|4795|7|0|2|255|150|10|0|129093.812126934|126765.742033934|0|0|3|1|3|100|1|1
47969.071427|0|1|0|4796|9|0|2|255|50|10|0|172999.287598126|167237.033021489|0|0|1|1|3|100|1|1
48037.071427|0|2|0|4803|7|0|1|255|0|10|0|277968.89692964|275828.847381227|0|0|0|1|3|100|1|1
48048.071427|0|2|0|4804|8|0|1|255|50|10|0|89648.5229241364|86575.7652931842|0|0|1|1|3|100|1|1
48057.071427|0|1|0|4805|7|0|2|255|150|10|0|200974.421177888|196674.33770512|0|0|3|1|3|100|1|1
48069.071427|0|1|0|4806|9|0|2|255|50|10|0|179907.15067737|179052.051373066|0|0|1|1|3|100|1|1
48137.071427|0|2|0|4813|7|0|1|255|0|10|0|82000.6944963957|78945.1577433917|0|0|0|1|3|100|1|1
48148.071427|0|2|0|4814|8|0|1|255|50|10|0|294103.477821662|287355.076100842|0|0|1|1|3|100|1|1
48157.071427|0|1|0|4815|7|0|2|255|150|10|0|185943.441084869|185180.214142857|0|0|3|1|3|100|1|1
48169.071427|0|1|0|4816|9|0|2|255|50|10|0|116915.352486793|116287.179135093|0|0|1|1|3|100|1|1
48237.071427|0|2|0|4823|7|0|1|255|50|10|0|167849.455104073|163861.677433716|0|0|1|1|3|100|1|1
48249.071427|0|2|0|4824|9|0|1|255|0|10|0|141232.460057844|141114.538370783|0|0|0|1|3|100|1|1
48257.071427|0|1|0|4825|7|0|2|255|150|10|0|149493.587703917|148269.95034918|0|0|3|1|3|100|1|1
48269.071427|0|1|0|4826|9|0|2|255|50|10|0|242750.77761676|238918.349068909|0|0|1|1|3|100|1|1
48337.071427|0|2|0|4833|7|0|1|255|50|10|0|287614.583015325|279618.760820383|0|0|1|1|3|100|1|1
48349.071427|0|2|0|4834|9|0|1|255|0|10|0|74861.7069841769|74764.2047869974|0|0|0|1|3|100|1|1
48357.071427|0|1|0|4835|7|0|2|255|150|10|0|155808.765161628|151116.0222676|0|0|3|1|3|100|1|1
48369.071427|0|1|0|4836|9|0|2|255|50|10|0|141785.065311292|141158.646713699|0|0|1|1|3|100|1|1
48437.071427|0|2|0|4843|7|0|1|255|50|10|0|108224.624488864|107966.881900058|0|0|1|1|3|100|1|1
48449.071427|0|2|0|4844|9|0|1|255|0|10|0|328615.9944829|324005.412363296|0|0|0|1|3|100|1|1
48457.071427|0|1|0|4845|7|0|2|255|150|10|0|253139.217939395|250039.735677992|0|0|3|1|3|100|1|1
48469.071427|0|1|0|4846|9|0|2|255|50|10|0|170935.192779575|170536.410457426|0|0|1|1|3|100|1|1
48537.071427|0|2|0|4853|7|0|1|255|50|10|0|175947.537048089|171961.158643226|0|0|1|1|3|100|1|1
48549.071427|0|2|0|4854|9|0|1|255|0|10|0|171023.378466479|169689.573545495|0|0|0|1|3|100|1|1
48557.071427|0|1|0|4855|7|0|2|255|150|10|0|92866.7633686265|89550.3939108067|0|0|3|1|3|100|1|1
48569.071427|0|1|0|4856|9|0|2|255|50|10|0|193061.175951674|191915.888310591|0|0|1|1|3|100|1|1
48637.071427|0|2|0|4863|7|0|1|255|50|10|0|233541.749037792|230876.606400866|0|0|1|1|3|100|1|1
48649.071427|0|2|0|4864|9|0|1|255|0|10|0|101442.13406345|100176.191758973|0|0|0|1|3|100|1|1
48657.071427|0|1|0|4865|7|0|2|255|150|10|0|215744.329696018|210242.15259937|0|0|3|1|3|100|1|1
48669.071427|0|1|0|4866|9|0|2|255|50|10|0|213505.85026922|208611.133152536|0|0|1|1|3|100|1|1
48737.071427|0|2|0|4873|7|0|1|255|50|10|0|139218.780395499|136627.166616655|0|0|1|1|3|100|1|1
48749.071427|0|2|0|4874|9|0|1|255|0|10|0|221470.637267557|217227.978978632|0|0|0|1|3|100|1|1
48757.071427|0|1|0|4875|7|0|2|255|150|10|0|209797.597620078|209684.850361895|0|0|3|1|3|100|1|1
48769.071427|0|1|0|4876|9|0|2|255|50|10|0|97278.4819844102|91177.8946977635|0|0|1|1|3|100|1|1
48837.071427|0|2|0|4883|7|0|1|255|50|10|0|192412.388672987|191169.133147618|0|0|1|1|3|100|1|1
48849.071427|0|2|0|4884|9|0|1|255|0|10|0|215980.232579709|215538.475015327|0|0|0|1|3|100|1|1
48857.071427|0|1|0|4885|7|0|2|255|150|10|0|172310.171283577|168722.879279673|0|0|3|1|3|100|1|1
48869.071427|0|1|0|4886|9|0|2|255|50|10|0|256857.434692282|255965.578386723|0|0|1|1|3|100|1|1
48937.071427|0|2|0|4893|7|0|1|255|50|10|0|191304.54628066|190900.327212611|0|0|1|1|3|100|1|1
48949.071427|0|2|0|4894|9|0|1|255|0|10|0|100084.286249954|94841.1979542435|0|0|0|1|3|100|1|1
48957.071427|0|1|0|4895|7|0|2|255|150|10|0|133725.548773785|132078.496244814|0|0|3|1|3|100|1|1
48969.071427|0|1|0|4896|9|0|2|255|50|10|0|193753.745123034|193582.893278851|0|0|1|1|3|100|1|1
49037.071427|0|2|0|4903|7|0|1|255|150|10|0|169217.637781096|168325.260074958|0|0|3|1|3|100|1|1
49047.071427|0|2|0|4904|7|0|1|255|100|10|0|159240.45037859|156888.51482064|0|0|2|1|3|100|1|1
49057.071427|0|1|0|4905|7|0|2|255|150|10|0|301344.668516079|300877.855291495|0|0|3|1|3|100|1|1
49067.071427|0|1|0|4906|7|0|2|255|0|10|0|127810.372185792|127665.839862925|0|0|0|1|3|100|1|1
49137.071427|0|2|0|4913|7|0|1|255|150|10|0|168625.071435899|167528.529533712|0|0|3|1|3|100|1|1
49147.071427|0|2|0|4914|7|0|1|255|100|10|0|271004.389020617|265480.088567448|0|0|2|1|3|100|1|1
49157.071427|0|1|0|4915|7|0|2|255|150|10|0|70994.7814072318|70677.4394287314|0|0|3|1|3|100|1|1
49167.071427|0|1|0|4916|7|0|2|255|0|10|0|196267.564668631|194535.770818692|0|0|0|1|3|100|1|1
49237.071427|0|2|0|4923|7|0|1|255|150|10|0|166329.070823635|165375.54360246|0|0|3|1|3|100|1|1
49247.071427|0|2|0|4924|7|0|1|255|100|10|0|119608.742687445|118418.969868879|0|0|2|1|3|100|1|1
49257.071427|0|1|0|4925|7|0|2|255|150|10|0|209731.3943379|207601.037208501|0|0|3|1|3|100|1|1
49267.071427|0|1|0|4926|7|0|2|255|0|10|0|222644.251511803|219189.671324569|0|0|0|1|3|100|1|1
49337.071427|0|2|0|4933|7|0|1|255|150|10|0|196849.169975747|192200.761890625|0|0|3|1|3|100|1|1
49347.071427|0|2|0|4934|7|0|1|255|100|10|0|153203.753223649|152615.050179804|0|0|2|1|3|100|1|1
49357.071427|0|1|0|4935|7|0|2|255|150|10|0|288756.495661729|284191.507128325|0|0|3|1|3|100|1|1
49367.071427|0|1|0|4936|7|0|2|255|0|10|0|80552.6120017983|78056.7154393555|0|0|0|1|3|100|1|1
49437.071427|0|2|0|4943|7|0|1|255|150|10|0|140384.286215618|134897.030574732|0|0|3|1|3|100|1|1
49447.071427|0|2|0|4944|7|0|1|255|100|10|0|245572.952407961|239501.156599184|0|0|2|1|3|100|1|1
49457.071427|0|1|0|4945|7|0|2|255|150|10|0|117455.296411385|111005.840009967|0|0|3|1|3|100|1|1
49467.071427|0|1|0|4946|7|0|2|255|0|10|0|305457.610590653|301821.858909336|0|0|0|1|3|100|1|1
49537.071427|0|2|0|4953|7|0|1|255|150|10|0|155479.994267502|155055.788966638|0|0|3|1|3|100|1|1
49547.071427|0|2|0|4954|7|0|1|255|100|10|0|131396.213300482|128295.750565094|0|0|2|1|3|100|1|1
49557.071427|0|1|0|4955|7|0|2|255|150|10|0|125418.712045646|123168.675407829|0|0|3|1|3|100|1|1
49567.071427|0|1|0|4956|7|0|2|255|0|10|0|193995.258655468|187450.850188873|0|0|0|1|3|100|1|1
49637.071427|0|2|0|4963|7|0|1|255|150|10|0|224881.86122299|223553.538211395|0|0|3|1|3|100|1|1
49647.071427|0|2|0|4964|7|0|1|255|100|10|0|191579.267788422|190850.355349379|0|0|2|1|3|100|1|1
49657.071427|0|1|0|4965|7|0|2|255|150|10|0|303543.439369009|303353.064972358|0|0|3|1|3|100|1|1
49667.071427|0|1|0|4966|7|0|2|255|0|10|0|104821.781694614|104691.588006189|0|0|0|1|3|100|1|1
49737.071427|0|2|0|4973|7|0|1|255|150|10|0|167938.129222655|165407.294774592|0|0|3|1|3|100|1|1
49747.071427|0|2|0|4974|7|0|1|255|100|10|0|168931.912774187|168550.014384318|0|0|2|1|3|100|1|1
49757.071427|0|1|0|4975|7|0|2|255|150|10|0|115043.667038882|112796.730361118|0|0|3|1|3|100|1|1
49767.071427|0|1|0|4976|7|0|2|255|0|10|0|172832.754012705|167320.913834801|0|0|0|1|3|100|1|1
49837.071427|0|2|0|4983|7|0|1|255|150|10|0|126870.77484132|125931.545301239|0|0|3|1|3|100|1|1
49847.071427|0|2|0|4984|7|0|1|255|100|10|0|170496.227394289|169457.36195405|0|0|2|1|3|100|1|1
49857.071427|0|1|0|4985|7|0|2|255|150|10|0|146791.184056671|146551.045680044|0|0|3|1|3|100|1|1
49867.071427|0|1|0|4986|7|0|2|255|0|10|0|308756.477209948|307492.624962738|0|0|0|1|3|100|1|1
49937.071427|0|2|0|4993|7|0|1|255|150|10|0|206770.537348974|203917.950399634|0|0|3|1|3|100|1|1
49947.071427|0|2|0|4994|7|0|1|255|100|10|0|151020.850270591|147930.446472296|0|0|2|1|3|100|1|1
49957.071427|0|1|0|4995|7|0|2|255|150|10|0|263831.325298745|260544.47126477|0|0|3|1|3|100|1|1
49967.071427|0|1|0|4996|7|0|2|255|0|10|0|80497.5095945897|79767.9245051273|0|0|0|1|3|100|1|1
50037.071427|0|2|0|5003|7|0|1|255|150|10|0|180619.010797109|180359.921082387|0|0|3|1|3|100|1|1
50047.071427|0|2|0|5004|7|0|1|255|100|10|0|199498.807785709|199151.58396111|0|0|2|1|3|100|1|1
50057.071427|0|1|0|5005|7|0|2|255|150|10|0|132002.996978201|131422.647656216|0|0|3|1|3|100|1|1
50067.071427|0|1|0|5006|7|0|2|255|0|10|0|239628.493706217|236678.222563265|0|0|0|1|3|100|1|1
50137.071427|0|2|0|5013|7|0|1|255|150|10|0|123096.866679512|120141.377515315|0|0|3|1|3|100|1|1
50149.071427|0|2|0|5014|9|0|1|255|100|10|0|180507.959140197|178430.088575365|0|0|2|1|3|100|1|1
50157.071427|0|1|0|5015|7|0|2|255|150|10|0|121931.52530058|120981.100912215|0|0|3|1|3|100|1|1
50167.071427|0|1|0|5016|7|0|2|255|0|10|0|171744.167756418|171165.151162845|0|0|0|1|3|100|1|1
50237.071427|0|2|0|5023|7|0|1|255|150|10|0|269104.033423602|263843.558441931|0|0|3|1|3|100|1|1
50249.071427|0|2|0|5024|9|0|1|255|100|10|0|142544.18653812|137449.564724832|0|0|2|1|3|100|1|1
50257.071427|0|1|0|5025|7|0|2|255|150|10|0|244473.841956623|238753.557245784|0|0|3|1|3|100|1|1
50267.071427|0|1|0|5026|7|0|2|255|0|10|0|136411.157989144|133798.543648396|0|0|0|1|3|100|1|1
50337.071427|0|2|0|5033|7|0|1|255|150|10|0|179261.010719612|177999.147329199|0|0|3|1|3|100|1|1
50364.071427|0|1|0|5036|4|0|2|255|150|10|0|55679.0215945662|54948.6665236949|0|0|3|1|3|100|1|1
50437.071427|0|2|0|5043|7|0|1|255|150|10|0|55539.0432544673|53556.191763421|0|0|3|1|3|100|1|1
50464.071427|0|1|0|5046|4|0|2|255|150|10|0|220282.074525942|214868.891040098|0|0|3|1|3|100|1|1
50537.071427|0|2|0|5053|7|0|1|255|150|10|0|328809.884681548|322950.111012402|0|0|3|1|3|100|1|1
50564.071427|0|1|0|5056|4|0|2|255|150|10|0|276019.039751318|273807.695023423|0|0|3|1|3|100|1|1
50637.071427|0|2|0|5063|7|0|1|255|150|10|0|192317.774332162|190844.992154429|0|0|3|1|3|100|1|1
50664.071427|0|1|0|5066|4|0|2|255|150|10|0|99038.097012557|97158.9478253581|0|0|3|1|3|100|1|1
50737.071427|0|2|0|5073|7|0|1|255|150|10|0|102668.910669052|101020.667644623|0|0|3|1|3|100|1|1
50764.071427|0|1|0|5076|4|0|2|255|150|10|0|165634.209503346|161370.438403307|0|0|3|1|3|100|1|1
50838.071427|0|2|0|5083|8|0|1|255|100|10|0|228195.492261207|224779.243373314|0|0|2|1|3|100|1|1
50849.071427|0|1|0|5084|9|0|2|255|100|10|0|71116.7871375366|67911.7012294221|0|0|2|1|3|100|1|1
50858.071427|0|2|0|5085|8|0|1|255|100|10|0|191433.518756118|187245.056719663|0|0|2|1|3|100|1|1
50864.071427|0|1|0|5086|4|0|2|255|150|10|0|283469.178485669|281414.277127521|0|0|3|1|3|100|1|1
50938.071427|0|2|0|5093|8|0|1|255|100|10|0|188661.546852865|185951.247866789|0|0|2|1|3|100|1|1
50949.071427|0|1|0|5094|9|0|2|255|100|10|0|250893.816266102|246725.859340028|0|0|2|1|3|100|1|1
50958.071427|0|2|0|5095|8|0|1|255|100|10|0|207700.911052065|202246.238639288|0|0|2|1|3|100|1|1
50964.071427|0|1|0|5096|4|0|2|255|150|10|0|65436.4678946705|64998.2345221646|0|0|3|1|3|100|1|1
51038.071427|0|2|0|5103|8|0|1|255|100|10|0|136130.513247792|132266.358834028|0|0|2|1|3|100|1|1
51049.071427|0|1|0|5104|9|0|2|255|100|10|0|246313.921833815|245836.967009141|0|0|2|1|3|100|1|1
51058.071427|0|2|0|5105|8|0|1|255|100|10|0|115769.249683917|111518.054794403|0|0|2|1|3|100|1|1
51064.071427|0|1|0|5106|4|0|2|255|150|10|0|237866.464935885|234544.953818637|0|0|3|1|3|100|1|1
51138.071427|0|2|0|5113|8|0|1|255|100|10|0|240302.217949508|233654.833374536|0|0|2|1|3|100|1|1
51149.071427|0|1|0|5114|9|0|2|255|100|10|0|115520.076859714|111795.947634358|0|0|2|1|3|100|1|1
51158.071427|0|2|0|5115|8|0|1|255|100|10|0|206304.104794137|202677.581386087|0|0|2|1|3|100|1|1
51164.071427|0|1|0|5116|4|0|2|255|150|10|0|198863.286127982|197101.574230168|0|0|3|1|3|100|1|1
51238.071427|0|2|0|5123|8|0|1|255|100|10|0|160759.4522115|159569.587057065|0|0|2|1|3|100|1|1
51249.071427|0|1|0|5124|9|0|2|255|100|10|0|171368.258511844|168830.249462464|0|0|2|1|3|100|1|1
51258.071427|0|2|0|5125|8|0|1|255|100|10|0|294092.600299879|293032.628231303|0|0|2|1|3|100|1|1
51264.071427|0|1|0|5126|4|0|2|255|150|10|0|165318.442912396|163575.759262765|0|0|3|1|3|100|1|1
51338.071427|0|2|0|5133|8|0|1|255|100|10|0|143838.097324191|139270.523671895|0|0|2|1|3|100|1|1
51349.071427|0|1|0|5134|9|0|2|255|100|10|0|241995.128985886|238910.881533396|0|0|2|1|3|100|1|1
51358.071427|0|2|0|5135|8|0|1|255|100|10|0|91495.4529235315|89051.4398762706|0|0|2|1|3|100|1|1
51364.071427|0|1|0|5136|4|0|2|255|150|10|0|125123.540682266|124829.83784599|0|0|3|1|3|100|1|1
51438.071427|0|2|0|5143|8|0|1|255|100|10|0|191327.762419593|190497.160384305|0|0|2|1|3|100|1|1
51458.071427|0|2|0|5145|8|0|1|255|100|10|0|137883.963538832|137618.925077779|0|0|2|1|3|100|1|1
51464.071427|0|1|0|5146|4|0|2|255|100|10|0|224393.257917527|222367.48751672|0|0|2|1|3|100|1|1
51469.071427|0|1|0|5146|9|0|2|255|50|10|0|223011.732602118|222462.614163399|0|0|1|1|3|100|1|1
51538.071427|0|2|0|5153|8|0|1|255|100|10|0|195338.02306104|194850.268675722|0|0|2|1|3|100|1|1
51558.071427|0|2|0|5155|8|0|1|255|100|10|0|314990.983890146|313275.777969812|0|0|2|1|3|100|1|1
51564.071427|0|1|0|5156|4|0|2|255|100|10|0|153442.463208158|152176.51277999|0|0|2|1|3|100|1|1
51569.071427|0|1|0|5156|9|0|2|255|50|10|0|93579.7414600798|93079.2862599392|0|0|1|1|3|100|1|1
51638.071427|0|2|0|5163|8|0|1|255|100|10|0|158247.852431061|155650.093018505|0|0|2|1|3|100|1|1
51658.071427|0|2|0|5165|8|0|1|255|100|10|0|97477.3678610128|96252.589575925|0|0|2|1|3|100|1|1
51664.071427|0|1|0|5166|4|0|2|255|100|10|0|140381.513286913|136604.000775646|0|0|2|1|3|100|1|1
51669.071427|0|1|0|5166|9|0|2|255|50|10|0|252968.956576382|249179.696819751|0|0|1|1|3|100|1|1
51738.071427|0|2|0|5173|8|0|1|255|100|10|0|174184.49630421|172048.798864883|0|0|2|1|3|100|1|1
51758.071427|0|2|0|5175|8|0|1|255|100|10|0|151457.989588121|148939.01156282|0|0|2|1|3|100|1|1
51764.071427|0|1|0|5176|4|0|2|255|100|10|0|206517.707316541|205687.45952719|0|0|2|1|3|100|1|1
51769.071427|0|1|0|5176|9|0|2|255|50|10|0|238771.967636188|231036.95377807|0|0|1|1|3|100|1|1
51838.071427|0|2|0|5183|8|0|1|255|100|10|0|155706.589521748|152299.825439022|0|0|2|1|3|100|1|1
51858.071427|0|2|0|5185|8|0|1|255|100|10|0|322860.996561064|321469.479982275|0|0|2|1|3|100|1|1
51864.071427|0|1|0|5186|4|0|2|255|100|10|0|186855.496590138|181624.680636726|0|0|2|1|3|100|1|1
51869.071427|0|1|0|5186|9|0|2|255|50|10|0|89916.1962697049|87810.3527031114|0|0|1|1|3|100|1|1
51938.071427|0|2|0|5193|8|0|1|255|100|10|0|187130.711186481|181697.549823843|0|0|2|1|3|100|1|1
51958.071427|0|2|0|5195|8|0|1|255|100|10|0|93091.2476198876|89132.2682288745|0|0|2|1|3|100|1|1
51964.071427|0|1|0|5196|4|0|2|255|100|10|0|99666.1648948552|98128.2140539577|0|0|2|1|3|100|1|1
51969.071427|0|1|0|5196|9|0|2|255|50|10|0|180049.34892909|178901.504035155|0|0|1|1|3|100|1|1
52039.071427|0|2|0|5203|9|0|1|255|0|10|0|184665.556823281|177820.373987783|0|0|0|1|3|100|1|1
52057.071427|0|2|0|5205|7|0|1|255|100|10|0|108111.490204091|106314.234294396|0|0|2|1|3|100|1|1
52064.071427|0|1|0|5206|4|0|2|255|100|10|0|224476.325330853|223228.419942172|0|0|2|1|3|100|1|1
52069.071427|0|1|0|5206|9|0|2|255|50|10|0|290939.811999687|287676.665351284|0|0|1|1|3|100|1|1
52139.071427|0|2|0|5213|9|0|1|255|0|10|0|258107.197631543|256888.403484785|0|0|0|1|3|100|1|1
52157.071427|0|2|0|5215|7|0|1|255|100|10|0|255217.553617792|253852.796064279|0|0|2|1|3|100|1|1
52164.071427|0|1|0|5216|4|0|2|255|100|10|0|243769.033030248|239792.269195104|0|0|2|1|3|100|1|1
52169.071427|0|1|0|5216|9|0|2|255|50|10|0|75897.1270432187|75281.1923283646|0|0|1|1|3|100|1|1
52239.071427|0|2|0|5223|9|0|1|255|0|10|0|117749.634482871|117166.297424798|0|0|0|1|3|100|1|1
52257.071427|0|2|0|5225|7|0|1|255|100|10|0|193306.009416717|191240.715282646|0|0|2|1|3|100|1|1
52264.071427|0|1|0|5226|4|0|2|255|100|10|0|95018.8652698467|94427.0954751816|0|0|2|1|3|100|1|1
52269.071427|0|1|0|5226|9|0|2|255|50|10|0|245442.533954826|245176.284454076|0|0|1|1|3|100|1|1
52339.071427|0|2|0|5233|9|0|1|255|0|10|0|162353.198104809|162026.375935027|0|0|0|1|3|100|1|1
52357.071427|0|2|0|5235|7|0|1|255|100|10|0|101784.887840189|100860.059510188|0|0|2|1|3|100|1|1
52364.071427|0|1|0|5236|4|0|2|255|100|10|0|133457.030102899|133277.49947594|0|0|2|1|3|100|1|1
52369.071427|0|1|0|5236|9|0|2|255|50|10|0|189884.382156347|184679.880936529|0|0|1|1|3|100|1|1
52439.071427|0|2|0|5243|9|0|1|255|0|10|0|249886.873672302|247114.037012641|0|0|0|1|3|100|1|1
52457.071427|0|2|0|5245|7|0|1|255|100|10|0|274962.744461155|270649.54183599|0|0|2|1|3|100|1|1
52464.071427|0|1|0|5246|4|0|2|255|100|10|0|343178.778510079|337200.915043811|0|0|2|1|3|100|1|1
52469.071427|0|1|0|5246|9|0|2|255|50|10|0|140028.545048822|138921.006127966|0|0|1|1|3|100|1|1
52539.071427|0|2|0|5253|9|0|1|255|0|10|0|113473.387058714|113337.101429899|0|0|0|1|3|100|1|1
52557.071427|0|2|0|5255|7|0|1|255|100|10|0|135050.094421183|134866.729727564|0|0|2|1|3|100|1|1
52564.071427|0|1|0|5256|4|0|2|255|100|10|0|73949.6547255237|73073.1137974484|0|0|2|1|3|100|1|1
52569.071427|0|1|0|5256|9|0|2|255|50|10|0|142328.865081303|136388.291523565|0|0|1|1|3|100|1|1
52639.071427|0|2|0|5263|9|0|1|255|0|10|0|176368.969058337|173788.932277122|0|0|0|1|3|100|1|1
52657.071427|0|2|0|5265|7|0|1|255|100|10|0|139038.579801606|137169.574398765|0|0|2|1|3|100|1|1
52664.071427|0|1|0|5266|4|0|2|255|100|10|0|199872.095897945|197831.589507653|0|0|2|1|3|100|1|1
52669.071427|0|1|0|5266|9|0|2|255|50|10|0|279930.36181793|275108.014361698|0|0|1|1|3|100|1|1
52739.071427|0|2|0|5273|9|0|1|255|0|10|0|287883.052455359|285900.42343036|0|0|0|1|3|100|1|1
52757.071427|0|2|0|5275|7|0|1|255|100|10|0|225276.040553329|218502.017231936|0|0|2|1|3|100|1|1
52759.071427|0|1|0|5275|9|0|2|255|150|10|0|138828.611435085|137366.519274707|0|0|3|1|3|100|1|1
52768.071427|0|1|0|5276|8|0|2|255|50|10|0|142787.190875079|140161.800794177|0|0|1|1|3|100|1|1
52839.071427|0|2|0|5283|9|0|1|255|0|10|0|116036.292282448|110246.077105434|0|0|0|1|3|100|1|1
52857.071427|0|2|0|5285|7|0|1|255|100|10|0|171176.235312861|168262.351426107|0|0|2|1|3|100|1|1
52859.071427|0|1|0|5285|9|0|2|255|150|10|0|217264.047996908|214376.667020222|0|0|3|1|3|100|1|1
52868.071427|0|1|0|5286|8|0|2|255|50|10|0|160240.518113076|157833.862826305|0|0|1|1|3|100|1|1
52944.071427|0|2|0|5294|4|0|1|255|150|10|0|247384.478180267|242856.129287885|0|0|3|1|3|100|1|1
52958.071427|0|2|0|5295|8|0|1|255|100|10|0|152197.868024144|151673.282433848|0|0|2|1|3|100|1|1
52959.071427|0|1|0|5295|9|0|2|255|150|10|0|146651.914228049|145043.187680965|0|0|3|1|3|100|1|1
52968.071427|0|1|0|5296|8|0|2|255|50|10|0|167419.451697024|167222.421925428|0|0|1|1|3|100|1|1
53044.071427|0|2|0|5304|4|0|1|255|150|10|0|171020.759429897|169676.962585786|0|0|3|1|3|100|1|1
53058.071427|0|2|0|5305|8|0|1|255|100|10|0|166694.353431359|163262.52060199|0|0|2|1|3|100|1|1
53059.071427|0|1|0|5305|9|0|2|255|150|10|0|198277.423095736|196745.352191129|0|0|3|1|3|100|1|1
53068.071427|0|1|0|5306|8|0|2|255|50|10|0|181460.000388587|178162.806104908|0|0|1|1|3|100|1|1
53144.071427|0|2|0|5314|4|0|1|255|150|10|0|177597.488005502|176568.089201033|0|0|3|1|3|100|1|1
53158.071427|0|2|0|5315|8|0|1|255|100|10|0|217524.306349293|210256.073887258|0|0|2|1|3|100|1|1
53159.071427|0|1|0|5315|9|0|2|255|150|10|0|166161.458804467|164296.378327311|0|0|3|1|3|100|1|1
53168.071427|0|1|0|5316|8|0|2|255|50|10|0|177597.09644587|172095.286373929|0|0|1|1|3|100|1|1
53244.071427|0|2|0|5324|4|0|1|255|150|10|0|107952.85813541|104831.745880684|0|0|3|1|3|100|1|1
53258.071427|0|2|0|5325|8|0|1|255|100|10|0|130968.232712578|127881.419142678|0|0|2|1|3|100|1|1
53259.071427|0|1|0|5325|9|0|2|255|150|10|0|177401.968774563|171976.575646363|0|0|3|1|3|100|1|1
53268.071427|0|1|0|5326|8|0|2|255|50|10|0|167715.463553664|166626.774750173|0|0|1|1|3|100|1|1
53344.071427|0|2|0|5334|4|0|1|255|150|10|0|272295.519576143|270604.248976924|0|0|3|1|3|100|1|1
53358.071427|0|2|0|5335|8|0|1|255|100|10|0|186450.467006661|185788.66088025|0|0|2|1|3|100|1|1
53359.071427|0|1|0|5335|9|0|2|255|150|10|0|161777.946635465|154901.87754189|0|0|3|1|3|100|1|1
53368.071427|0|1|0|5336|8|0|2|255|50|10|0|201642.600551683|199425.262221|0|0|1|1|3|100|1|1
53444.071427|0|2|0|5344|4|0|1|255|150|10|0|126931.296030133|122397.082759458|0|0|3|1|3|100|1|1
53458.071427|0|2|0|5345|8|0|1|255|100|10|0|235889.400068849|234869.090184869|0|0|2|1|3|100|1|1
53459.071427|0|1|0|5345|9|0|2|255|150|10|0|264009.29469664|262896.634010779|0|0|3|1|3|100|1|1
53468.071427|0|1|0|5346|8|0|2|255|50|10|0|141170.807493825|140027.850708035|0|0|1|1|3|100|1|1
53544.071427|0|2|0|5354|4|0|1|255|150|10|0|140563.090194403|139678.016428925|0|0|3|1|3|100|1|1
53558.071427|0|2|0|5355|8|0|1|255|100|10|0|153413.408517559|149243.739752497|0|0|2|1|3|100|1|1
53559.071427|0|1|0|5355|9|0|2|255|150|10|0|140437.938733519|139614.525197064|0|0|3|1|3|100|1|1
53568.071427|0|1|0|5356|8|0|2|255|50|10|0|154498.367766883|153927.465715612|0|0|1|1|3|100|1|1
53644.071427|0|2|0|5364|4|0|1|255|150|10|0|219471.448234928|218490.118541666|0|0|3|1|3|100|1|1
53658.071427|0|2|0|5365|8|0|1|255|100|10|0|94823.38437153|93103.4294781823|0|0|2|1|3|100|1|1
53659.071427|0|1|0|5365|9|0|2|255|150|10|0|127673.796820308|124688.303768039|0|0|3|1|3|100|1|1
53668.071427|0|1|0|5366|8|0|2|255|50|10|0|229292.145859959|224430.49430954|0|0|1|1|3|100|1|1
53744.071427|0|2|0|5374|4|0|1|255|150|10|0|223066.188410831|217501.272741219|0|0|3|1|3|100|1|1
53758.071427|0|2|0|5375|8|0|1|255|100|10|0|308812.183936679|306729.331044016|0|0|2|1|3|100|1|1
53759.071427|0|1|0|5375|9|0|2|255|150|10|0|282683.747768409|277525.064206174|0|0|3|1|3|100|1|1
53768.071427|0|1|0|5376|8|0|2|255|50|10|0|135797.592324394|134427.310449524|0|0|1|1|3|100|1|1
53844.071427|0|2|0|5384|4|0|1|255|150|10|0|77803.3321176966|74982.7802295114|0|0|3|1|3|100|1|1
53858.071427|0|2|0|5385|8|0|1|255|100|10|0|154008.650076945|152768.568823627|0|0|2|1|3|100|1|1
53859.071427|0|1|0|5385|9|0|2|255|150|10|0|132684.188342488|128007.805630365|0|0|3|1|3|100|1|1
53868.071427|0|1|0|5386|8|0|2|255|50|10|0|146010.866958828|144396.481932612|0|0|1|1|3|100|1|1
53944.071427|0|2|0|5394|4|0|1|255|150|10|0|248831.641110111|247955.775288707|0|0|3|1|3|100|1|1
53949.071427|0|1|0|5394|9|0|2|255|50|10|0|151774.227646947|149491.880883992|0|0|1|1|3|100|1|1
53958.071427|0|2|0|5395|8|0|1|255|100|10|0|108142.699308797|104914.16326469|0|0|2|1|3|100|1|1
53967.071427|0|1|0|5396|7|0|2|255|100|10|0|269411.900504382|267347.793205484|0|0|2|1|3|100|1|1
54044.071427|0|2|0|5404|4|0|1|255|150|10|0|203529.049665051|199798.07004915|0|0|3|1|3|100|1|1
54049.071427|0|1|0|5404|9|0|2|255|50|10|0|149375.332509906|148711.920412134|0|0|1|1|3|100|1|1
54058.071427|0|2|0|5405|8|0|1|255|100|10|0|300405.803609457|297871.745431763|0|0|2|1|3|100|1|1
54067.071427|0|1|0|5406|7|0|2|255|100|10|0|175777.389286173|174293.933850827|0|0|2|1|3|100|1|1
54147.071427|0|2|0|5414|7|0|1|255|150|10|0|178167.375695242|177395.98925982|0|0|3|1|3|100|1|1
54149.071427|0|1|0|5414|9|0|2|255|50|10|0|275029.269598066|271925.682282987|0|0|1|1|3|100|1|1
54157.071427|0|2|0|5415|7|0|1|255|50|10|0|193694.484033456|189417.779950908|0|0|1|1|3|100|1|1
54167.071427|0|1|0|5416|7|0|2|255|100|10|0|93206.3842642196|89062.2992055274|0|0|2|1|3|100|1|1
54247.071427|0|2|0|5424|7|0|1|255|150|10|0|245941.244256726|242409.525844109|0|0|3|1|3|100|1|1
54249.071427|0|1|0|5424|9|0|2|255|50|10|0|100242.057657523|94710.8188761213|0|0|1|1|3|100|1|1
54257.071427|0|2|0|5425|7|0|1|255|50|10|0|75679.3719741878|73805.4441868852|0|0|1|1|3|100|1|1
54267.071427|0|1|0|5426|7|0|2|255|100|10|0|263126.365945724|260576.929886213|0|0|2|1|3|100|1|1
54347.071427|0|2|0|5434|7|0|1|255|150|10|0|116132.24872017|114811.403380815|0|0|3|1|3|100|1|1
54349.071427|0|1|0|5434|9|0|2|255|50|10|0|207285.738063926|206641.737052156|0|0|1|1|3|100|1|1
54357.071427|0|2|0|5435|7|0|1|255|50|10|0|311753.096534236|308627.990039184|0|0|1|1|3|100|1|1
54367.071427|0|1|0|5436|7|0|2|255|100|10|0|175518.42795894|174033.621144801|0|0|2|1|3|100|1|1
54447.071427|0|2|0|5444|7|0|1|255|150|10|0|187651.129934411|184066.37072967|0|0|3|1|3|100|1|1
54449.071427|0|1|0|5444|9|0|2|255|50|10|0|168828.17895793|164595.715503549|0|0|1|1|3|100|1|1
54457.071427|0|2|0|5445|7|0|1|255|50|10|0|189719.57028914|182266.860411469|0|0|1|1|3|100|1|1
54467.071427|0|1|0|5446|7|0|2|255|100|10|0|85445.9390754905|82618.4920503015|0|0|2|1|3|100|1|1
54547.071427|0|2|0|5454|7|0|1|255|150|10|0|227995.303738661|227253.711668667|0|0|3|1|3|100|1|1
54549.071427|0|1|0|5454|9|0|2|255|50|10|0|192558.155059982|191679.566525092|0|0|1|1|3|100|1|1
54557.071427|0|2|0|5455|7|0|1|255|50|10|0|109452.018015683|107123.574359666|0|0|1|1|3|100|1|1
54567.071427|0|1|0|5456|7|0|2|255|100|10|0|262424.988446986|260730.148547841|0|0|2|1|3|100|1|1
54647.071427|0|2|0|5464|7|0|1|255|150|10|0|134672.386760674|130786.342040526|0|0|3|1|3|100|1|1
54649.071427|0|1|0|5464|9|0|2|255|50|10|0|125334.699412985|125196.331434345|0|0|1|1|3|100|1|1
54657.071427|0|2|0|5465|7|0|1|255|50|10|0|211375.524257382|209425.369654599|0|0|1|1|3|100|1|1
54667.071427|0|1|0|5466|7|0|2|255|100|10|0|264182.684776016|263566.536481801|0|0|2|1|3|100|1|1
54747.071427|0|2|0|5474|7|0|1|255|150|10|0|188437.651104022|185135.454418439|0|0|3|1|3|100|1|1
54749.071427|0|1|0|5474|9|0|2|255|50|10|0|223343.133245662|218724.467704006|0|0|1|1|3|100|1|1
54757.071427|0|2|0|5475|7|0|1|255|50|10|0|225859.381219668|223329.210233415|0|0|1|1|3|100|1|1
54767.071427|0|1|0|5476|7|0|2|255|100|10|0|44260.0483865128|44034.5947532887|0|0|2|1|3|100|1|1
54847.071427|0|2|0|5484|7|0|1|255|150|10|0|176308.473130317|172611.945023456|0|0|3|1|3|100|1|1
54849.071427|0|1|0|5484|9|0|2|255|50|10|0|158110.537149302|155063.480031535|0|0|1|1|3|100|1|1
54857.071427|0|2|0|5485|7|0|1|255|50|10|0|78055.1008982405|76776.4993440744|0|0|1|1|3|100|1|1
54867.071427|0|1|0|5486|7|0|2|255|100|10|0|272539.740716579|271777.45441606|0|0|2|1|3|100|1|1
54947.071427|0|2|0|5494|7|0|1|255|150|10|0|175281.859593008|169304.49268832|0|0|3|1|3|100|1|1
54949.071427|0|1|0|5494|9|0|2|255|50|10|0|169997.829222151|165908.391095881|0|0|1|1|3|100|1|1
54957.071427|0|2|0|5495|7|0|1|255|50|10|0|310322.442557192|305873.48364456|0|0|1|1|3|100|1|1
54967.071427|0|1|0|5496|7|0|2|255|100|10|0|208348.261752451|205473.009518351|0|0|2|1|3|100|1|1
55047.071427|0|2|0|5504|7|0|1|255|150|10|0|123020.025347573|121659.283585756|0|0|3|1|3|100|1|1
55057.071427|0|2|0|5505|7|0|1|255|50|10|0|139534.768467171|138474.289667193|0|0|1|1|3|100|1|1
55059.071427|0|1|0|5505|9|0|2|255|100|10|0|136135.168603414|131028.45301084|0|0|2|1|3|100|1|1
55067.071427|0|1|0|5506|7|0|2|255|50|10|0|77843.9560582153|76526.7204601103|0|0|1|1|3|100|1|1
55147.071427|0|2|0|5514|7|0|1|255|150|10|0|248218.330554629|247272.749697686|0|0|3|1|3|100|1|1
55157.071427|0|2|0|5515|7|0|1|255|50|10|0|112954.147652009|111553.505285625|0|0|1|1|3|100|1|1
55159.071427|0|1|0|5515|9|0|2|255|100|10|0|162893.36586708|162704.21855794|0|0|2|1|3|100|1|1
55167.071427|0|1|0|5516|7|0|2|255|50|10|0|244136.735556284|242751.21101221|0|0|1|1|3|100|1|1
55237.071427|0|2|0|5523|7|0|1|255|150|10|0|131438.427115295|127939.49677635|0|0|3|1|3|100|1|1
55245.071427|0|2|0|5524|5|0|1|255|100|10|0|158571.63896232|156767.282670694|0|0|2|1|3|100|1|1
55259.071427|0|1|0|5525|9|0|2|255|100|10|0|157815.410485737|157680.554986362|0|0|2|1|3|100|1|1
55267.071427|0|1|0|5526|7|0|2|255|50|10|0|182734.033521978|179719.50067537|0|0|1|1|3|100|1|1
55337.071427|0|2|0|5533|7|0|1|255|150|10|0|297825.621718792|297650.344689513|0|0|3|1|3|100|1|1
55345.071427|0|2|0|5534|5|0|1|255|100|10|0|155808.454521902|154758.021468644|0|0|2|1|3|100|1|1
55359.071427|0|1|0|5535|9|0|2|255|100|10|0|230012.670547194|224322.899659017|0|0|2|1|3|100|1|1
55367.071427|0|1|0|5536|7|0|2|255|50|10|0|134968.690091378|132211.28829156|0|0|1|1|3|100|1|1
55437.071427|0|2|0|5543|7|0|1|255|150|10|0|101423.118654455|98359.9580190039|0|0|3|1|3|100|1|1
55445.071427|0|2|0|5544|5|0|1|255|100|10|0|150844.540240262|147075.46267428|0|0|2|1|3|100|1|1
55459.071427|0|1|0|5545|9|0|2|255|100|10|0|131659.169821635|128986.810882103|0|0|2|1|3|100|1|1
55467.071427|0|1|0|5546|7|0|2|255|50|10|0|212290.951494929|210960.221105932|0|0|1|1|3|100|1|1
55537.071427|0|2|0|5553|7|0|1|255|150|10|0|148337.194181332|145007.126608854|0|0|3|1|3|100|1|1
55545.071427|0|2|0|5554|5|0|1|255|100|10|0|232472.961795601|227439.785403415|0|0|2|1|3|100|1|1
55559.071427|0|1|0|5555|9|0|2|255|100|10|0|197073.158534387|193704.460819762|0|0|2|1|3|100|1|1
55567.071427|0|1|0|5556|7|0|2|255|50|10|0|223550.096887666|218758.551944585|0|0|1|1|3|100|1|1
55637.071427|0|2|0|5563|7|0|1|255|150|10|0|300648.997597622|299485.734780689|0|0|3|1|3|100|1|1
55645.071427|0|2|0|5564|5|0|1|255|100|10|0|170960.906925343|170739.850149802|0|0|2|1|3|100|1|1
55659.071427|0|1|0|5565|9|0|2|255|100|10|0|180781.238766071|178093.672229146|0|0|2|1|3|100|1|1
55667.071427|0|1|0|5566|7|0|2|255|50|10|0|91648.6762056661|90552.9165195061|0|0|1|1|3|100|1|1
55737.071427|0|2|0|5573|7|0|1|255|150|10|0|117881.002581073|112703.509675078|0|0|3|1|3|100|1|1
55745.071427|0|2|0|5574|5|0|1|255|100|10|0|113521.631362209|113331.370803246|0|0|2|1|3|100|1|1
55759.071427|0|1|0|5575|9|0|2|255|100|10|0|174283.173775822|170382.793199843|0|0|2|1|3|100|1|1
55767.071427|0|1|0|5576|7|0|2|255|50|10|0|190724.692711648|187951.321772123|0|0|1|1|3|100|1|1
55837.071427|0|2|0|5583|7|0|1|255|150|10|0|151613.030469027|148180.894509912|0|0|3|1|3|100|1|1
55845.071427|0|2|0|5584|5|0|1|255|100|10|0|212059.716727856|211874.653881294|0|0|2|1|3|100|1|1
55859.071427|0|1|0|5585|9|0|2|255|100|10|0|108770.073147247|105066.128626689|0|0|2|1|3|100|1|1
55867.071427|0|1|0|5586|7|0|2|255|50|10|0|213153.528344662|208067.029898594|0|0|1|1|3|100|1|1
55937.071427|0|2|0|5593|7|0|1|255|150|10|0|278657.720916549|275558.027458825|0|0|3|1|3|100|1|1
55945.071427|0|2|0|5594|5|0|1|255|100|10|0|194359.41680987|190990.957846974|0|0|2|1|3|100|1|1
55959.071427|0|1|0|5595|9|0|2|255|100|10|0|300305.905585681|299703.169827075|0|0|2|1|3|100|1|1
55967.071427|0|1|0|5596|7|0|2|255|50|10|0|145186.963269102|144777.515185083|0|0|1|1|3|100|1|1
56037.071427|0|2|0|5603|7|0|1|255|150|10|0|134128.885252396|132096.421072961|0|0|3|1|3|100|1|1
56045.071427|0|2|0|5604|5|0|1|255|100|10|0|108674.803736121|107930.209875425|0|0|2|1|3|100|1|1
56059.071427|0|1|0|5605|9|0|2|255|100|10|0|162890.145693225|161978.486453973|0|0|2|1|3|100|1|1
56067.071427|0|1|0|5606|7|0|2|255|50|10|0|152623.314334506|151443.134251069|0|0|1|1|3|100|1|1
56137.071427|0|2|0|5613|7|0|1|255|150|10|0|148795.517787565|148210.687147175|0|0|3|1|3|100|1|1
56145.071427|0|2|0|5614|5|0|1|255|100|10|0|252577.365196889|252563.931359248|0|0|2|1|3|100|1|1
56159.071427|0|1|0|5615|9|0|2|255|100|10|0|98363.6555495996|95043.2453016392|0|0|2|1|3|100|1|1
56167.071427|0|1|0|5616|7|0|2|255|50|10|0|207712.014510387|204104.959029754|0|0|1|1|3|100|1|1
56238.071427|0|2|0|5623|8|0|1|255|100|10|0|230796.802043481|230243.994696599|0|0|2|1|3|100|1|1
56277.071427|0|1|0|5627|7|0|2|255|50|10|0|201273.431180146|199388.203843822|0|0|1|1|3|100|1|1
56338.071427|0|2|0|5633|8|0|1|255|100|10|0|123113.863944941|121358.840634929|0|0|2|1|3|100|1|1
56377.071427|0|1|0|5637|7|0|2|255|50|10|0|156367.085011422|152836.508678056|0|0|1|1|3|100|1|1
56438.071427|0|2|0|5643|8|0|1|255|100|10|0|148674.180717896|147631.060917515|0|0|2|1|3|100|1|1
56477.071427|0|1|0|5647|7|0|2|255|50|10|0|170860.342854007|166288.023504401|0|0|1|1|3|100|1|1
56538.071427|0|2|0|5653|8|0|1|255|100|10|0|279848.687616737|274342.732957093|0|0|2|1|3|100|1|1
56577.071427|0|1|0|5657|7|0|2|255|50|10|0|142812.955241729|142100.807141385|0|0|1|1|3|100|1|1
56638.071427|0|2|0|5663|8|0|1|255|100|10|0|112294.407026935|107645.156522865|0|0|2|1|3|100|1|1
56677.071427|0|1|0|5667|7|0|2|255|50|10|0|230813.761387787|229983.564862729|0|0|1|1|3|100|1|1
56738.071427|0|2|0|5673|8|0|1|255|100|10|0|142955.705330891|141564.431427216|0|0|2|1|3|100|1|1
56777.071427|0|1|0|5677|7|0|2|255|50|10|0|161206.850855888|158684.483202542|0|0|1|1|3|100|1|1
56838.071427|0|2|0|5683|8|0|1|255|100|10|0|225610.081513639|221845.724903076|0|0|2|1|3|100|1|1
56877.071427|0|1|0|5687|7|0|2|255|50|10|0|135552.431830681|134421.418878807|0|0|1|1|3|100|1|1
56938.071427|0|2|0|5693|8|0|1|255|100|10|0|193585.305043954|190280.434161663|0|0|2|1|3|100|1|1
56977.071427|0|1|0|5697|7|0|2|255|50|10|0|171582.483735795|166807.518698531|0|0|1|1|3|100|1|1
57038.071427|0|2|0|5703|8|0|1|255|100|10|0|125268.66786698|124577.693455067|0|0|2|1|3|100|1|1
57077.071427|0|1|0|5707|7|0|2|255|50|10|0|260164.870947162|259159.72082569|0|0|1|1|3|100|1|1
57138.071427|0|2|0|5713|8|0|1|255|100|10|0|160831.492894751|156563.704075396|0|0|2|1|3|100|1|1
57177.071427|0|1|0|5717|7|0|2|255|50|10|0|96104.2502379541|92980.6017204595|0|0|1|1|3|100|1|1
57238.071427|0|2|0|5723|8|0|1|255|100|10|0|253448.840057771|247029.255484599|0|0|2|1|3|100|1|1
57277.071427|0|1|0|5727|7|0|2|255|50|10|0|201357.741896229|195444.855352827|0|0|1|1|3|100|1|1
57338.071427|0|2|0|5733|8|0|1|255|100|10|0|97408.9489976275|97069.2587981898|0|0|2|1|3|100|1|1
57377.071427|0|1|0|5737|7|0|2|255|50|10|0|257653.063082376|256982.767704849|0|0|1|1|3|100|1|1
57438.071427|0|2|0|5743|8|0|1|255|100|10|0|192396.019099978|190524.411568962|0|0|2|1|3|100|1|1
57457.071427|0|1|0|5745|7|0|2|255|50|10|0|199057.225146442|195601.855382902|0|0|1|1|3|100|1|1
57458.071427|0|2|0|5745|8|0|1|255|50|10|0|218544.020401135|216091.142233507|0|0|1|1|3|100|1|1
57465.071427|0|1|0|5746|5|0|2|255|100|10|0|223783.539530122|220603.259721312|0|0|2|1|3|100|1|1
57538.071427|0|2|0|5753|8|0|1|255|100|10|0|251662.991053425|250508.652716956|0|0|2|1|3|100|1|1
57557.071427|0|1|0|5755|7|0|2|255|50|10|0|267276.69768917|262934.853377777|0|0|1|1|3|100|1|1
57558.071427|0|2|0|5755|8|0|1|255|50|10|0|225275.086021763|220599.242536734|0|0|1|1|3|100|1|1
57565.071427|0|1|0|5756|5|0|2|255|100|10|0|180598.721912206|178925.851480926|0|0|2|1|3|100|1|1
57639.071427|0|2|0|5763|9|0|1|255|150|10|0|98155.0473725253|97735.9758283952|0|0|3|1|3|100|1|1
57647.071427|0|2|0|5764|7|0|1|255|100|10|0|172966.851652659|172274.205099958|0|0|2|1|3|100|1|1
57657.071427|0|1|0|5765|7|0|2|255|50|10|0|102419.937194886|101798.952341101|0|0|1|1|3|100|1|1
57665.071427|0|1|0|5766|5|0|2|255|100|10|0|83976.7621985156|83550.2792162532|0|0|2|1|3|100|1|1
57739.071427|0|2|0|5773|9|0|1|255|150|10|0|142809.769240349|140276.733866929|0|0|3|1|3|100|1|1
57747.071427|0|2|0|5774|7|0|1|255|100|10|0|212137.362911097|207762.604891738|0|0|2|1|3|100|1|1
57757.071427|0|1|0|5775|7|0|2|255|50|10|0|161037.291754273|160530.637271581|0|0|1|1|3|100|1|1
57765.071427|0|1|0|5776|5|0|2|255|100|10|0|360723.4041814|355168.273305209|0|0|2|1|3|100|1|1
57839.071427|0|2|0|5783|9|0|1|255|150|10|0|285945.677157389|283122.390798442|0|0|3|1|3|100|1|1
57847.071427|0|2|0|5784|7|0|1|255|100|10|0|143267.176049817|141293.74268249|0|0|2|1|3|100|1|1
57857.071427|0|1|0|5785|7|0|2|255|50|10|0|211580.202030877|208933.538504449|0|0|1|1|3|100|1|1
57865.071427|0|1|0|5786|5|0|2|255|100|10|0|123154.407900759|121001.013980834|0|0|2|1|3|100|1|1
57939.071427|0|2|0|5793|9|0|1|255|150|10|0|92114.1144312854|90375.6891067361|0|0|3|1|3|100|1|1
57947.071427|0|2|0|5794|7|0|1|255|100|10|0|115024.023124656|113135.89455278|0|0|2|1|3|100|1|1
57957.071427|0|1|0|5795|7|0|2|255|50|10|0|153138.407471185|150924.878460354|0|0|1|1|3|100|1|1
57965.071427|0|1|0|5796|5|0|2|255|100|10|0|134058.374624339|130017.584490141|0|0|2|1|3|100|1|1
58039.071427|0|2|0|5803|9|0|1|255|150|10|0|225255.798380993|223328.625964176|0|0|3|1|3|100|1|1
58047.071427|0|2|0|5804|7|0|1|255|100|10|0|274339.979372767|272835.310608011|0|0|2|1|3|100|1|1
58057.071427|0|1|0|5805|7|0|2|255|50|10|0|157692.402021783|154135.274439957|0|0|1|1|3|100|1|1
58065.071427|0|1|0|5806|5|0|2|255|100|10|0|264877.500132005|261919.92720489|0|0|2|1|3|100|1|1
58139.071427|0|2|0|5813|9|0|1|255|150|10|0|254089.664078498|254056.16683494|0|0|3|1|3|100|1|1
58147.071427|0|2|0|5814|7|0|1|255|100|10|0|171660.464726044|170095.144950091|0|0|2|1|3|100|1|1
58157.071427|0|1|0|5815|7|0|2|255|50|10|0|203180.543815651|201871.417967523|0|0|1|1|3|100|1|1
58165.071427|0|1|0|5816|5|0|2|255|100|10|0|169315.845960798|166356.25343504|0|0|2|1|3|100|1|1
58239.071427|0|2|0|5823|9|0|1|255|150|10|0|109542.207832619|104726.032893081|0|0|3|1|3|100|1|1
58247.071427|0|2|0|5824|7|0|1|255|100|10|0|102701.940919936|101011.64678857|0|0|2|1|3|100|1|1
58257.071427|0|1|0|5825|7|0|2|255|50|10|0|161066.921476762|157708.271876322|0|0|1|1|3|100|1|1
58265.071427|0|1|0|5826|5|0|2|255|100|10|0|79056.8972267068|75809.2204091058|0|0|2|1|3|100|1|1
58339.071427|0|2|0|5833|9|0|1|255|150|10|0|163590.002801936|160562.164007202|0|0|3|1|3|100|1|1
58347.071427|0|2|0|5834|7|0|1|255|100|10|0|251551.964776242|250740.487590062|0|0|2|1|3|100|1|1
58357.071427|0|1|0|5835|7|0|2|255|50|10|0|154891.820737276|152081.615747948|0|0|1|1|3|100|1|1
58365.071427|0|1|0|5836|5|0|2|255|100|10|0|306901.524819107|304735.871377049|0|0|2|1|3|100|1|1
58439.071427|0|2|0|5843|9|0|1|255|150|10|0|276513.697399879|276407.687083432|0|0|3|1|3|100|1|1
58447.071427|0|2|0|5844|7|0|1|255|100|10|0|157564.8550555|155338.304082747|0|0|2|1|3|100|1|1
58457.071427|0|1|0|5845|7|0|2|255|50|10|0|139864.77090387|138846.793271827|0|0|1|1|3|100|1|1
58465.071427|0|1|0|5846|5|0|2|255|100|10|0|170058.694936538|168867.884704862|0|0|2|1|3|100|1|1
58539.071427|0|2|0|5853|9|0|1|255|150|10|0|96297.6459328104|94233.4553415682|0|0|3|1|3|100|1|1
58547.071427|0|2|0|5854|7|0|1|255|100|10|0|137275.478188065|132057.436122957|0|0|2|1|3|100|1|1
58549.071427|0|1|0|5854|9|0|2|255|50|10|0|239700.327421064|239115.397217705|0|0|1|1|3|100|1|1
58568.071427|0|1|0|5856|8|0|2|255|150|10|0|199741.587617297|195128.471340328|0|0|3|1|3|100|1|1
58639.071427|0|2|0|5863|9|0|1|255|150|10|0|173763.824876114|170800.859072022|0|0|3|1|3|100|1|1
58647.071427|0|2|0|5864|7|0|1|255|100|10|0|251398.738469094|249263.416215291|0|0|2|1|3|100|1|1
58649.071427|0|1|0|5864|9|0|2|255|50|10|0|182909.168532028|182668.540325085|0|0|1|1|3|100|1|1
58668.071427|0|1|0|5866|8|0|2|255|150|10|0|161500.115704525|159012.860587306|0|0|3|1|3|100|1|1
58737.071427|0|2|0|5873|7|0|1|255|150|10|0|323532.687043394|321428.314544121|0|0|3|1|3|100|1|1
58749.071427|0|1|0|5874|9|0|2|255|50|10|0|109301.098264485|107948.985039556|0|0|1|1|3|100|1|1
58758.071427|0|2|0|5875|8|0|1|255|0|10|0|248725.641019741|247563.86586704|0|0|0|1|3|100|1|1
58768.071427|0|1|0|5876|8|0|2|255|150|10|0|192564.537425347|192072.059421148|0|0|3|1|3|100|1|1
58837.071427|0|2|0|5883|7|0|1|255|150|10|0|163598.544025224|160310.574434091|0|0|3|1|3|100|1|1
58849.071427|0|1|0|5884|9|0|2|255|50|10|0|240781.053960828|233102.717149582|0|0|1|1|3|100|1|1
58858.071427|0|2|0|5885|8|0|1|255|0|10|0|213690.200502919|209685.50995352|0|0|0|1|3|100|1|1
58868.071427|0|1|0|5886|8|0|2|255|150|10|0|114210.063960928|112855.710392899|0|0|3|1|3|100|1|1
58937.071427|0|2|0|5893|7|0|1|255|150|10|0|90170.8698672601|88393.952638625|0|0|3|1|3|100|1|1
58949.071427|0|1|0|5894|9|0|2|255|50|10|0|252597.985557228|244909.012714224|0|0|1|1|3|100|1|1
58958.071427|0|2|0|5895|8|0|1|255|0|10|0|106789.315030444|100312.549785846|0|0|0|1|3|100|1|1
58968.071427|0|1|0|5896|8|0|2|255|150|10|0|212546.459401121|211093.070269967|0|0|3|1|3|100|1|1
59037.071427|0|2|0|5903|7|0|1|255|150|10|0|252730.037523649|247955.000822365|0|0|3|1|3|100|1|1
59049.071427|0|1|0|5904|9|0|2|255|50|10|0|112653.444016679|111702.868487503|0|0|1|1|3|100|1|1
59058.071427|0|2|0|5905|8|0|1|255|0|10|0|250800.108219627|248037.603545353|0|0|0|1|3|100|1|1
59068.071427|0|1|0|5906|8|0|2|255|150|10|0|234842.116829101|232440.139670941|0|0|3|1|3|100|1|1
59137.071427|0|2|0|5913|7|0|1|255|150|10|0|190084.195801796|189393.236954281|0|0|3|1|3|100|1|1
59149.071427|0|1|0|5914|9|0|2|255|50|10|0|163676.323674786|163076.15977158|0|0|1|1|3|100|1|1
59158.071427|0|2|0|5915|8|0|1|255|0|10|0|228196.82825511|226633.255055242|0|0|0|1|3|100|1|1
59168.071427|0|1|0|5916|8|0|2|255|150|10|0|118936.49450022|113584.933745376|0|0|3|1|3|100|1|1
59237.071427|0|2|0|5923|7|0|1|255|100|10|0|133685.937146264|133436.630622323|0|0|2|1|3|100|1|1
59249.071427|0|1|0|5924|9|0|2|255|50|10|0|221211.185006899|218593.643928661|0|0|1|1|3|100|1|1
59257.071427|0|2|0|5925|7|0|1|255|50|10|0|99011.5904353278|96513.7672766135|0|0|1|1|3|100|1|1
59268.071427|0|1|0|5926|8|0|2|255|150|10|0|143342.038979976|140342.573423516|0|0|3|1|3|100|1|1
59337.071427|0|2|0|5933|7|0|1|255|100|10|0|164971.879293118|163587.179339718|0|0|2|1|3|100|1|1
59349.071427|0|1|0|5934|9|0|2|255|50|10|0|123468.870716504|123424.267912089|0|0|1|1|3|100|1|1
59357.071427|0|2|0|5935|7|0|1|255|50|10|0|156205.576503253|154550.039852293|0|0|1|1|3|100|1|1
59368.071427|0|1|0|5936|8|0|2|255|150|10|0|261051.298828906|259692.103851564|0|0|3|1|3|100|1|1
59437.071427|0|2|0|5943|7|0|1|255|100|10|0|234582.87517373|232061.543193429|0|0|2|1|3|100|1|1
59457.071427|0|2|0|5945|7|0|1|255|50|10|0|278742.352933619|270740.591846943|0|0|1|1|3|100|1|1
59464.071427|0|1|0|5946|4|0|2|255|150|10|0|185572.204083056|182758.261920274|0|0|3|1|3|100|1|1
59477.071427|0|1|0|5947|7|0|2|255|0|10|0|112137.299399638|108537.0505802|0|0|0|1|3|100|1|1
59537.071427|0|2|0|5953|7|0|1|255|100|10|0|106145.143512087|103523.453070988|0|0|2|1|3|100|1|1
59557.071427|0|2|0|5955|7|0|1|255|50|10|0|135155.453895377|131031.491598164|0|0|1|1|3|100|1|1
59564.071427|0|1|0|5956|4|0|2|255|150|10|0|172497.271981425|167075.734460021|0|0|3|1|3|100|1|1
59577.071427|0|1|0|5957|7|0|2|255|0|10|0|304452.702500591|301686.435715143|0|0|0|1|3|100|1|1
59637.071427|0|2|0|5963|7|0|1|255|100|10|0|213481.85838757|209011.373553729|0|0|2|1|3|100|1|1
59657.071427|0|2|0|5965|7|0|1|255|50|10|0|164147.851483388|162583.810036298|0|0|1|1|3|100|1|1
59664.071427|0|1|0|5966|4|0|2|255|150|10|0|141049.847399302|140900.228130293|0|0|3|1|3|100|1|1
59677.071427|0|1|0|5967|7|0|2|255|0|10|0|120228.791248565|117756.355587999|0|0|0|1|3|100|1|1
59737.071427|0|2|0|5973|7|0|1|255|100|10|0|167729.598566203|166609.721749169|0|0|2|1|3|100|1|1
59757.071427|0|2|0|5975|7|0|1|255|50|10|0|268137.247515148|265405.968172152|0|0|1|1|3|100|1|1
59764.071427|0|1|0|5976|4|0|2|255|150|10|0|246926.505232583|246530.342101613|0|0|3|1|3|100|1|1
59777.071427|0|1|0|5977|7|0|2|255|0|10|0|169156.674806354|167549.592039829|0|0|0|1|3|100|1|1
59837.071427|0|2|0|5983|7|0|1|255|100|10|0|179189.329784586|174821.692884883|0|0|2|1|3|100|1|1
59857.071427|0|2|0|5985|7|0|1|255|50|10|0|127844.587471672|125187.045037419|0|0|1|1|3|100|1|1
59864.071427|0|1|0|5986|4|0|2|255|150|10|0|132481.53981234|126616.784909521|0|0|3|1|3|100|1|1
59877.071427|0|1|0|5987|7|0|2|255|0|10|0|226024.371177316|224953.867455573|0|0|0|1|3|100|1|1
59937.071427|0|2|0|5993|7|0|1|255|100|10|0|128035.822948564|124701.897059357|0|0|2|1|3|100|1|1
59957.071427|0|2|0|5995|7|0|1|255|50|10|0|127132.22810403|124143.815335757|0|0|1|1|3|100|1|1
59964.071427|0|1|0|5996|4|0|2|255|150|10|0|205085.548606697|198499.501435023|0|0|3|1|3|100|1|1
59977.071427|0|1|0|5997|7|0|2|255|0|10|0|126135.516670039|123875.315459872|0|0|0|1|3|100|1|1
60037.071427|0|2|0|6003|7|0|1|255|100|10|0|220673.789804341|218783.789505318|0|0|2|1|3|100|1|1
60057.071427|0|2|0|6005|7|0|1|255|50|10|0|261539.031723857|260340.595559658|0|0|1|1|3|100|1|1
60064.071427|0|1|0|6006|4|0|2|255|150|10|0|174932.844864938|173931.933295945|0|0|3|1|3|100|1|1
60077.071427|0|1|0|6007|7|0|2|255|0|10|0|179775.467677066|173544.083645254|0|0|0|1|3|100|1|1
60137.071427|0|2|0|6013|7|0|1|255|100|10|0|174725.80427453|173635.380471681|0|0|2|1|3|100|1|1
60157.071427|0|2|0|6015|7|0|1|255|50|10|0|154626.349460205|153777.819536126|0|0|1|1|3|100|1|1
60164.071427|0|1|0|6016|4|0|2|255|150|10|0|175440.252582678|174454.335297356|0|0|3|1|3|100|1|1
60177.071427|0|1|0|6017|7|0|2|255|0|10|0|277080.894849236|274598.589695839|0|0|0|1|3|100|1|1
60237.071427|0|2|0|6023|7|0|1|255|100|10|0|134763.956843093|130593.537733274|0|0|2|1|3|100|1|1
60257.071427|0|2|0|6025|7|0|1|255|50|10|0|142007.9823311|138416.088427305|0|0|1|1|3|100|1|1
60264.071427|0|1|0|6026|4|0|2|255|150|10|0|146406.111039178|143891.487371631|0|0|3|1|3|100|1|1
60277.071427|0|1|0|6027|7|0|2|255|0|10|0|117128.362202278|115247.015353482|0|0|0|1|3|100|1|1
60337.071427|0|2|0|6033|7|0|1|255|100|10|0|239669.631563075|238173.848159964|0|0|2|1|3|100|1|1
60357.071427|0|2|0|6035|7|0|1|255|50|10|0|210042.820006165|208499.16154648|0|0|1|1|3|100|1|1
60364.071427|0|1|0|6036|4|0|2|255|150|10|0|318809.42448954|314103.641294467|0|0|3|1|3|100|1|1
60377.071427|0|1|0|6037|7|0|2|255|0|10|0|170726.618537779|167437.178383203|0|0|0|1|3|100|1|1
60437.071427|0|2|0|6043|7|0|1|255|100|10|0|165553.600922085|165345.636184979|0|0|2|1|3|100|1|1
60457.071427|0|2|0|6045|7|0|1|255|50|10|0|146221.777564023|143214.039164557|0|0|1|1|3|100|1|1
60464.071427|0|1|0|6046|4|0|2|255|150|10|0|79021.6903349031|77097.5562357612|0|0|3|1|3|100|1|1
60477.071427|0|1|0|6047|7|0|2|255|0|10|0|262077.991177106|258162.745251317|0|0|0|1|3|100|1|1
60537.071427|0|2|0|6053|7|0|1|255|100|10|0|86654.9408669145|85226.6301704652|0|0|2|1|3|100|1|1
60557.071427|0|2|0|6055|7|0|1|255|50|10|0|181995.528369254|177803.582445698|0|0|1|1|3|100|1|1
60559.071427|0|1|0|6055|9|0|2|255|50|10|0|162946.094372036|159728.018081367|0|0|1|1|3|100|1|1
60577.071427|0|1|0|6057|7|0|2|255|0|10|0|113962.181894291|111271.808812597|0|0|0|1|3|100|1|1
60637.071427|0|2|0|6063|7|0|1|255|150|10|0|242529.564304484|239040.252873949|0|0|3|1|3|100|1|1
60657.071427|0|2|0|6065|7|0|1|255|50|10|0|151117.71199868|149483.356380192|0|0|1|1|3|100|1|1
60659.071427|0|1|0|6065|9|0|2|255|50|10|0|149219.266395955|148802.793968065|0|0|1|1|3|100|1|1
60677.071427|0|1|0|6067|7|0|2|255|0|10|0|150615.929147815|150023.134585092|0|0|0|1|3|100|1|1
60737.071427|0|2|0|6073|7|0|1|255|150|10|0|212140.02411067|208935.641920676|0|0|3|1|3|100|1|1
60757.071427|0|2|0|6075|7|0|1|255|50|10|0|213404.738787387|211507.48667326|0|0|1|1|3|100|1|1
60759.071427|0|1|0|6075|9|0|2|255|50|10|0|258264.58325622|255801.552789586|0|0|1|1|3|100|1|1
60777.071427|0|1|0|6077|7|0|2|255|0|10|0|301558.903183838|300636.180435961|0|0|0|1|3|100|1|1
60837.071427|0|2|0|6083|7|0|1|255|150|10|0|95707.5168294711|93984.6416264177|0|0|3|1|3|100|1|1
60857.071427|0|2|0|6085|7|0|1|255|50|10|0|161096.764399341|158149.642986545|0|0|1|1|3|100|1|1
60859.071427|0|1|0|6085|9|0|2|255|50|10|0|106923.756782589|104828.330445088|0|0|1|1|3|100|1|1
60877.071427|0|1|0|6087|7|0|2|255|0|10|0|108936.902985534|103925.923713942|0|0|0|1|3|100|1|1
60937.071427|0|2|0|6093|7|0|1|255|150|10|0|241525.600665682|240524.817133367|0|0|3|1|3|100|1|1
60957.071427|0|2|0|6095|7|0|1|255|50|10|0|162516.074156409|162421.605058655|0|0|1|1|3|100|1|1
60959.071427|0|1|0|6095|9|0|2|255|50|10|0|197308.859159997|193107.436498589|0|0|1|1|3|100|1|1
60977.071427|0|1|0|6097|7|0|2|255|0|10|0|178486.448531968|174033.844203226|0|0|0|1|3|100|1|1
61037.071427|0|2|0|6103|7|0|1|255|150|10|0|230272.234174609|228230.281852123|0|0|3|1|3|100|1|1
61049.071427|0|1|0|6104|9|0|2|255|0|10|0|217576.815566535|217435.725216385|0|0|0|1|3|100|1|1
61057.071427|0|2|0|6105|7|0|1|255|50|10|0|164270.199120442|158235.205945658|0|0|1|1|3|100|1|1
61065.071427|0|1|0|6106|5|0|2|255|50|10|0|76286.0268742206|74344.8438759133|0|0|1|1|3|100|1|1
61137.071427|0|2|0|6113|7|0|1|255|150|10|0|75609.997180483|72893.5111436545|0|0|3|1|3|100|1|1
61149.071427|0|1|0|6114|9|0|2|255|0|10|0|210974.204406661|210614.286183683|0|0|0|1|3|100|1|1
61157.071427|0|2|0|6115|7|0|1|255|50|10|0|216772.600686089|212819.011677656|0|0|1|1|3|100|1|1
61165.071427|0|1|0|6116|5|0|2|255|50|10|0|225329.991718741|224772.569045653|0|0|1|1|3|100|1|1
61237.071427|0|2|0|6123|7|0|1|255|150|10|0|254224.172140232|245600.46647108|0|0|3|1|3|100|1|1
61249.071427|0|1|0|6124|9|0|2|255|0|10|0|130442.223529693|128727.445543236|0|0|0|1|3|100|1|1
61257.071427|0|2|0|6125|7|0|1|255|50|10|0|154540.811456407|150732.19929499|0|0|1|1|3|100|1|1
61265.071427|0|1|0|6126|5|0|2|255|50|10|0|150649.693573622|148362.238800315|0|0|1|1|3|100|1|1
61337.071427|0|2|0|6133|7|0|1|255|150|10|0|232041.446167042|229280.891396991|0|0|3|1|3|100|1|1
61349.071427|0|1|0|6134|9|0|2|255|0|10|0|169204.009350742|163263.330143489|0|0|0|1|3|100|1|1
61357.071427|0|2|0|6135|7|0|1|255|50|10|0|225468.994116654|221471.564162818|0|0|1|1|3|100|1|1
61365.071427|0|1|0|6136|5|0|2|255|50|10|0|184314.58492378|183818.900733758|0|0|1|1|3|100|1|1
61437.071427|0|2|0|6143|7|0|1|255|150|10|0|115729.498518745|114975.117842309|0|0|3|1|3|100|1|1
61449.071427|0|1|0|6144|9|0|2|255|0|10|0|284263.713994382|277582.451467354|0|0|0|1|3|100|1|1
61457.071427|0|2|0|6145|7|0|1|255|50|10|0|169638.646667923|168689.941140143|0|0|1|1|3|100|1|1
61465.071427|0|1|0|6146|5|0|2|255|50|10|0|169872.32893175|168372.387960031|0|0|1|1|3|100|1|1
61537.071427|0|2|0|6153|7|0|1|255|150|10|0|164614.172550257|161434.483780655|0|0|3|1|3|100|1|1
61549.071427|0|1|0|6154|9|0|2|255|0|10|0|115202.154379308|114747.655868876|0|0|0|1|3|100|1|1
61557.071427|0|2|0|6155|7|0|1|255|50|10|0|91054.8562105006|90666.457660836|0|0|1|1|3|100|1|1
61565.071427|0|1|0|6156|5|0|2|255|50|10|0|206489.453259938|202372.085956939|0|0|1|1|3|100|1|1
61637.071427|0|2|0|6163|7|0|1|255|100|10|0|272710.702373882|271981.83887556|0|0|2|1|3|100|1|1
61649.071427|0|1|0|6164|9|0|2|255|0|10|0|156083.78510977|155092.319084462|0|0|0|1|3|100|1|1
61657.071427|0|2|0|6165|7|0|1|255|0|10|0|318744.913750849|315604.147380614|0|0|0|1|3|100|1|1
61665.071427|0|1|0|6166|5|0|2|255|50|10|0|121460.052569917|120428.522163826|0|0|1|1|3|100|1|1
61737.071427|0|2|0|6173|7|0|1|255|100|10|0|97754.7633692488|95522.7290351938|0|0|2|1|3|100|1|1
61749.071427|0|1|0|6174|9|0|2|255|0|10|0|205924.358759951|204463.918569894|0|0|0|1|3|100|1|1
61757.071427|0|2|0|6175|7|0|1|255|0|10|0|148046.688943586|145429.298821718|0|0|0|1|3|100|1|1
61765.071427|0|1|0|6176|5|0|2|255|50|10|0|171860.507859525|168147.487135983|0|0|1|1|3|100|1|1
61837.071427|0|2|0|6183|7|0|1|255|100|10|0|226076.466487237|220746.790213611|0|0|2|1|3|100|1|1
61849.071427|0|1|0|6184|9|0|2|255|0|10|0|170384.314777621|170345.080683461|0|0|0|1|3|100|1|1
61857.071427|0|2|0|6185|7|0|1|255|0|10|0|103477.211432041|102590.825989882|0|0|0|1|3|100|1|1
61865.071427|0|1|0|6186|5|0|2|255|50|10|0|225053.410498527|216931.361578743|0|0|1|1|3|100|1|1
61937.071427|0|2|0|6193|7|0|1|255|100|10|0|160403.037100698|158845.489143589|0|0|2|1|3|100|1|1
61949.071427|0|1|0|6194|9|0|2|255|150|10|0|101739.89677327|99111.7098346468|0|0|3|1|3|100|1|1
61957.071427|0|2|0|6195|7|0|1|255|0|10|0|285242.440000322|277814.040552776|0|0|0|1|3|100|1|1
61967.071427|0|1|0|6196|7|0|2|255|150|10|0|235374.558429595|234881.238367275|0|0|3|1|3|100|1|1
62037.071427|0|2|0|6203|7|0|1|255|100|10|0|142515.333104935|139014.937832572|0|0|2|1|3|100|1|1
62049.071427|0|1|0|6204|9|0|2|255|150|10|0|251666.150255464|250770.733555331|0|0|3|1|3|100|1|1
62057.071427|0|2|0|6205|7|0|1|255|0|10|0|162108.417454748|159428.067985934|0|0|0|1|3|100|1|1
62067.071427|0|1|0|6206|7|0|2|255|150|10|0|85576.9915820465|85474.9643569691|0|0|3|1|3|100|1|1
62137.071427|0|2|0|6213|7|0|1|255|100|10|0|187122.845484039|183165.677061421|0|0|2|1|3|100|1|1
62149.071427|0|1|0|6214|9|0|2|255|150|10|0|181878.10771799|177775.068811827|0|0|3|1|3|100|1|1
62157.071427|0|2|0|6215|7|0|1|255|0|10|0|116342.481002193|115972.828118432|0|0|0|1|3|100|1|1
62167.071427|0|1|0|6216|7|0|2|255|150|10|0|274244.045135209|267232.172425624|0|0|3|1|3|100|1|1
62237.071427|0|2|0|6223|7|0|1|255|100|10|0|202595.371805294|200867.413223654|0|0|2|1|3|100|1|1
62249.071427|0|1|0|6224|9|0|2|255|150|10|0|136181.673884187|131456.522725282|0|0|3|1|3|100|1|1
62257.071427|0|2|0|6225|7|0|1|255|0|10|0|259663.826374965|259030.441561245|0|0|0|1|3|100|1|1
62267.071427|0|1|0|6226|7|0|2|255|150|10|0|197104.957959503|191559.735515104|0|0|3|1|3|100|1|1
62337.071427|0|2|0|6233|7|0|1|255|100|10|0|153361.384286173|151807.65204192|0|0|2|1|3|100|1|1
62349.071427|0|1|0|6234|9|0|2|255|150|10|0|135529.457042606|134036.83326784|0|0|3|1|3|100|1|1
62357.071427|0|2|0|6235|7|0|1|255|0|10|0|181221.508761636|177189.96680744|0|0|0|1|3|100|1|1
62367.071427|0|1|0|6236|7|0|2|255|150|10|0|137086.52474367|135396.173315981|0|0|3|1|3|100|1|1
62438.071427|0|2|0|6243|8|0|1|255|0|10|0|143490.819881603|140268.709315666|0|0|0|1|3|100|1|1
62467.071427|0|1|0|6246|7|0|2|255|150|10|0|181315.308958982|176596.866143262|0|0|3|1|3|100|1|1
62538.071427|0|2|0|6253|8|0|1|255|0|10|0|236778.766429975|236114.282043389|0|0|0|1|3|100|1|1
62567.071427|0|1|0|6256|7|0|2|255|150|10|0|261471.467306156|257924.528844384|0|0|3|1|3|100|1|1
62638.071427|0|2|0|6263|8|0|1|255|0|10|0|206425.265789708|202916.715504904|0|0|0|1|3|100|1|1
62667.071427|0|1|0|6266|7|0|2|255|150|10|0|76152.4779347777|73245.9192756576|0|0|3|1|3|100|1|1
62738.071427|0|2|0|6273|8|0|1|255|0|10|0|66603.0383579725|62708.5930723914|0|0|0|1|3|100|1|1
62767.071427|0|1|0|6276|7|0|2|255|150|10|0|284706.76502194|283530.636572772|0|0|3|1|3|100|1|1
62838.071427|0|2|0|6283|8|0|1|255|0|10|0|300428.160056105|298399.381007932|0|0|0|1|3|100|1|1
62867.071427|0|1|0|6286|7|0|2|255|150|10|0|191761.813227746|190947.321086144|0|0|3|1|3|100|1|1
62938.071427|0|2|0|6293|8|0|1|255|0|10|0|202636.652489041|198727.253789864|0|0|0|1|3|100|1|1
62967.071427|0|1|0|6296|7|0|2|255|150|10|0|103647.361757613|99040.2232263803|0|0|3|1|3|100|1|1
63038.071427|0|2|0|6303|8|0|1|255|0|10|0|70494.3762660071|67309.7951323639|0|0|0|1|3|100|1|1
63067.071427|0|1|0|6306|7|0|2|255|150|10|0|207677.482180921|201673.095617452|0|0|3|1|3|100|1|1
63138.071427|0|2|0|6313|8|0|1|255|0|10|0|273920.994050298|273538.85975774|0|0|0|1|3|100|1|1
63167.071427|0|1|0|6316|7|0|2|255|150|10|0|234712.966385608|231890.686631721|0|0|3|1|3|100|1|1
63238.071427|0|2|0|6323|8|0|1|255|0|10|0|211445.758196349|209178.913677826|0|0|0|1|3|100|1|1
63267.071427|0|1|0|6326|7|0|2|255|150|10|0|126033.882704651|123394.080941472|0|0|3|1|3|100|1|1
63338.071427|0|2|0|6333|8|0|1|255|0|10|0|85208.5483290188|82094.9027072698|0|0|0|1|3|100|1|1
63364.071427|0|1|0|6336|4|0|2|255|0|10|0|155607.56336814|155357.521633134|0|0|0|1|3|100|1|1
63438.071427|0|2|0|6343|8|0|1|255|0|10|0|241666.271105613|240660.331707918|0|0|0|1|3|100|1|1
63464.071427|0|1|0|6346|4|0|2|255|0|10|0|304070.913184834|301627.576814064|0|0|0|1|3|100|1|1
63538.071427|0|2|0|6353|8|0|1|255|0|10|0|248547.80845334|244384.611240484|0|0|0|1|3|100|1|1
63564.071427|0|1|0|6356|4|0|2|255|0|10|0|97136.2630533948|91552.8633682863|0|0|0|1|3|100|1|1
63638.071427|0|2|0|6363|8|0|1|255|0|10|0|85367.3170219568|84242.3680406897|0|0|0|1|3|100|1|1
63664.071427|0|1|0|6366|4|0|2|255|0|10|0|190282.500533766|189388.664456586|0|0|0|1|3|100|1|1
63738.071427|0|2|0|6373|8|0|1|255|100|10|0|197885.079178119|190980.16522486|0|0|2|1|3|100|1|1
63746.071427|0|2|0|6374|6|0|1|255|150|10|0|256146.501054349|253046.082399905|0|0|3|1|3|100|1|1
63749.071427|0|1|0|6374|9|0|2|255|150|10|0|189644.790891621|185268.006070964|0|0|3|1|3|100|1|1
63764.071427|0|1|0|6376|4|0|2|255|0|10|0|224058.430507765|220125.494389755|0|0|0|1|3|100|1|1
63838.071427|0|2|0|6383|8|0|1|255|100|10|0|276650.836287181|271373.342086212|0|0|2|1|3|100|1|1
63846.071427|0|2|0|6384|6|0|1|255|150|10|0|141000.428850027|139670.399775074|0|0|3|1|3|100|1|1
63849.071427|0|1|0|6384|9|0|2|255|150|10|0|68744.749995214|66772.029655668|0|0|3|1|3|100|1|1
63864.071427|0|1|0|6386|4|0|2|255|0|10|0|138102.829781225|137358.159286389|0|0|0|1|3|100|1|1
63938.071427|0|2|0|6393|8|0|1|255|100|10|0|102711.221379218|102538.19112363|0|0|2|1|3|100|1|1
63946.071427|0|2|0|6394|6|0|1|255|150|10|0|93152.589234477|91339.1845402048|0|0|3|1|3|100|1|1
63949.071427|0|1|0|6394|9|0|2|255|150|10|0|260799.420873704|259547.551758043|0|0|3|1|3|100|1|1
63964.071427|0|1|0|6396|4|0|2|255|0|10|0|130445.927149293|130019.314334911|0|0|0|1|3|100|1|1
64038.071427|0|2|0|6403|8|0|1|255|100|10|0|203163.712552242|200434.835729066|0|0|2|1|3|100|1|1
64046.071427|0|2|0|6404|6|0|1|255|150|10|0|354909.101743389|346121.985024612|0|0|3|1|3|100|1|1
64049.071427|0|1|0|6404|9|0|2|255|150|10|0|256606.875328376|250837.410994465|0|0|3|1|3|100|1|1
64064.071427|0|1|0|6406|4|0|2|255|0|10|0|266165.380603567|260495.844801529|0|0|0|1|3|100|1|1
64138.071427|0|2|0|6413|8|0|1|255|100|10|0|177073.697127431|172804.260578334|0|0|2|1|3|100|1|1
64146.071427|0|2|0|6414|6|0|1|255|150|10|0|113030.168301138|110155.778111987|0|0|3|1|3|100|1|1
64149.071427|0|1|0|6414|9|0|2|255|150|10|0|57189.5872257429|54177.449523048|0|0|3|1|3|100|1|1
64164.071427|0|1|0|6416|4|0|2|255|0|10|0|140886.074896948|138523.746806751|0|0|0|1|3|100|1|1
64238.071427|0|2|0|6423|8|0|1|255|100|10|0|127926.640242315|125695.677477818|0|0|2|1|3|100|1|1
64246.071427|0|2|0|6424|6|0|1|255|150|10|0|149352.245355287|148974.076862523|0|0|3|1|3|100|1|1
64249.071427|0|1|0|6424|9|0|2|255|150|10|0|265546.719669172|264971.140183006|0|0|3|1|3|100|1|1
64264.071427|0|1|0|6426|4|0|2|255|0|10|0|128450.467898195|126155.216964579|0|0|0|1|3|100|1|1
64338.071427|0|2|0|6433|8|0|1|255|100|10|0|224634.42118249|223209.929100673|0|0|2|1|3|100|1|1
64346.071427|0|2|0|6434|6|0|1|255|150|10|0|245611.034411027|244214.814783425|0|0|3|1|3|100|1|1
64349.071427|0|1|0|6434|9|0|2|255|150|10|0|180956.452343623|178403.961959561|0|0|3|1|3|100|1|1
64364.071427|0|1|0|6436|4|0|2|255|0|10|0|189192.600835243|185226.313989229|0|0|0|1|3|100|1|1
64438.071427|0|2|0|6443|8|0|1|255|100|10|0|191590.38855267|191286.091791791|0|0|2|1|3|100|1|1
64446.071427|0|2|0|6444|6|0|1|255|150|10|0|192811.023610796|189741.108608774|0|0|3|1|3|100|1|1
64449.071427|0|1|0|6444|9|0|2|255|150|10|0|136594.354116049|133197.231381208|0|0|3|1|3|100|1|1
64464.071427|0|1|0|6446|4|0|2|255|0|10|0|208623.864169189|207803.854332381|0|0|0|1|3|100|1|1
64538.071427|0|2|0|6453|8|0|1|255|100|10|0|140150.40717785|137087.498810444|0|0|2|1|3|100|1|1
64546.071427|0|2|0|6454|6|0|1|255|150|10|0|82176.0023057879|78030.1069839203|0|0|3|1|3|100|1|1
64549.071427|0|1|0|6454|9|0|2|255|150|10|0|155086.424260098|153690.85879554|0|0|3|1|3|100|1|1
64564.071427|0|1|0|6456|4|0|2|255|0|10|0|156546.297262467|154412.604454177|0|0|0|1|3|100|1|1
64637.071427|0|2|0|6463|7|0|1|255|150|10|0|181202.627907191|177424.340304632|0|0|3|1|3|100|1|1
64648.071427|0|2|0|6464|8|0|1|255|0|10|0|238722.287225895|238116.51683277|0|0|0|1|3|100|1|1
64649.071427|0|1|0|6464|9|0|2|255|150|10|0|266000.443357937|263412.307470158|0|0|3|1|3|100|1|1
64664.071427|0|1|0|6466|4|0|2|255|0|10|0|144787.546607772|144535.62175951|0|0|0|1|3|100|1|1
64737.071427|0|2|0|6473|7|0|1|255|150|10|0|193531.274589961|192281.12701144|0|0|3|1|3|100|1|1
64748.071427|0|2|0|6474|8|0|1|255|0|10|0|110198.148125177|108542.506686863|0|0|0|1|3|100|1|1
64749.071427|0|1|0|6474|9|0|2|255|150|10|0|103385.032987326|103184.657923081|0|0|3|1|3|100|1|1
64764.071427|0|1|0|6476|4|0|2|255|0|10|0|226350.729432519|225994.882067462|0|0|0|1|3|100|1|1
64837.071427|0|2|0|6483|7|0|1|255|150|10|0|156214.313269221|153240.12195902|0|0|3|1|3|100|1|1
64848.071427|0|2|0|6484|8|0|1|255|0|10|0|198525.684346897|196882.032592084|0|0|0|1|3|100|1|1
64849.071427|0|1|0|6484|9|0|2|255|50|10|0|179478.240941527|178750.970881353|0|0|1|1|3|100|1|1
64867.071427|0|1|0|6486|7|0|2|255|100|10|0|107803.329460601|105285.983103595|0|0|2|1|3|100|1|1
64937.071427|0|2|0|6493|7|0|1|255|150|10|0|164498.968741032|163242.679443032|0|0|3|1|3|100|1|1
64948.071427|0|2|0|6494|8|0|1|255|0|10|0|150560.810533442|149303.974409503|0|0|0|1|3|100|1|1
64949.071427|0|1|0|6494|9|0|2|255|50|10|0|178048.387673876|172804.714061054|0|0|1|1|3|100|1|1
64967.071427|0|1|0|6496|7|0|2|255|100|10|0|171705.65041186|168439.47708983|0|0|2|1|3|100|1|1
65037.071427|0|2|0|6503|7|0|1|255|150|10|0|156285.067227088|152508.22917976|0|0|3|1|3|100|1|1
65048.071427|0|2|0|6504|8|0|1|255|0|10|0|208696.924373614|207376.684398111|0|0|0|1|3|100|1|1
65049.071427|0|1|0|6504|9|0|2|255|50|10|0|187475.720023531|183927.698416889|0|0|1|1|3|100|1|1
65067.071427|0|1|0|6506|7|0|2|255|100|10|0|278676.973949814|277706.45561214|0|0|2|1|3|100|1|1
65137.071427|0|2|0|6513|7|0|1|255|150|10|0|214452.343137853|212095.249361101|0|0|3|1|3|100|1|1
65148.071427|0|2|0|6514|8|0|1|255|0|10|0|117688.703454171|114376.156620215|0|0|0|1|3|100|1|1
65149.071427|0|1|0|6514|9|0|2|255|50|10|0|90645.7892409062|90400.218756767|0|0|1|1|3|100|1|1
65167.071427|0|1|0|6516|7|0|2|255|100|10|0|86799.1259591641|85178.5484208233|0|0|2|1|3|100|1|1
65237.071427|0|2|0|6523|7|0|1|255|150|10|0|176946.042175389|175580.742595412|0|0|3|1|3|100|1|1
65248.071427|0|2|0|6524|8|0|1|255|0|10|0|233538.606693642|227107.378027587|0|0|0|1|3|100|1|1
65249.071427|0|1|0|6524|9|0|2|255|50|10|0|279841.082974554|275996.942507903|0|0|1|1|3|100|1|1
65267.071427|0|1|0|6526|7|0|2|255|100|10|0|200997.309247937|200212.279860628|0|0|2|1|3|100|1|1
65337.071427|0|2|0|6533|7|0|1|255|150|10|0|119543.506165655|117956.767018071|0|0|3|1|3|100|1|1
65348.071427|0|2|0|6534|8|0|1|255|0|10|0|185511.79595213|183697.770000989|0|0|0|1|3|100|1|1
65349.071427|0|1|0|6534|9|0|2|255|50|10|0|164594.515066824|163080.609675907|0|0|1|1|3|100|1|1
65367.071427|0|1|0|6536|7|0|2|255|100|10|0|264275.203794786|262527.963166353|0|0|2|1|3|100|1|1
65437.071427|0|2|0|6543|7|0|1|255|150|10|0|238844.080949387|233911.498407271|0|0|3|1|3|100|1|1
65448.071427|0|2|0|6544|8|0|1|255|0|10|0|100494.191661708|97771.9681885273|0|0|0|1|3|100|1|1
65449.071427|0|1|0|6544|9|0|2|255|50|10|0|126789.713677944|123937.554397602|0|0|1|1|3|100|1|1
65467.071427|0|1|0|6546|7|0|2|255|100|10|0|114915.37543464|110720.907597236|0|0|2|1|3|100|1|1
65537.071427|0|2|0|6553|7|0|1|255|150|10|0|157228.476755504|154977.436531522|0|0|3|1|3|100|1|1
65548.071427|0|2|0|6554|8|0|1|255|0|10|0|206120.567830221|200835.036496059|0|0|0|1|3|100|1|1
65549.071427|0|1|0|6554|9|0|2|255|50|10|0|193707.166671122|191725.564433576|0|0|1|1|3|100|1|1
65567.071427|0|1|0|6556|7|0|2|255|100|10|0|180839.360796649|174531.689715525|0|0|2|1|3|100|1|1
65637.071427|0|2|0|6563|7|0|1|255|150|10|0|128547.633108484|125344.196088507|0|0|3|1|3|100|1|1
65648.071427|0|2|0|6564|8|0|1|255|0|10|0|263576.006069223|262470.626035429|0|0|0|1|3|100|1|1
65649.071427|0|1|0|6564|9|0|2|255|50|10|0|255161.953468586|255068.331295421|0|0|1|1|3|100|1|1
65667.071427|0|1|0|6566|7|0|2|255|100|10|0|197868.730531349|196616.720851906|0|0|2|1|3|100|1|1
65737.071427|0|2|0|6573|7|0|1|255|150|10|0|238928.642610907|236065.767238365|0|0|3|1|3|100|1|1
65748.071427|0|2|0|6574|8|0|1|255|0|10|0|91196.8914384087|90329.5638461384|0|0|0|1|3|100|1|1
65749.071427|0|1|0|6574|9|0|2|255|50|10|0|53052.0391550981|50157.0198389758|0|0|1|1|3|100|1|1
65767.071427|0|1|0|6576|7|0|2|255|100|10|0|165763.083764215|165276.875183703|0|0|2|1|3|100|1|1
65845.071427|0|2|0|6584|5|0|1|255|0|10|0|119762.459812937|119657.811688132|0|0|0|1|3|100|1|1
65849.071427|0|1|0|6584|9|0|2|255|50|10|0|288072.750269821|282953.926831746|0|0|1|1|3|100|1|1
65858.071427|0|2|0|6585|8|0|1|255|0|10|0|231130.251622375|224805.867982282|0|0|0|1|3|100|1|1
65868.071427|0|1|0|6586|8|0|2|255|150|10|0|179545.30011152|178451.855290711|0|0|3|1|3|100|1|1
65945.071427|0|2|0|6594|5|0|1|255|0|10|0|255994.621546103|251119.233346813|0|0|0|1|3|100|1|1
65949.071427|0|1|0|6594|9|0|2|255|50|10|0|244884.455321633|242909.066107225|0|0|1|1|3|100|1|1
65958.071427|0|2|0|6595|8|0|1|255|0|10|0|112686.911045603|112079.196739823|0|0|0|1|3|100|1|1
65968.071427|0|1|0|6596|8|0|2|255|150|10|0|192283.62233842|191796.032136367|0|0|3|1|3|100|1|1
66045.071427|0|2|0|6604|5|0|1|255|0|10|0|168935.327889121|167966.865036341|0|0|0|1|3|100|1|1
66049.071427|0|1|0|6604|9|0|2|255|50|10|0|62627.4259417938|60165.5157758506|0|0|1|1|3|100|1|1
66058.071427|0|2|0|6605|8|0|1|255|0|10|0|202411.311659662|202050.49309621|0|0|0|1|3|100|1|1
66068.071427|0|1|0|6606|8|0|2|255|150|10|0|178365.975884936|173176.086309885|0|0|3|1|3|100|1|1
66145.071427|0|2|0|6614|5|0|1|255|0|10|0|91198.2584046573|90830.5015737609|0|0|0|1|3|100|1|1
66149.071427|0|1|0|6614|9|0|2|255|50|10|0|204794.91653921|200997.185147105|0|0|1|1|3|100|1|1
66158.071427|0|2|0|6615|8|0|1|255|0|10|0|201603.327379032|199261.554539495|0|0|0|1|3|100|1|1
66168.071427|0|1|0|6616|8|0|2|255|150|10|0|154847.383501086|152274.259067794|0|0|3|1|3|100|1|1
66245.071427|0|2|0|6624|5|0|1|255|0|10|0|248318.084353775|243140.159509795|0|0|0|1|3|100|1|1
66249.071427|0|1|0|6624|9|0|2|255|50|10|0|286726.744719825|284570.277180606|0|0|1|1|3|100|1|1
66258.071427|0|2|0|6625|8|0|1|255|0|10|0|102730.55941049|102494.208563249|0|0|0|1|3|100|1|1
66268.071427|0|1|0|6626|8|0|2|255|150|10|0|135898.961492524|135705.922099432|0|0|3|1|3|100|1|1
66345.071427|0|2|0|6634|5|0|1|255|0|10|0|201094.120205025|198744.337457875|0|0|0|1|3|100|1|1
66358.071427|0|2|0|6635|8|0|1|255|0|10|0|214468.90006743|213362.144519505|0|0|0|1|3|100|1|1
66359.071427|0|1|0|6635|9|0|2|255|50|10|0|212067.66066929|205084.667475621|0|0|1|1|3|100|1|1
66377.071427|0|1|0|6637|7|0|2|255|50|10|0|188473.411437166|182379.520502323|0|0|1|1|3|100|1|1
66445.071427|0|2|0|6644|5|0|1|255|0|10|0|110289.500881372|109416.473196657|0|0|0|1|3|100|1|1
66458.071427|0|2|0|6645|8|0|1|255|0|10|0|273123.797037715|268776.254879391|0|0|0|1|3|100|1|1
66459.071427|0|1|0|6645|9|0|2|255|50|10|0|295544.798231354|290991.524859009|0|0|1|1|3|100|1|1
66477.071427|0|1|0|6647|7|0|2|255|50|10|0|213368.295367868|210713.755790898|0|0|1|1|3|100|1|1
66545.071427|0|2|0|6654|5|0|1|255|0|10|0|230097.980963825|228563.889338182|0|0|0|1|3|100|1|1
66558.071427|0|2|0|6655|8|0|1|255|0|10|0|83708.058240504|82024.268932768|0|0|0|1|3|100|1|1
66559.071427|0|1|0|6655|9|0|2|255|50|10|0|71858.3635758587|69817.7558777469|0|0|1|1|3|100|1|1
66577.071427|0|1|0|6657|7|0|2|255|50|10|0|118171.111396878|116604.86534673|0|0|1|1|3|100|1|1
66645.071427|0|2|0|6664|5|0|1|255|0|10|0|210414.786789682|209317.162485431|0|0|0|1|3|100|1|1
66658.071427|0|2|0|6665|8|0|1|255|0|10|0|195522.212760715|187945.352530338|0|0|0|1|3|100|1|1
66659.071427|0|1|0|6665|9|0|2|255|50|10|0|210221.916099313|207262.900500372|0|0|1|1|3|100|1|1
66677.071427|0|1|0|6667|7|0|2|255|50|10|0|181872.464665081|179040.427697197|0|0|1|1|3|100|1|1
66745.071427|0|2|0|6674|5|0|1|255|0|10|0|71797.7925485243|69009.517547814|0|0|0|1|3|100|1|1
66758.071427|0|2|0|6675|8|0|1|255|0|10|0|245250.167882644|240658.867919316|0|0|0|1|3|100|1|1
66759.071427|0|1|0|6675|9|0|2|255|50|10|0|245462.031322706|244135.936194822|0|0|1|1|3|100|1|1
66777.071427|0|1|0|6677|7|0|2|255|50|10|0|196027.876098586|195805.597719864|0|0|1|1|3|100|1|1
66845.071427|0|2|0|6684|5|0|1|255|0|10|0|317803.174868454|317314.458640375|0|0|0|1|3|100|1|1
66858.071427|0|2|0|6685|8|0|1|255|0|10|0|137030.914428172|133931.987986844|0|0|0|1|3|100|1|1
66859.071427|0|1|0|6685|9|0|2|255|50|10|0|99038.9382531738|96507.0892652407|0|0|1|1|3|100|1|1
66877.071427|0|1|0|6687|7|0|2|255|50|10|0|186093.916758339|185194.123430665|0|0|1|1|3|100|1|1
66945.071427|0|2|0|6694|5|0|1|255|0|10|0|189961.308332258|188437.616045344|0|0|0|1|3|100|1|1
66958.071427|0|2|0|6695|8|0|1|255|0|10|0|182867.769410093|182797.583317251|0|0|0|1|3|100|1|1
66959.071427|0|1|0|6695|9|0|2|255|50|10|0|204439.322759302|201375.382426968|0|0|1|1|3|100|1|1
66977.071427|0|1|0|6697|7|0|2|255|50|10|0|123688.364385131|120554.8479887|0|0|1|1|3|100|1|1
67045.071427|0|2|0|6704|5|0|1|255|0|10|0|71607.0464393009|68201.8967780907|0|0|0|1|3|100|1|1
67058.071427|0|2|0|6705|8|0|1|255|0|10|0|258624.072798904|255932.05054001|0|0|0|1|3|100|1|1
67065.071427|0|1|0|6706|5|0|2|255|100|10|0|228601.691658319|223780.460975925|0|0|2|1|3|100|1|1
67077.071427|0|1|0|6707|7|0|2|255|150|10|0|149462.036889908|143377.39529399|0|0|3|1|3|100|1|1
67145.071427|0|2|0|6714|5|0|1|255|0|10|0|265945.928304618|263308.609258422|0|0|0|1|3|100|1|1
67158.071427|0|2|0|6715|8|0|1|255|0|10|0|78916.1337503835|76588.1052334579|0|0|0|1|3|100|1|1
67165.071427|0|1|0|6716|5|0|2|255|100|10|0|79275.9879920747|78033.7979398544|0|0|2|1|3|100|1|1
67177.071427|0|1|0|6717|7|0|2|255|150|10|0|228514.383234461|224420.626653119|0|0|3|1|3|100|1|1
67245.071427|0|2|0|6724|5|0|1|255|0|10|0|217614.219356555|214595.299574577|0|0|0|1|3|100|1|1
67258.071427|0|2|0|6725|8|0|1|255|0|10|0|259181.693204966|253298.091951166|0|0|0|1|3|100|1|1
67265.071427|0|1|0|6726|5|0|2|255|100|10|0|226469.794466553|224581.795720988|0|0|2|1|3|100|1|1
67277.071427|0|1|0|6727|7|0|2|255|150|10|0|152798.221662976|151580.39084805|0|0|3|1|3|100|1|1
67338.071427|0|2|0|6733|8|0|1|255|0|10|0|266939.813176538|266653.636889591|0|0|0|1|3|100|1|1
67349.071427|0|2|0|6734|9|0|1|255|50|10|0|127709.789737679|127058.979772166|0|0|1|1|3|100|1|1
67365.071427|0|1|0|6736|5|0|2|255|100|10|0|221289.716659125|216358.542649789|0|0|2|1|3|100|1|1
67377.071427|0|1|0|6737|7|0|2|255|150|10|0|158962.239273643|157169.346844784|0|0|3|1|3|100|1|1
67438.071427|0|2|0|6743|8|0|1|255|0|10|0|84247.0632602151|82286.4222985255|0|0|0|1|3|100|1|1
67449.071427|0|2|0|6744|9|0|1|255|50|10|0|255644.879501134|254883.503602062|0|0|1|1|3|100|1|1
67465.071427|0|1|0|6746|5|0|2|255|100|10|0|100705.702674999|100541.632226333|0|0|2|1|3|100|1|1
67477.071427|0|1|0|6747|7|0|2|255|150|10|0|200800.014623507|194320.221801239|0|0|3|1|3|100|1|1
67538.071427|0|2|0|6753|8|0|1|255|0|10|0|185239.519457809|185072.04017389|0|0|0|1|3|100|1|1
67549.071427|0|2|0|6754|9|0|1|255|50|10|0|150821.820680132|149728.462813255|0|0|1|1|3|100|1|1
67565.071427|0|1|0|6756|5|0|2|255|100|10|0|197806.02234753|197560.17902267|0|0|2|1|3|100|1|1
67577.071427|0|1|0|6757|7|0|2|255|150|10|0|164015.555933786|159573.92268672|0|0|3|1|3|100|1|1
67638.071427|0|2|0|6763|8|0|1|255|0|10|0|219428.609531256|214188.042700568|0|0|0|1|3|100|1|1
67649.071427|0|2|0|6764|9|0|1|255|50|10|0|139159.15708194|133976.753392221|0|0|1|1|3|100|1|1
67665.071427|0|1|0|6766|5|0|2|255|100|10|0|267209.77158616|260084.661699159|0|0|2|1|3|100|1|1
67677.071427|0|1|0|6767|7|0|2|255|150|10|0|174877.376642605|171306.351095221|0|0|3|1|3|100|1|1
67738.071427|0|2|0|6773|8|0|1|255|0|10|0|169733.767553588|165852.227771286|0|0|0|1|3|100|1|1
67749.071427|0|2|0|6774|9|0|1|255|50|10|0|188198.387300916|184032.794610052|0|0|1|1|3|100|1|1
67758.071427|0|1|0|6775|8|0|2|255|0|10|0|113638.749978551|110727.537499459|0|0|0|1|3|100|1|1
67767.071427|0|1|0|6776|7|0|2|255|100|10|0|132848.794715413|127509.580926199|0|0|2|1|3|100|1|1
67839.071427|0|2|0|6783|9|0|1|255|0|10|0|166122.7983092|163077.996677688|0|0|0|1|3|100|1|1
67848.071427|0|2|0|6784|8|0|1|255|50|10|0|223790.338247817|223376.227887552|0|0|1|1|3|100|1|1
67858.071427|0|1|0|6785|8|0|2|255|0|10|0|195720.072845321|195163.656463802|0|0|0|1|3|100|1|1
67867.071427|0|1|0|6786|7|0|2|255|100|10|0|252586.152558477|251213.059478248|0|0|2|1|3|100|1|1
67939.071427|0|2|0|6793|9|0|1|255|0|10|0|267754.291357963|263203.147189597|0|0|0|1|3|100|1|1
67948.071427|0|2|0|6794|8|0|1|255|50|10|0|113860.345797721|109949.662774882|0|0|1|1|3|100|1|1
67958.071427|0|1|0|6795|8|0|2|255|0|10|0|188241.699015389|184711.964198294|0|0|0|1|3|100|1|1
67967.071427|0|1|0|6796|7|0|2|255|100|10|0|187118.822840947|183939.997276548|0|0|2|1|3|100|1|1
68039.071427|0|2|0|6803|9|0|1|255|0|10|0|80543.6056142319|79946.0788407368|0|0|0|1|3|100|1|1
68048.071427|0|2|0|6804|8|0|1|255|50|10|0|151870.073138776|147048.498973386|0|0|1|1|3|100|1|1
68058.071427|0|1|0|6805|8|0|2|255|0|10|0|185154.520113039|179360.198163376|0|0|0|1|3|100|1|1
68067.071427|0|1|0|6806|7|0|2|255|100|10|0|150060.283222478|146904.630508671|0|0|2|1|3|100|1|1
68139.071427|0|2|0|6813|9|0|1|255|0|10|0|223299.429462576|221747.165783129|0|0|0|1|3|100|1|1
68148.071427|0|2|0|6814|8|0|1|255|50|10|0|307079.75271307|304773.705392518|0|0|1|1|3|100|1|1
68158.071427|0|1|0|6815|8|0|2|255|0|10|0|140752.517349318|139852.277580199|0|0|0|1|3|100|1|1
68167.071427|0|1|0|6816|7|0|2|255|100|10|0|207887.905149934|203763.153238062|0|0|2|1|3|100|1|1
68239.071427|0|2|0|6823|9|0|1|255|0|10|0|270962.027703608|267986.242421622|0|0|0|1|3|100|1|1
68248.071427|0|2|0|6824|8|0|1|255|50|10|0|110271.627728021|106250.041019684|0|0|1|1|3|100|1|1
68258.071427|0|1|0|6825|8|0|2|255|0|10|0|156922.136499165|156673.734995261|0|0|0|1|3|100|1|1
68267.071427|0|1|0|6826|7|0|2|255|100|10|0|163504.985704586|162147.55989218|0|0|2|1|3|100|1|1
68339.071427|0|2|0|6833|9|0|1|255|0|10|0|90342.4490923566|86317.2252940381|0|0|0|1|3|100|1|1
68348.071427|0|2|0|6834|8|0|1|255|50|10|0|134222.071390204|132120.382960382|0|0|1|1|3|100|1|1
68358.071427|0|1|0|6835|8|0|2|255|0|10|0|233885.797054643|231285.791077726|0|0|0|1|3|100|1|1
68367.071427|0|1|0|6836|7|0|2|255|100|10|0|133457.611121665|132554.598642248|0|0|2|1|3|100|1|1
68439.071427|0|2|0|6843|9|0|1|255|0|10|0|182619.534606136|181089.36627673|0|0|0|1|3|100|1|1
68448.071427|0|2|0|6844|8|0|1|255|50|10|0|262557.758220659|259696.628004971|0|0|1|1|3|100|1|1
68458.071427|0|1|0|6845|8|0|2|255|0|10|0|128845.500764109|127441.586620528|0|0|0|1|3|100|1|1
68467.071427|0|1|0|6846|7|0|2|255|100|10|0|248057.047792033|243837.440791039|0|0|2|1|3|100|1|1
68539.071427|0|2|0|6853|9|0|1|255|0|10|0|262067.330269976|258703.455627258|0|0|0|1|3|100|1|1
68548.071427|0|2|0|6854|8|0|1|255|50|10|0|167749.654285416|166574.234646732|0|0|1|1|3|100|1|1
68558.071427|0|1|0|6855|8|0|2|255|0|10|0|148658.249186305|146441.493082455|0|0|0|1|3|100|1|1
68567.071427|0|1|0|6856|7|0|2|255|100|10|0|150522.788880223|143659.830138069|0|0|2|1|3|100|1|1
68639.071427|0|2|0|6863|9|0|1|255|0|10|0|89397.0390147639|88320.9987553426|0|0|0|1|3|100|1|1
68648.071427|0|2|0|6864|8|0|1|255|50|10|0|111403.89573541|110296.771132674|0|0|1|1|3|100|1|1
68666.071427|0|1|0|6866|6|0|2|255|0|10|0|150032.823518095|148834.613343062|0|0|0|1|3|100|1|1
68669.071427|0|1|0|6866|9|0|2|255|0|10|0|157776.879500673|151698.412947934|0|0|0|1|3|100|1|1
68739.071427|0|2|0|6873|9|0|1|255|0|10|0|205226.1083057|201714.434811412|0|0|0|1|3|100|1|1
68748.071427|0|2|0|6874|8|0|1|255|50|10|0|301596.932004904|297329.5600964|0|0|1|1|3|100|1|1
68766.071427|0|1|0|6876|6|0|2|255|0|10|0|223054.298573542|221202.627217705|0|0|0|1|3|100|1|1
68769.071427|0|1|0|6876|9|0|2|255|0|10|0|212822.535331749|210183.737447759|0|0|0|1|3|100|1|1
68839.071427|0|2|0|6883|9|0|1|255|0|10|0|247167.302053184|242522.718727793|0|0|0|1|3|100|1|1
68848.071427|0|2|0|6884|8|0|1|255|50|10|0|119798.017473786|119446.345199355|0|0|1|1|3|100|1|1
68866.071427|0|1|0|6886|6|0|2|255|0|10|0|169667.154609961|168820.654299437|0|0|0|1|3|100|1|1
68869.071427|0|1|0|6886|9|0|2|255|0|10|0|183181.574585161|182985.781565555|0|0|0|1|3|100|1|1
68944.071427|0|2|0|6894|4|0|1|255|0|10|0|104618.973199081|103102.842889096|0|0|0|1|3|100|1|1
68958.071427|0|2|0|6895|8|0|1|255|50|10|0|284862.52461444|283151.064753589|0|0|1|1|3|100|1|1
68966.071427|0|1|0|6896|6|0|2|255|0|10|0|130479.309054355|128883.897774843|0|0|0|1|3|100|1|1
68969.071427|0|1|0|6896|9|0|2|255|0|10|0|99116.2213546432|98882.401448979|0|0|0|1|3|100|1|1
69044.071427|0|2|0|6904|4|0|1|255|0|10|0|184315.719703722|181657.290750763|0|0|0|1|3|100|1|1
69058.071427|0|2|0|6905|8|0|1|255|50|10|0|148863.686223514|146954.842406286|0|0|1|1|3|100|1|1
69066.071427|0|1|0|6906|6|0|2|255|0|10|0|168762.654180037|163814.600085944|0|0|0|1|3|100|1|1
69069.071427|0|1|0|6906|9|0|2|255|0|10|0|235219.483719066|230834.411225209|0|0|0|1|3|100|1|1
69144.071427|0|2|0|6914|4|0|1|255|0|10|0|314302.184345839|309310.3791228|0|0|0|1|3|100|1|1
69158.071427|0|2|0|6915|8|0|1|255|50|10|0|125552.686141375|124177.935779068|0|0|1|1|3|100|1|1
69166.071427|0|1|0|6916|6|0|2|255|0|10|0|194053.292982167|192494.818780613|0|0|0|1|3|100|1|1
69169.071427|0|1|0|6916|9|0|2|255|0|10|0|240714.522221351|235827.241391798|0|0|0|1|3|100|1|1
69244.071427|0|2|0|6924|4|0|1|255|0|10|0|80905.7802484664|75089.7728613057|0|0|0|1|3|100|1|1
69258.071427|0|2|0|6925|8|0|1|255|50|10|0|301891.854850154|301814.438222562|0|0|1|1|3|100|1|1
69266.071427|0|1|0|6926|6|0|2|255|0|10|0|215445.001936192|214434.405583217|0|0|0|1|3|100|1|1
69269.071427|0|1|0|6926|9|0|2|255|0|10|0|100677.643487579|100348.044185353|0|0|0|1|3|100|1|1
69344.071427|0|2|0|6934|4|0|1|255|0|10|0|181771.851331477|179004.48787243|0|0|0|1|3|100|1|1
69358.071427|0|2|0|6935|8|0|1|255|50|10|0|148354.308493854|142787.713934707|0|0|1|1|3|100|1|1
69366.071427|0|1|0|6936|6|0|2|255|0|10|0|104307.534385439|102082.968161007|0|0|0|1|3|100|1|1
69369.071427|0|1|0|6936|9|0|2|255|0|10|0|173541.203241878|172961.9008989|0|0|0|1|3|100|1|1
69444.071427|0|2|0|6944|4|0|1|255|0|10|0|263718.97443341|263458.186052664|0|0|0|1|3|100|1|1
69458.071427|0|2|0|6945|8|0|1|255|50|10|0|122005.781709131|117376.445768326|0|0|1|1|3|100|1|1
69466.071427|0|1|0|6946|6|0|2|255|0|10|0|218263.026162059|215337.737346205|0|0|0|1|3|100|1|1
69469.071427|0|1|0|6946|9|0|2|255|0|10|0|268338.992944733|264153.748969158|0|0|0|1|3|100|1|1
69544.071427|0|2|0|6954|4|0|1|255|0|10|0|129925.492323398|127608.535537018|0|0|0|1|3|100|1|1
69558.071427|0|2|0|6955|8|0|1|255|50|10|0|245617.424693657|243956.837166448|0|0|1|1|3|100|1|1
69566.071427|0|1|0|6956|6|0|2|255|0|10|0|161063.357525827|157727.344263722|0|0|0|1|3|100|1|1
69569.071427|0|1|0|6956|9|0|2|255|0|10|0|81099.5345556472|78787.0282205838|0|0|0|1|3|100|1|1
69644.071427|0|2|0|6964|4|0|1|255|0|10|0|113082.481484699|113052.897621106|0|0|0|1|3|100|1|1
69658.071427|0|2|0|6965|8|0|1|255|50|10|0|187434.129934149|184163.155016281|0|0|1|1|3|100|1|1
69666.071427|0|1|0|6966|6|0|2|255|0|10|0|171583.505817771|168119.063752938|0|0|0|1|3|100|1|1
69669.071427|0|1|0|6966|9|0|2|255|0|10|0|275266.11247332|271900.891827243|0|0|0|1|3|100|1|1
69744.071427|0|2|0|6974|4|0|1|255|0|10|0|374107.125168137|370400.428065888|0|0|0|1|3|100|1|1
69758.071427|0|2|0|6975|8|0|1|255|50|10|0|111449.054853209|109825.981803763|0|0|1|1|3|100|1|1
69766.071427|0|1|0|6976|6|0|2|255|0|10|0|192514.676684233|189481.030192494|0|0|0|1|3|100|1|1
69769.071427|0|1|0|6976|9|0|2|255|0|10|0|194389.667354551|189005.688528757|0|0|0|1|3|100|1|1
69838.071427|0|2|0|6983|8|0|1|255|0|10|0|178562.434793021|173397.605721142|0|0|0|1|3|100|1|1
69849.071427|0|1|0|6984|9|0|2|255|150|10|0|152637.861363114|150010.514338858|0|0|3|1|3|100|1|1
69858.071427|0|2|0|6985|8|0|1|255|50|10|0|301154.821690079|297026.836078531|0|0|1|1|3|100|1|1
69877.071427|0|1|0|6987|7|0|2|255|150|10|0|159934.709557473|159416.404268094|0|0|3|1|3|100|1|1
69938.071427|0|2|0|6993|8|0|1|255|0|10|0|213641.288976488|206761.746134095|0|0|0|1|3|100|1|1
69949.071427|0|1|0|6994|9|0|2|255|150|10|0|231568.295678852|229747.446487835|0|0|3|1|3|100|1|1
69958.071427|0|2|0|6995|8|0|1|255|50|10|0|120922.769849327|119037.322585184|0|0|1|1|3|100|1|1
69977.071427|0|1|0|6997|7|0|2|255|150|10|0|185871.53621563|184825.827690401|0|0|3|1|3|100|1|1
70038.071427|0|2|0|7003|8|0|1|255|0|10|0|136873.458562657|135492.823038291|0|0|0|1|3|100|1|1
70049.071427|0|1|0|7004|9|0|2|255|150|10|0|169015.886691721|167559.102344887|0|0|3|1|3|100|1|1
70058.071427|0|2|0|7005|8|0|1|255|50|10|0|135399.278469485|134480.78084969|0|0|1|1|3|100|1|1
70077.071427|0|1|0|7007|7|0|2|255|150|10|0|226216.750109547|223496.26713469|0|0|3|1|3|100|1|1
70138.071427|0|2|0|7013|8|0|1|255|0|10|0|203789.518974479|203504.021810758|0|0|0|1|3|100|1|1
70149.071427|0|1|0|7014|9|0|2|255|150|10|0|136345.377139337|130895.758419996|0|0|3|1|3|100|1|1
70158.071427|0|2|0|7015|8|0|1|255|50|10|0|224894.504524554|220134.724691949|0|0|1|1|3|100|1|1
70177.071427|0|1|0|7017|7|0|2|255|150|10|0|72200.5518121514|68685.5701038341|0|0|3|1|3|100|1|1
70238.071427|0|2|0|7023|8|0|1|255|0|10|0|156710.857958572|156461.998893135|0|0|0|1|3|100|1|1
70249.071427|0|1|0|7024|9|0|2|255|150|10|0|166791.170930377|164072.617447843|0|0|3|1|3|100|1|1
70258.071427|0|2|0|7025|8|0|1|255|50|10|0|202473.41379861|199880.900836957|0|0|1|1|3|100|1|1
70277.071427|0|1|0|7027|7|0|2|255|150|10|0|258643.991987734|258301.334800865|0|0|3|1|3|100|1|1
70338.071427|0|2|0|7033|8|0|1|255|0|10|0|138070.594840863|136895.524697293|0|0|0|1|3|100|1|1
70349.071427|0|1|0|7034|9|0|2|255|150|10|0|195469.572643692|192559.049908886|0|0|3|1|3|100|1|1
70358.071427|0|2|0|7035|8|0|1|255|50|10|0|119458.891451643|116822.282889483|0|0|1|1|3|100|1|1
70377.071427|0|1|0|7037|7|0|2|255|150|10|0|231976.838787687|231595.631492884|0|0|3|1|3|100|1|1
70438.071427|0|2|0|7043|8|0|1|255|0|10|0|271948.683527902|270512.108872525|0|0|0|1|3|100|1|1
70449.071427|0|1|0|7044|9|0|2|255|150|10|0|203048.950376833|202029.043519398|0|0|3|1|3|100|1|1
70458.071427|0|2|0|7045|8|0|1|255|50|10|0|201438.508740361|193377.388673535|0|0|1|1|3|100|1|1
70477.071427|0|1|0|7047|7|0|2|255|150|10|0|97772.4265542715|95660.1276474921|0|0|3|1|3|100|1|1
70538.071427|0|2|0|7053|8|0|1|255|0|10|0|177880.185603393|173369.008020989|0|0|0|1|3|100|1|1
70549.071427|0|1|0|7054|9|0|2|255|150|10|0|113315.015285548|113171.621802635|0|0|3|1|3|100|1|1
70558.071427|0|2|0|7055|8|0|1|255|50|10|0|210010.597662283|205404.312231656|0|0|1|1|3|100|1|1
70577.071427|0|1|0|7057|7|0|2|255|150|10|0|206638.276372066|203457.92862649|0|0|3|1|3|100|1|1
70638.071427|0|2|0|7063|8|0|1|255|0|10|0|91530.8315323649|88987.7289765053|0|0|0|1|3|100|1|1
70649.071427|0|1|0|7064|9|0|2|255|150|10|0|233827.79096374|230749.225008272|0|0|3|1|3|100|1|1
70658.071427|0|2|0|7065|8|0|1|255|50|10|0|117628.611867551|116675.107291306|0|0|1|1|3|100|1|1
70677.071427|0|1|0|7067|7|0|2|255|150|10|0|232966.089682745|228051.01650118|0|0|3|1|3|100|1|1
70738.071427|0|2|0|7073|8|0|1|255|0|10|0|292254.38578212|283318.74115307|0|0|0|1|3|100|1|1
70749.071427|0|1|0|7074|9|0|2|255|150|10|0|174675.496701239|174252.457011714|0|0|3|1|3|100|1|1
70758.071427|0|2|0|7075|8|0|1|255|50|10|0|161708.220564728|160428.753920179|0|0|1|1|3|100|1|1
70765.071427|0|1|0|7076|5|0|2|255|150|10|0|279075.20424363|277344.155272504|0|0|3|1|3|100|1|1
70838.071427|0|2|0|7083|8|0|1|255|0|10|0|159259.80544267|156081.706030519|0|0|0|1|3|100|1|1
70849.071427|0|1|0|7084|9|0|2|255|150|10|0|103639.880312525|103606.505257354|0|0|3|1|3|100|1|1
70858.071427|0|2|0|7085|8|0|1|255|50|10|0|234330.683820167|231092.746748958|0|0|1|1|3|100|1|1
70865.071427|0|1|0|7086|5|0|2|255|150|10|0|143228.245225252|140758.568878278|0|0|3|1|3|100|1|1
70938.071427|0|2|0|7093|8|0|1|255|0|10|0|124934.796988307|122906.528125561|0|0|0|1|3|100|1|1
70949.071427|0|1|0|7094|9|0|2|255|150|10|0|254019.653008529|245798.675510844|0|0|3|1|3|100|1|1
70958.071427|0|2|0|7095|8|0|1|255|50|10|0|187616.092205708|186739.322234592|0|0|1|1|3|100|1|1
70965.071427|0|1|0|7096|5|0|2|255|150|10|0|112968.055616288|110448.09197733|0|0|3|1|3|100|1|1
71038.071427|0|2|0|7103|8|0|1|255|0|10|0|256375.270958507|253910.523045925|0|0|0|1|3|100|1|1
71049.071427|0|1|0|7104|9|0|2|255|150|10|0|239882.29582259|232457.663447735|0|0|3|1|3|100|1|1
71058.071427|0|2|0|7105|8|0|1|255|50|10|0|80111.6227723013|79810.4769454531|0|0|1|1|3|100|1|1
71065.071427|0|1|0|7106|5|0|2|255|150|10|0|336540.392117761|336171.655196649|0|0|3|1|3|100|1|1
71138.071427|0|2|0|7113|8|0|1|255|150|10|0|320623.318254156|314197.579461888|0|0|3|1|3|100|1|1
71146.071427|0|2|0|7114|6|0|1|255|50|10|0|124550.388692111|121871.023015629|0|0|1|1|3|100|1|1
71149.071427|0|1|0|7114|9|0|2|255|150|10|0|116200.232005607|114304.325281758|0|0|3|1|3|100|1|1
71165.071427|0|1|0|7116|5|0|2|255|150|10|0|80054.8000103632|78860.7983195878|0|0|3|1|3|100|1|1
71238.071427|0|2|0|7123|8|0|1|255|150|10|0|62607.9578496254|61483.7980609197|0|0|3|1|3|100|1|1
71246.071427|0|2|0|7124|6|0|1|255|50|10|0|205432.025800884|202094.311376488|0|0|1|1|3|100|1|1
71249.071427|0|1|0|7124|9|0|2|255|150|10|0|194034.406489559|193198.003072407|0|0|3|1|3|100|1|1
71265.071427|0|1|0|7126|5|0|2|255|150|10|0|155485.850854274|153259.371660208|0|0|3|1|3|100|1|1
71338.071427|0|2|0|7133|8|0|1|255|150|10|0|224098.573252764|223020.694905291|0|0|3|1|3|100|1|1
71346.071427|0|2|0|7134|6|0|1|255|50|10|0|249316.480912518|248387.92003833|0|0|1|1|3|100|1|1
71349.071427|0|1|0|7134|9|0|2|255|150|10|0|229968.926401959|229577.447454558|0|0|3|1|3|100|1|1
71365.071427|0|1|0|7136|5|0|2|255|150|10|0|242428.995314356|242029.259121667|0|0|3|1|3|100|1|1
71438.071427|0|2|0|7143|8|0|1|255|150|10|0|234262.302093291|231023.58921347|0|0|3|1|3|100|1|1
71446.071427|0|2|0|7144|6|0|1|255|50|10|0|114599.968438695|109713.451813945|0|0|1|1|3|100|1|1
71449.071427|0|1|0|7144|9|0|2|255|150|10|0|84970.1971638851|83691.312142134|0|0|3|1|3|100|1|1
71465.071427|0|1|0|7146|5|0|2|255|150|10|0|204584.802955739|203635.246385377|0|0|3|1|3|100|1|1
71538.071427|0|2|0|7153|8|0|1|255|150|10|0|121741.808784316|118535.750983199|0|0|3|1|3|100|1|1
71546.071427|0|2|0|7154|6|0|1|255|50|10|0|194292.298459939|190078.18726388|0|0|1|1|3|100|1|1
71549.071427|0|1|0|7154|9|0|2|255|150|10|0|291677.143263481|288971.635923161|0|0|3|1|3|100|1|1
71565.071427|0|1|0|7156|5|0|2|255|150|10|0|82368.9369362524|81135.4174517595|0|0|3|1|3|100|1|1
71638.071427|0|2|0|7163|8|0|1|255|150|10|0|158155.554894444|156772.669389455|0|0|3|1|3|100|1|1
71646.071427|0|2|0|7164|6|0|1|255|50|10|0|240461.552149196|239850.817740921|0|0|1|1|3|100|1|1
71649.071427|0|1|0|7164|9|0|2|255|150|10|0|184315.025816465|178307.542465746|0|0|3|1|3|100|1|1
71665.071427|0|1|0|7166|5|0|2|255|150|10|0|243464.631299569|236917.432456134|0|0|3|1|3|100|1|1
71737.071427|0|2|0|7173|7|0|1|255|50|10|0|300029.492162438|297980.94165571|0|0|1|1|3|100|1|1
71758.071427|0|2|0|7175|8|0|1|255|50|10|0|252665.452659852|250628.117685948|0|0|1|1|3|100|1|1
71759.071427|0|1|0|7175|9|0|2|255|100|10|0|289245.085922997|287605.240593539|0|0|2|1|3|100|1|1
71777.071427|0|1|0|7177|7|0|2|255|100|10|0|170186.12403371|166913.393624156|0|0|2|1|3|100|1|1
71837.071427|0|2|0|7183|7|0|1|255|50|10|0|106638.805066146|104495.444182956|0|0|1|1|3|100|1|1
71858.071427|0|2|0|7185|8|0|1|255|50|10|0|247841.150729876|246873.87243942|0|0|1|1|3|100|1|1
71859.071427|0|1|0|7185|9|0|2|255|100|10|0|174171.512556077|171843.711130279|0|0|2|1|3|100|1|1
71877.071427|0|1|0|7187|7|0|2|255|100|10|0|222973.587159731|217383.498546855|0|0|2|1|3|100|1|1
71937.071427|0|2|0|7193|7|0|1|255|50|10|0|194717.514681188|193824.969886113|0|0|1|1|3|100|1|1
71958.071427|0|2|0|7195|8|0|1|255|50|10|0|78002.3101550146|77391.246753811|0|0|1|1|3|100|1|1
71959.071427|0|1|0|7195|9|0|2|255|100|10|0|102500.483918603|102171.442251987|0|0|2|1|3|100|1|1
71977.071427|0|1|0|7197|7|0|2|255|100|10|0|142511.680606903|141578.401248169|0|0|2|1|3|100|1|1
72037.071427|0|2|0|7203|7|0|1|255|50|10|0|141083.966516416|139597.317632137|0|0|1|1|3|100|1|1
72058.071427|0|2|0|7205|8|0|1|255|50|10|0|266178.061374501|262270.385744598|0|0|1|1|3|100|1|1
72059.071427|0|1|0|7205|9|0|2|255|100|10|0|292004.47818929|289528.867212844|0|0|2|1|3|100|1|1
72077.071427|0|1|0|7207|7|0|2|255|100|10|0|142862.970879018|142010.407064782|0|0|2|1|3|100|1|1
72137.071427|0|2|0|7213|7|0|1|255|50|10|0|210356.452845238|208079.100587112|0|0|1|1|3|100|1|1
72158.071427|0|2|0|7215|8|0|1|255|50|10|0|179427.488964197|178107.364188327|0|0|1|1|3|100|1|1
72159.071427|0|1|0|7215|9|0|2|255|100|10|0|161479.68268915|155656.660392421|0|0|2|1|3|100|1|1
72177.071427|0|1|0|7217|7|0|2|255|100|10|0|175787.790555889|171584.492911661|0|0|2|1|3|100|1|1
72237.071427|0|2|0|7223|7|0|1|255|50|10|0|176026.46374621|171051.971617876|0|0|1|1|3|100|1|1
72258.071427|0|2|0|7225|8|0|1|255|50|10|0|75748.6776348274|75070.4456691606|0|0|1|1|3|100|1|1
72259.071427|0|1|0|7225|9|0|2|255|100|10|0|101263.114809609|100492.256196042|0|0|2|1|3|100|1|1
72277.071427|0|1|0|7227|7|0|2|255|100|10|0|228715.144621879|227010.732939029|0|0|2|1|3|100|1|1
72337.071427|0|2|0|7233|7|0|1|255|50|10|0|181231.574847071|176165.67171857|0|0|1|1|3|100|1|1
72358.071427|0|2|0|7235|8|0|1|255|50|10|0|294534.005506758|289536.151182499|0|0|1|1|3|100|1|1
72359.071427|0|1|0|7235|9|0|2|255|100|10|0|254816.041666707|253086.096347862|0|0|2|1|3|100|1|1
72377.071427|0|1|0|7237|7|0|2|255|100|10|0|125760.04013587|125160.3308253|0|0|2|1|3|100|1|1
72437.071427|0|2|0|7243|7|0|1|255|50|10|0|159386.527778151|159293.234937137|0|0|1|1|3|100|1|1
72458.071427|0|2|0|7245|8|0|1|255|50|10|0|222079.83890774|217190.828962281|0|0|1|1|3|100|1|1
72459.071427|0|1|0|7245|9|0|2|255|100|10|0|193367.837127743|190496.035896752|0|0|2|1|3|100|1|1
72477.071427|0|1|0|7247|7|0|2|255|100|10|0|179217.232358936|178446.727958506|0|0|2|1|3|100|1|1
72537.071427|0|2|0|7253|7|0|1|255|50|10|0|162938.556460547|160749.837256064|0|0|1|1|3|100|1|1
72558.071427|0|2|0|7255|8|0|1|255|50|10|0|93589.3879121981|91313.640962736|0|0|1|1|3|100|1|1
72559.071427|0|1|0|7255|9|0|2|255|100|10|0|88511.9731760281|87801.042368551|0|0|2|1|3|100|1|1
72577.071427|0|1|0|7257|7|0|2|255|100|10|0|226552.281193185|222345.799271339|0|0|2|1|3|100|1|1
72638.071427|0|2|0|7263|8|0|1|255|50|10|0|183798.120710955|177570.979660559|0|0|1|1|3|100|1|1
72647.071427|0|2|0|7264|7|0|1|255|0|10|0|138384.039963305|135651.465333837|0|0|0|1|3|100|1|1
72659.071427|0|1|0|7265|9|0|2|255|100|10|0|263867.526372221|257530.130382718|0|0|2|1|3|100|1|1
72677.071427|0|1|0|7267|7|0|2|255|100|10|0|112683.646989039|108812.412994473|0|0|2|1|3|100|1|1
72738.071427|0|2|0|7273|8|0|1|255|50|10|0|243276.044365764|238478.787927251|0|0|1|1|3|100|1|1
72747.071427|0|2|0|7274|7|0|1|255|0|10|0|184729.570890618|181863.578991553|0|0|0|1|3|100|1|1
72759.071427|0|1|0|7275|9|0|2|255|100|10|0|185258.677372151|182335.12506506|0|0|2|1|3|100|1|1
72777.071427|0|1|0|7277|7|0|2|255|100|10|0|172256.755138465|171286.808202914|0|0|2|1|3|100|1|1
72838.071427|0|2|0|7283|8|0|1|255|50|10|0|132564.307287576|131475.215858883|0|0|1|1|3|100|1|1
72847.071427|0|2|0|7284|7|0|1|255|0|10|0|195583.267210069|194355.084337161|0|0|0|1|3|100|1|1
72859.071427|0|1|0|7285|9|0|2|255|100|10|0|104950.344525116|103548.537794252|0|0|2|1|3|100|1|1
72877.071427|0|1|0|7287|7|0|2|255|100|10|0|299011.349116863|298620.040267987|0|0|2|1|3|100|1|1
72938.071427|0|2|0|7293|8|0|1|255|50|10|0|158711.447945221|156423.938228576|0|0|1|1|3|100|1|1
72947.071427|0|2|0|7294|7|0|1|255|0|10|0|147660.871583934|147378.758522801|0|0|0|1|3|100|1|1
72959.071427|0|1|0|7295|9|0|2|255|100|10|0|184497.298394447|180626.919563926|0|0|2|1|3|100|1|1
72977.071427|0|1|0|7297|7|0|2|255|100|10|0|88725.0715337426|85219.7094955179|0|0|2|1|3|100|1|1
73038.071427|0|2|0|7303|8|0|1|255|50|10|0|238398.723051747|236392.800973783|0|0|1|1|3|100|1|1
73047.071427|0|2|0|7304|7|0|1|255|0|10|0|134109.573492106|132156.349920863|0|0|0|1|3|100|1|1
73049.071427|0|1|0|7304|9|0|2|255|50|10|0|99920.3352564326|98278.0829051142|0|0|1|1|3|100|1|1
73068.071427|0|1|0|7306|8|0|2|255|0|10|0|91975.7070535318|91201.5999367062|0|0|0|1|3|100|1|1
73138.071427|0|2|0|7313|8|0|1|255|50|10|0|109209.423234479|107807.639830592|0|0|1|1|3|100|1|1
73147.071427|0|2|0|7314|7|0|1|255|0|10|0|225788.028638382|219605.959963257|0|0|0|1|3|100|1|1
73149.071427|0|1|0|7314|9|0|2|255|50|10|0|233015.411331879|230747.584905683|0|0|1|1|3|100|1|1
73168.071427|0|1|0|7316|8|0|2|255|0|10|0|220711.184475734|220109.876271159|0|0|0|1|3|100|1|1
73238.071427|0|2|0|7323|8|0|1|255|50|10|0|204120.464637556|203342.415417938|0|0|1|1|3|100|1|1
73247.071427|0|2|0|7324|7|0|1|255|0|10|0|186798.701967385|184469.37404829|0|0|0|1|3|100|1|1
73249.071427|0|1|0|7324|9|0|2|255|50|10|0|192873.468753056|190576.555511794|0|0|1|1|3|100|1|1
73268.071427|0|1|0|7326|8|0|2|255|0|10|0|181778.441343199|179781.563029223|0|0|0|1|3|100|1|1
73338.071427|0|2|0|7333|8|0|1|255|50|10|0|280925.321240428|280644.630273676|0|0|1|1|3|100|1|1
73347.071427|0|2|0|7334|7|0|1|255|0|10|0|140938.537435918|139399.741029631|0|0|0|1|3|100|1|1
73349.071427|0|1|0|7334|9|0|2|255|50|10|0|118471.419970712|116331.680497348|0|0|1|1|3|100|1|1
73368.071427|0|1|0|7336|8|0|2|255|0|10|0|159524.107374751|158522.446245647|0|0|0|1|3|100|1|1
73438.071427|0|2|0|7343|8|0|1|255|50|10|0|85858.1834503453|81564.0417404009|0|0|1|1|3|100|1|1
73447.071427|0|2|0|7344|7|0|1|255|0|10|0|163873.867300128|162464.842792464|0|0|0|1|3|100|1|1
73449.071427|0|1|0|7344|9|0|2|255|50|10|0|244786.461555046|243924.316136783|0|0|1|1|3|100|1|1
73468.071427|0|1|0|7346|8|0|2|255|0|10|0|180304.238359338|177937.488693939|0|0|0|1|3|100|1|1
73538.071427|0|2|0|7353|8|0|1|255|50|10|0|184185.314754406|179037.431973527|0|0|1|1|3|100|1|1
73547.071427|0|2|0|7354|7|0|1|255|0|10|0|257068.979212434|251862.897833421|0|0|0|1|3|100|1|1
73564.071427|0|1|0|7356|4|0|2|255|100|10|0|272172.814331139|270516.332415995|0|0|2|1|3|100|1|1
73569.071427|0|1|0|7356|9|0|2|255|50|10|0|232013.472343525|229077.756145674|0|0|1|1|3|100|1|1
73638.071427|0|2|0|7363|8|0|1|255|50|10|0|252598.838381228|250210.923522347|0|0|1|1|3|100|1|1
73647.071427|0|2|0|7364|7|0|1|255|0|10|0|74133.6170085743|71808.6423850977|0|0|0|1|3|100|1|1
73664.071427|0|1|0|7366|4|0|2|255|100|10|0|218176.416149947|214580.424434015|0|0|2|1|3|100|1|1
73669.071427|0|1|0|7366|9|0|2|255|50|10|0|166271.383246459|166191.660764782|0|0|1|1|3|100|1|1
73738.071427|0|2|0|7373|8|0|1|255|50|10|0|136405.055588149|133736.873899216|0|0|1|1|3|100|1|1
73747.071427|0|2|0|7374|7|0|1|255|0|10|0|253808.414244344|252298.175181122|0|0|0|1|3|100|1|1
73764.071427|0|1|0|7376|4|0|2|255|100|10|0|100402.749853994|96870.0099180966|0|0|2|1|3|100|1|1
73769.071427|0|1|0|7376|9|0|2|255|50|10|0|121532.716527665|119998.228928847|0|0|1|1|3|100|1|1
73837.071427|0|2|0|7383|7|0|1|255|50|10|0|116669.443579093|112592.665657728|0|0|1|1|3|100|1|1
73857.071427|0|2|0|7385|7|0|1|255|150|10|0|145144.436909613|142919.131470216|0|0|3|1|3|100|1|1
73864.071427|0|1|0|7386|4|0|2|255|100|10|0|193784.807923951|191640.465894326|0|0|2|1|3|100|1|1
73869.071427|0|1|0|7386|9|0|2|255|50|10|0|200017.77423947|197029.047161352|0|0|1|1|3|100|1|1
73937.071427|0|2|0|7393|7|0|1|255|50|10|0|309901.722606151|303859.247994062|0|0|1|1|3|100|1|1
73957.071427|0|2|0|7395|7|0|1|255|150|10|0|191687.24764293|190940.287487696|0|0|3|1|3|100|1|1
73964.071427|0|1|0|7396|4|0|2|255|100|10|0|261185.231287422|257624.667881289|0|0|2|1|3|100|1|1
73969.071427|0|1|0|7396|9|0|2|255|50|10|0|205589.758931904|204675.489235004|0|0|1|1|3|100|1|1
74037.071427|0|2|0|7403|7|0|1|255|50|10|0|141258.750530608|139376.72771929|0|0|1|1|3|100|1|1
74057.071427|0|2|0|7405|7|0|1|255|150|10|0|179682.188034918|178730.002681605|0|0|3|1|3|100|1|1
74064.071427|0|1|0|7406|4|0|2|255|100|10|0|98184.7592273875|97423.2268113303|0|0|2|1|3|100|1|1
74069.071427|0|1|0|7406|9|0|2|255|50|10|0|110713.696610095|107455.48821217|0|0|1|1|3|100|1|1
74137.071427|0|2|0|7413|7|0|1|255|50|10|0|137508.539405091|135988.597806456|0|0|1|1|3|100|1|1
74157.071427|0|2|0|7415|7|0|1|255|150|10|0|186413.740317345|182194.280367207|0|0|3|1|3|100|1|1
74164.071427|0|1|0|7416|4|0|2|255|100|10|0|197073.439385745|193447.641992027|0|0|2|1|3|100|1|1
74169.071427|0|1|0|7416|9|0|2|255|50|10|0|208050.680482537|203528.051624643|0|0|1|1|3|100|1|1
74237.071427|0|2|0|7423|7|0|1|255|50|10|0|208914.912109593|203587.627266703|0|0|1|1|3|100|1|1
74257.071427|0|2|0|7425|7|0|1|255|150|10|0|121416.177910458|115244.004596948|0|0|3|1|3|100|1|1
74264.071427|0|1|0|7426|4|0|2|255|100|10|0|189766.627342996|186290.078162596|0|0|2|1|3|100|1|1
74269.071427|0|1|0|7426|9|0|2|255|50|10|0|255083.041203025|253704.345817921|0|0|1|1|3|100|1|1
74337.071427|0|2|0|7433|7|0|1|255|50|10|0|195604.595869033|190958.123275949|0|0|1|1|3|100|1|1
74357.071427|0|2|0|7435|7|0|1|255|150|10|0|265048.999752067|264713.837679146|0|0|3|1|3|100|1|1
74364.071427|0|1|0|7436|4|0|2|255|100|10|0|130633.413959946|130155.402415062|0|0|2|1|3|100|1|1
74369.071427|0|1|0|7436|9|0|2|255|50|10|0|79447.7569294537|76461.1338560294|0|0|1|1|3|100|1|1
74437.071427|0|2|0|7443|7|0|1|255|50|10|0|178684.088710846|174631.87389541|0|0|1|1|3|100|1|1
74457.071427|0|2|0|7445|7|0|1|255|150|10|0|165780.59962008|164074.580110292|0|0|3|1|3|100|1|1
74464.071427|0|1|0|7446|4|0|2|255|100|10|0|187118.736922501|185813.953030085|0|0|2|1|3|100|1|1
74469.071427|0|1|0|7446|9|0|2|255|50|10|0|229270.303200363|227016.113233814|0|0|1|1|3|100|1|1
74537.071427|0|2|0|7453|7|0|1|255|50|10|0|187723.288131262|182079.894188792|0|0|1|1|3|100|1|1
74557.071427|0|2|0|7455|7|0|1|255|150|10|0|151075.630539717|148530.040762007|0|0|3|1|3|100|1|1
74564.071427|0|1|0|7456|4|0|2|255|100|10|0|202412.107414056|199299.147093427|0|0|2|1|3|100|1|1
74569.071427|0|1|0|7456|9|0|2|255|50|10|0|220364.67807729|219866.228115865|0|0|1|1|3|100|1|1
74645.071427|0|2|0|7464|5|0|1|255|0|10|0|108980.727141361|107832.966016022|0|0|0|1|3|100|1|1
74649.071427|0|2|0|7464|9|0|1|255|0|10|0|210258.509547545|205854.530298854|0|0|0|1|3|100|1|1
74664.071427|0|1|0|7466|4|0|2|255|100|10|0|161635.697117491|161208.15517655|0|0|2|1|3|100|1|1
74669.071427|0|1|0|7466|9|0|2|255|50|10|0|111136.148893191|109364.087572844|0|0|1|1|3|100|1|1
74745.071427|0|2|0|7474|5|0|1|255|0|10|0|242448.425931891|236773.665044931|0|0|0|1|3|100|1|1
74749.071427|0|2|0|7474|9|0|1|255|0|10|0|206274.712704773|204376.516825509|0|0|0|1|3|100|1|1
74764.071427|0|1|0|7476|4|0|2|255|100|10|0|119809.699671915|119621.676821517|0|0|2|1|3|100|1|1
74769.071427|0|1|0|7476|9|0|2|255|50|10|0|238331.769883877|234496.400615456|0|0|1|1|3|100|1|1
74845.071427|0|2|0|7484|5|0|1|255|0|10|0|182149.451102929|181219.685120194|0|0|0|1|3|100|1|1
74849.071427|0|2|0|7484|9|0|1|255|0|10|0|140858.310185004|140005.497726735|0|0|0|1|3|100|1|1
74857.071427|0|1|0|7485|7|0|2|255|50|10|0|85331.4410248135|84512.7920977868|0|0|1|1|3|100|1|1
74867.071427|0|1|0|7486|7|0|2|255|150|10|0|253170.420855183|246694.211513883|0|0|3|1|3|100|1|1
74945.071427|0|2|0|7494|5|0|1|255|0|10|0|110813.628367415|110670.86504273|0|0|0|1|3|100|1|1
74949.071427|0|2|0|7494|9|0|1|255|0|10|0|161837.409681249|159531.961785088|0|0|0|1|3|100|1|1
74957.071427|0|1|0|7495|7|0|2|255|50|10|0|374511.216209064|373157.007517218|0|0|1|1|3|100|1|1
74967.071427|0|1|0|7496|7|0|2|255|150|10|0|142071.971443998|139238.489710587|0|0|3|1|3|100|1|1
75045.071427|0|2|0|7504|5|0|1|255|0|10|0|284500.614378756|280947.491174728|0|0|0|1|3|100|1|1
75049.071427|0|2|0|7504|9|0|1|255|0|10|0|190193.583533082|188978.027243602|0|0|0|1|3|100|1|1
75057.071427|0|1|0|7505|7|0|2|255|50|10|0|90661.065011622|88720.0965563977|0|0|1|1|3|100|1|1
75067.071427|0|1|0|7506|7|0|2|255|150|10|0|152034.769948021|149833.27337365|0|0|3|1|3|100|1|1
75145.071427|0|2|0|7514|5|0|1|255|0|10|0|155515.632016278|155311.469461877|0|0|0|1|3|100|1|1
75149.071427|0|2|0|7514|9|0|1|255|0|10|0|159995.629609354|157392.166615442|0|0|0|1|3|100|1|1
75157.071427|0|1|0|7515|7|0|2|255|50|10|0|169996.142195867|167156.744418185|0|0|1|1|3|100|1|1
75167.071427|0|1|0|7516|7|0|2|255|150|10|0|283297.42823465|280967.928948995|0|0|3|1|3|100|1|1
75245.071427|0|2|0|7524|5|0|1|255|0|10|0|93207.9381573284|91542.4034642063|0|0|0|1|3|100|1|1
75249.071427|0|2|0|7524|9|0|1|255|0|10|0|154274.968091362|151652.307855518|0|0|0|1|3|100|1|1
75257.071427|0|1|0|7525|7|0|2|255|50|10|0|236286.331831386|236212.252367776|0|0|1|1|3|100|1|1
75267.071427|0|1|0|7526|7|0|2|255|150|10|0|137870.939711165|135323.079278535|0|0|3|1|3|100|1|1
75345.071427|0|2|0|7534|5|0|1|255|0|10|0|266303.469793512|260054.182307786|0|0|0|1|3|100|1|1
75349.071427|0|2|0|7534|9|0|1|255|0|10|0|216672.327404514|212894.268820457|0|0|0|1|3|100|1|1
75357.071427|0|1|0|7535|7|0|2|255|50|10|0|151141.044841067|146553.40175207|0|0|1|1|3|100|1|1
75367.071427|0|1|0|7536|7|0|2|255|150|10|0|96961.0071218374|95846.2120723425|0|0|3|1|3|100|1|1
75445.071427|0|2|0|7544|5|0|1|255|0|10|0|169625.569324782|168197.657549119|0|0|0|1|3|100|1|1
75449.071427|0|2|0|7544|9|0|1|255|0|10|0|167792.151378005|162309.494262365|0|0|0|1|3|100|1|1
75457.071427|0|1|0|7545|7|0|2|255|50|10|0|121076.637146925|116641.396987716|0|0|1|1|3|100|1|1
75467.071427|0|1|0|7546|7|0|2|255|150|10|0|355535.179899819|351788.411936354|0|0|3|1|3|100|1|1
75545.071427|0|2|0|7554|5|0|1|255|0|10|0|146992.971770034|145515.271126488|0|0|0|1|3|100|1|1
75549.071427|0|2|0|7554|9|0|1|255|0|10|0|133519.019964137|133223.499569295|0|0|0|1|3|100|1|1
75557.071427|0|1|0|7555|7|0|2|255|50|10|0|259482.694382549|258540.775457576|0|0|1|1|3|100|1|1
75567.071427|0|1|0|7556|7|0|2|255|150|10|0|119706.76796979|118368.95551103|0|0|3|1|3|100|1|1
75645.071427|0|2|0|7564|5|0|1|255|0|10|0|174017.867903011|172678.598069423|0|0|0|1|3|100|1|1
75649.071427|0|2|0|7564|9|0|1|255|0|10|0|205612.250382322|202007.243666859|0|0|0|1|3|100|1|1
75657.071427|0|1|0|7565|7|0|2|255|50|10|0|151979.872537996|149313.163324758|0|0|1|1|3|100|1|1
75667.071427|0|1|0|7566|7|0|2|255|150|10|0|110965.330929006|107259.881608999|0|0|3|1|3|100|1|1
75737.071427|0|2|0|7573|7|0|1|255|150|10|0|94075.0269208401|91350.6458965082|0|0|3|1|3|100|1|1
75767.071427|0|1|0|7576|7|0|2|255|150|10|0|290198.652152066|288791.014405369|0|0|3|1|3|100|1|1
75837.071427|0|2|0|7583|7|0|1|255|150|10|0|311445.068804668|310182.909847731|0|0|3|1|3|100|1|1
75867.071427|0|1|0|7586|7|0|2|255|150|10|0|151452.376653009|147636.245767937|0|0|3|1|3|100|1|1
75937.071427|0|2|0|7593|7|0|1|255|150|10|0|197886.350721981|195290.996940466|0|0|3|1|3|100|1|1
75967.071427|0|1|0|7596|7|0|2|255|150|10|0|117503.3427588|112214.261030107|0|0|3|1|3|100|1|1
76037.071427|0|2|0|7603|7|0|1|255|150|10|0|68128.4487365752|66436.6077107783|0|0|3|1|3|100|1|1
76066.071427|0|1|0|7606|6|0|2|255|50|10|0|212734.400070397|212063.681655973|0|0|1|1|3|100|1|1
76137.071427|0|2|0|7613|7|0|1|255|150|10|0|223224.372123247|219665.862349395|0|0|3|1|3|100|1|1
76166.071427|0|1|0|7616|6|0|2|255|50|10|0|181161.694539425|180635.604776879|0|0|1|1|3|100|1|1
76237.071427|0|2|0|7623|7|0|1|255|150|10|0|277172.482751776|276316.343130222|0|0|3|1|3|100|1|1
76266.071427|0|1|0|7626|6|0|2|255|50|10|0|131104.526761841|127887.524393934|0|0|1|1|3|100|1|1
76337.071427|0|2|0|7633|7|0|1|255|150|10|0|65598.559099903|64016.4534712583|0|0|3|1|3|100|1|1
76366.071427|0|1|0|7636|6|0|2|255|50|10|0|207382.73044315|206437.013385829|0|0|1|1|3|100|1|1
76437.071427|0|2|0|7643|7|0|1|255|150|10|0|232483.63568629|227540.995089598|0|0|3|1|3|100|1|1
76466.071427|0|1|0|7646|6|0|2|255|50|10|0|197867.592114908|193491.840403149|0|0|1|1|3|100|1|1
76537.071427|0|2|0|7653|7|0|1|255|150|10|0|254705.318410705|254617.703645633|0|0|3|1|3|100|1|1
76566.071427|0|1|0|7656|6|0|2|255|50|10|0|141898.356356165|139263.130491125|0|0|1|1|3|100|1|1
76637.071427|0|2|0|7663|7|0|1|255|150|10|0|67078.6366546952|66608.6419245548|0|0|3|1|3|100|1|1
76666.071427|0|1|0|7666|6|0|2|255|50|10|0|144836.388496016|142882.938069061|0|0|1|1|3|100|1|1
76737.071427|0|2|0|7673|7|0|1|255|50|10|0|172991.779572644|171437.291603074|0|0|1|1|3|100|1|1
76745.071427|0|2|0|7674|5|0|1|255|150|10|0|312527.743304459|311271.985298853|0|0|3|1|3|100|1|1
76757.071427|0|1|0|7675|7|0|2|255|150|10|0|124559.404566351|122193.303863556|0|0|3|1|3|100|1|1
76766.071427|0|1|0|7676|6|0|2|255|50|10|0|226082.014616241|219826.199020919|0|0|1|1|3|100|1|1
76837.071427|0|2|0|7683|7|0|1|255|50|10|0|233890.091809125|233646.564747469|0|0|1|1|3|100|1|1
76845.071427|0|2|0|7684|5|0|1|255|150|10|0|98751.1524509753|97697.2750059885|0|0|3|1|3|100|1|1
76857.071427|0|1|0|7685|7|0|2|255|150|10|0|220951.572196051|215974.469752907|0|0|3|1|3|100|1|1
76866.071427|0|1|0|7686|6|0|2|255|50|10|0|145672.153947502|142987.938321915|0|0|1|1|3|100|1|1
76937.071427|0|2|0|7693|7|0|1|255|50|10|0|89731.4019321318|86502.1539639527|0|0|1|1|3|100|1|1
76945.071427|0|2|0|7694|5|0|1|255|150|10|0|128133.99249207|123186.696404086|0|0|3|1|3|100|1|1
76957.071427|0|1|0|7695|7|0|2|255|150|10|0|202130.958202269|201310.6075136|0|0|3|1|3|100|1|1
76966.071427|0|1|0|7696|6|0|2|255|50|10|0|173761.456957863|173503.257061111|0|0|1|1|3|100|1|1
77037.071427|0|2|0|7703|7|0|1|255|50|10|0|254965.824656713|253235.847047348|0|0|1|1|3|100|1|1
77045.071427|0|2|0|7704|5|0|1|255|150|10|0|297471.717233572|293739.824218267|0|0|3|1|3|100|1|1
77057.071427|0|1|0|7705|7|0|2|255|150|10|0|96744.7532275647|96243.3860982302|0|0|3|1|3|100|1|1
77066.071427|0|1|0|7706|6|0|2|255|50|10|0|188358.800076553|185722.639431196|0|0|1|1|3|100|1|1
77137.071427|0|2|0|7713|7|0|1|255|50|10|0|172093.120004127|170204.386307744|0|0|1|1|3|100|1|1
77145.071427|0|2|0|7714|5|0|1|255|150|10|0|169198.251833098|168543.853370105|0|0|3|1|3|100|1|1
77159.071427|0|1|0|7715|9|0|2|255|150|10|0|277397.882678617|277213.79582908|0|0|3|1|3|100|1|1
77168.071427|0|1|0|7716|8|0|2|255|100|10|0|113504.981264584|111622.923287825|0|0|2|1|3|100|1|1
77237.071427|0|2|0|7723|7|0|1|255|50|10|0|152386.268363917|149505.308119531|0|0|1|1|3|100|1|1
77245.071427|0|2|0|7724|5|0|1|255|150|10|0|98913.0795748912|97243.5404866549|0|0|3|1|3|100|1|1
77259.071427|0|1|0|7725|9|0|2|255|150|10|0|124026.025866271|119518.128011472|0|0|3|1|3|100|1|1
77268.071427|0|1|0|7726|8|0|2|255|100|10|0|114464.4597662|112556.712256949|0|0|2|1|3|100|1|1
77337.071427|0|2|0|7733|7|0|1|255|50|10|0|143511.834319888|140296.214647646|0|0|1|1|3|100|1|1
77345.071427|0|2|0|7734|5|0|1|255|150|10|0|320914.051022578|318874.02134573|0|0|3|1|3|100|1|1
77359.071427|0|1|0|7735|9|0|2|255|150|10|0|157606.71742103|151200.46558422|0|0|3|1|3|100|1|1
77368.071427|0|1|0|7736|8|0|2|255|100|10|0|343197.819191738|333980.033249497|0|0|2|1|3|100|1|1
77437.071427|0|2|0|7743|7|0|1|255|50|10|0|222155.517115837|220873.658467234|0|0|1|1|3|100|1|1
77445.071427|0|2|0|7744|5|0|1|255|150|10|0|107394.642308161|105999.389581055|0|0|3|1|3|100|1|1
77459.071427|0|1|0|7745|9|0|2|255|150|10|0|244754.927574265|243820.742697555|0|0|3|1|3|100|1|1
77468.071427|0|1|0|7746|8|0|2|255|100|10|0|119792.867579371|116858.324749378|0|0|2|1|3|100|1|1
77537.071427|0|2|0|7753|7|0|1|255|50|10|0|153523.256057204|149016.659833955|0|0|1|1|3|100|1|1
77545.071427|0|2|0|7754|5|0|1|255|150|10|0|145753.073686853|145001.554293354|0|0|3|1|3|100|1|1
77559.071427|0|1|0|7755|9|0|2|255|150|10|0|170672.384972802|169860.621408451|0|0|3|1|3|100|1|1
77568.071427|0|1|0|7756|8|0|2|255|100|10|0|138490.477628696|137162.208110805|0|0|2|1|3|100|1|1
77637.071427|0|2|0|7763|7|0|1|255|50|10|0|139001.382282976|135205.20641446|0|0|1|1|3|100|1|1
77645.071427|0|2|0|7764|5|0|1|255|150|10|0|267240.128739815|266239.557206169|0|0|3|1|3|100|1|1
77659.071427|0|1|0|7765|9|0|2|255|150|10|0|113273.45929798|110303.969173749|0|0|3|1|3|100|1|1
77668.071427|0|1|0|7766|8|0|2|255|100|10|0|280276.495215425|274690.951589214|0|0|2|1|3|100|1|1
77737.071427|0|2|0|7773|7|0|1|255|50|10|0|217169.88214641|215191.661409121|0|0|1|1|3|100|1|1
77745.071427|0|2|0|7774|5|0|1|255|150|10|0|172819.29881557|167125.679909764|0|0|3|1|3|100|1|1
77759.071427|0|1|0|7775|9|0|2|255|150|10|0|258633.315425256|256604.629312688|0|0|3|1|3|100|1|1
77768.071427|0|1|0|7776|8|0|2|255|100|10|0|154235.70018054|152818.144412824|0|0|2|1|3|100|1|1
77837.071427|0|2|0|7783|7|0|1|255|50|10|0|195083.811174756|194145.779208598|0|0|1|1|3|100|1|1
77845.071427|0|2|0|7784|5|0|1|255|150|10|0|128071.052517711|123094.299708506|0|0|3|1|3|100|1|1
77859.071427|0|1|0|7785|9|0|2|255|150|10|0|121467.888295947|119095.119959865|0|0|3|1|3|100|1|1
77868.071427|0|1|0|7786|8|0|2|255|100|10|0|68331.9439672157|66840.6571283744|0|0|2|1|3|100|1|1
77939.071427|0|2|0|7793|9|0|1|255|50|10|0|96466.6655368845|94261.8052374929|0|0|1|1|3|100|1|1
77947.071427|0|2|0|7794|7|0|1|255|150|10|0|206798.2869332|203321.061593383|0|0|3|1|3|100|1|1
77959.071427|0|1|0|7795|9|0|2|255|150|10|0|197620.650751637|193794.958149134|0|0|3|1|3|100|1|1
77968.071427|0|1|0|7796|8|0|2|255|100|10|0|377643.684999299|375855.608174972|0|0|2|1|3|100|1|1
78039.071427|0|2|0|7803|9|0|1|255|50|10|0|308596.006455499|307865.10603275|0|0|1|1|3|100|1|1
78047.071427|0|2|0|7804|7|0|1|255|150|10|0|174810.110448489|170748.941367862|0|0|3|1|3|100|1|1
78059.071427|0|1|0|7805|9|0|2|255|150|10|0|142371.95442023|141199.873527661|0|0|3|1|3|100|1|1
78068.071427|0|1|0|7806|8|0|2|255|100|10|0|123205.351216568|122858.017093165|0|0|2|1|3|100|1|1
78139.071427|0|2|0|7813|9|0|1|255|50|10|0|189036.549846072|185373.387329356|0|0|1|1|3|100|1|1
78147.071427|0|2|0|7814|7|0|1|255|150|10|0|150944.715858108|146312.554356957|0|0|3|1|3|100|1|1
78159.071427|0|1|0|7815|9|0|2|255|150|10|0|239068.14835198|234228.026336928|0|0|3|1|3|100|1|1
78168.071427|0|1|0|7816|8|0|2|255|100|10|0|129893.670877514|127043.550287732|0|0|2|1|3|100|1|1
78239.071427|0|2|0|7823|9|0|1|255|50|10|0|95873.1638705517|91582.2087958418|0|0|1|1|3|100|1|1
78247.071427|0|2|0|7824|7|0|1|255|150|10|0|202552.4329321|201838.316831105|0|0|3|1|3|100|1|1
78259.071427|0|1|0|7825|9|0|2|255|150|10|0|138142.086140028|137889.100944952|0|0|3|1|3|100|1|1
78268.071427|0|1|0|7826|8|0|2|255|100|10|0|215211.620696151|214938.586934895|0|0|2|1|3|100|1|1
78339.071427|0|2|0|7833|9|0|1|255|50|10|0|250259.100431073|246621.367791481|0|0|1|1|3|100|1|1
78347.071427|0|2|0|7834|7|0|1|255|150|10|0|166118.226278496|165712.292597572|0|0|3|1|3|100|1|1
78359.071427|0|1|0|7835|9|0|2|255|150|10|0|168475.503307095|168431.601804003|0|0|3|1|3|100|1|1
78368.071427|0|1|0|7836|8|0|2|255|100|10|0|195888.122004865|194661.273649235|0|0|2|1|3|100|1|1
78439.071427|0|2|0|7843|9|0|1|255|50|10|0|201557.334462188|197121.203226928|0|0|1|1|3|100|1|1
78447.071427|0|2|0|7844|7|0|1|255|150|10|0|125014.914585322|123574.595708014|0|0|3|1|3|100|1|1
78457.071427|0|1|0|7845|7|0|2|255|50|10|0|155953.032458536|153522.024501337|0|0|1|1|3|100|1|1
78465.071427|0|1|0|7846|5|0|2|255|0|10|0|67196.8057939397|65069.5860999017|0|0|0|1|3|100|1|1
78539.071427|0|2|0|7853|9|0|1|255|50|10|0|82688.6536860217|82393.4528197412|0|0|1|1|3|100|1|1
78547.071427|0|2|0|7854|7|0|1|255|150|10|0|185926.628380312|184890.23455885|0|0|3|1|3|100|1|1
78557.071427|0|1|0|7855|7|0|2|255|50|10|0|145793.445266033|145339.776987507|0|0|1|1|3|100|1|1
78565.071427|0|1|0|7856|5|0|2|255|0|10|0|230021.376910451|228640.782054922|0|0|0|1|3|100|1|1
78639.071427|0|2|0|7863|9|0|1|255|50|10|0|310504.037606647|310245.335042557|0|0|1|1|3|100|1|1
78647.071427|0|2|0|7864|7|0|1|255|150|10|0|280755.732499138|278874.127561013|0|0|3|1|3|100|1|1
78657.071427|0|1|0|7865|7|0|2|255|50|10|0|143302.250876379|142114.477999316|0|0|1|1|3|100|1|1
78665.071427|0|1|0|7866|5|0|2|255|0|10|0|188499.634555117|187240.780699868|0|0|0|1|3|100|1|1
78739.071427|0|2|0|7873|9|0|1|255|50|10|0|164302.729925807|157795.790427685|0|0|1|1|3|100|1|1
78747.071427|0|2|0|7874|7|0|1|255|150|10|0|80850.9503188278|80111.6201178777|0|0|3|1|3|100|1|1
78757.071427|0|1|0|7875|7|0|2|255|50|10|0|255768.775571859|249976.819605007|0|0|1|1|3|100|1|1
78765.071427|0|1|0|7876|5|0|2|255|0|10|0|135559.237726588|133422.805346482|0|0|0|1|3|100|1|1
78838.071427|0|2|0|7883|8|0|1|255|50|10|0|112241.134278799|110483.91370714|0|0|1|1|3|100|1|1
78857.071427|0|1|0|7885|7|0|2|255|50|10|0|137602.434213295|137442.935441094|0|0|1|1|3|100|1|1
78858.071427|0|2|0|7885|8|0|1|255|50|10|0|125038.036462705|122278.44220758|0|0|1|1|3|100|1|1
78865.071427|0|1|0|7886|5|0|2|255|0|10|0|163058.159160456|160763.60058084|0|0|0|1|3|100|1|1
78938.071427|0|2|0|7893|8|0|1|255|50|10|0|170169.951712413|167446.606947369|0|0|1|1|3|100|1|1
78957.071427|0|1|0|7895|7|0|2|255|50|10|0|153599.470331745|149507.183406543|0|0|1|1|3|100|1|1
78958.071427|0|2|0|7895|8|0|1|255|50|10|0|144370.585277388|140910.209601311|0|0|1|1|3|100|1|1
78965.071427|0|1|0|7896|5|0|2|255|0|10|0|292782.97484299|286932.894467583|0|0|0|1|3|100|1|1
79038.071427|0|2|0|7903|8|0|1|255|50|10|0|280547.878115346|279931.126951507|0|0|1|1|3|100|1|1
79057.071427|0|1|0|7905|7|0|2|255|50|10|0|199234.509401837|195774.61917149|0|0|1|1|3|100|1|1
79058.071427|0|2|0|7905|8|0|1|255|50|10|0|227530.72903536|223167.335850194|0|0|1|1|3|100|1|1
79065.071427|0|1|0|7906|5|0|2|255|0|10|0|93319.1467242925|90837.5528796546|0|0|0|1|3|100|1|1
79138.071427|0|2|0|7913|8|0|1|255|50|10|0|81249.3321185711|78757.6767626373|0|0|1|1|3|100|1|1
79157.071427|0|1|0|7915|7|0|2|255|50|10|0|224580.239677371|220957.340446371|0|0|1|1|3|100|1|1
79158.071427|0|2|0|7915|8|0|1|255|50|10|0|199544.657168818|196720.380220357|0|0|1|1|3|100|1|1
79165.071427|0|1|0|7916|5|0|2|255|0|10|0|155336.395892167|151744.744840652|0|0|0|1|3|100|1|1
79238.071427|0|2|0|7923|8|0|1|255|50|10|0|257521.18195168|252373.322101677|0|0|1|1|3|100|1|1
79257.071427|0|1|0|7925|7|0|2|255|50|10|0|89963.9877217973|86412.0952735028|0|0|1|1|3|100|1|1
79258.071427|0|2|0|7925|8|0|1|255|50|10|0|94384.087363592|90385.4095249666|0|0|1|1|3|100|1|1
79265.071427|0|1|0|7926|5|0|2|255|0|10|0|215469.798069731|211064.343566418|0|0|0|1|3|100|1|1
79338.071427|0|2|0|7933|8|0|1|255|50|10|0|169073.534735833|168991.098692211|0|0|1|1|3|100|1|1
79357.071427|0|1|0|7935|7|0|2|255|50|10|0|236346.258478885|235689.597198098|0|0|1|1|3|100|1|1
79358.071427|0|2|0|7935|8|0|1|255|50|10|0|297208.233282237|294803.352987093|0|0|1|1|3|100|1|1
79365.071427|0|1|0|7936|5|0|2|255|0|10|0|193474.501273582|193262.210012321|0|0|0|1|3|100|1|1
79438.071427|0|2|0|7943|8|0|1|255|50|10|0|120212.83619512|118994.673111268|0|0|1|1|3|100|1|1
79449.071427|0|1|0|7944|9|0|2|255|50|10|0|247579.044370418|246253.306605973|0|0|1|1|3|100|1|1
79458.071427|0|2|0|7945|8|0|1|255|50|10|0|176325.114643689|175885.859871173|0|0|1|1|3|100|1|1
79467.071427|0|1|0|7946|7|0|2|255|50|10|0|79245.1064250984|79205.4135526395|0|0|1|1|3|100|1|1
79538.071427|0|2|0|7953|8|0|1|255|50|10|0|173407.61376244|169216.120548578|0|0|1|1|3|100|1|1
79549.071427|0|1|0|7954|9|0|2|255|50|10|0|140940.91968575|137885.283461473|0|0|1|1|3|100|1|1
79558.071427|0|2|0|7955|8|0|1|255|50|10|0|83883.6463625839|80338.8487956889|0|0|1|1|3|100|1|1
79567.071427|0|1|0|7956|7|0|2|255|50|10|0|309106.724405443|304977.64040524|0|0|1|1|3|100|1|1
79638.071427|0|2|0|7963|8|0|1|255|50|10|0|249976.349317273|247548.116799334|0|0|1|1|3|100|1|1
79649.071427|0|1|0|7964|9|0|2|255|50|10|0|195975.390549024|194460.268874299|0|0|1|1|3|100|1|1
79658.071427|0|2|0|7965|8|0|1|255|50|10|0|284121.105451716|277540.543746317|0|0|1|1|3|100|1|1
79667.071427|0|1|0|7966|7|0|2|255|50|10|0|164803.491608047|163560.617524135|0|0|1|1|3|100|1|1
79737.071427|0|2|0|7973|7|0|1|255|50|10|0|131682.110072575|128909.628013804|0|0|1|1|3|100|1|1
79749.071427|0|1|0|7974|9|0|2|255|50|10|0|190291.002621999|186417.130625137|0|0|1|1|3|100|1|1
79757.071427|0|2|0|7975|7|0|1|255|50|10|0|214678.280242035|211742.987216332|0|0|1|1|3|100|1|1
79767.071427|0|1|0|7976|7|0|2|255|50|10|0|92038.5047916062|88465.0637352608|0|0|1|1|3|100|1|1
79837.071427|0|2|0|7983|7|0|1|255|50|10|0|134036.185696297|131455.591768056|0|0|1|1|3|100|1|1
79849.071427|0|1|0|7984|9|0|2|255|50|10|0|180219.624410288|173706.898722737|0|0|1|1|3|100|1|1
79857.071427|0|2|0|7985|7|0|1|255|50|10|0|109342.086681196|108223.882686753|0|0|1|1|3|100|1|1
79867.071427|0|1|0|7986|7|0|2|255|50|10|0|225839.710416907|219314.301566106|0|0|1|1|3|100|1|1
79937.071427|0|2|0|7993|7|0|1|255|50|10|0|216349.407441|212379.646966313|0|0|1|1|3|100|1|1
79949.071427|0|1|0|7994|9|0|2|255|50|10|0|133549.695216766|132738.093664123|0|0|1|1|3|100|1|1
79957.071427|0|2|0|7995|7|0|1|255|50|10|0|217433.291090981|214437.36208332|0|0|1|1|3|100|1|1
79967.071427|0|1|0|7996|7|0|2|255|50|10|0|263788.81114833|262075.905961485|0|0|1|1|3|100|1|1
80037.071427|0|2|0|8003|7|0|1|255|50|10|0|185977.766208721|181472.203814069|0|0|1|1|3|100|1|1
80049.071427|0|1|0|8004|9|0|2|255|50|10|0|196975.139964748|196792.996553496|0|0|1|1|3|100|1|1
80057.071427|0|2|0|8005|7|0|1|255|50|10|0|241853.319957|236524.181397147|0|0|1|1|3|100|1|1
80067.071427|0|1|0|8006|7|0|2|255|50|10|0|71246.8059193446|69919.8314741652|0|0|1|1|3|100|1|1
80137.071427|0|2|0|8013|7|0|1|255|50|10|0|110760.012267268|110411.700957222|0|0|1|1|3|100|1|1
80149.071427|0|1|0|8014|9|0|2|255|50|10|0|171210.413125118|167031.91618859|0|0|1|1|3|100|1|1
80157.071427|0|2|0|8015|7|0|1|255|50|10|0|88049.2527760355|86763.3729959011|0|0|1|1|3|100|1|1
80167.071427|0|1|0|8016|7|0|2|255|50|10|0|240372.353426453|236177.551086231|0|0|1|1|3|100|1|1
80237.071427|0|2|0|8023|7|0|1|255|50|10|0|197953.268534581|196195.806195124|0|0|1|1|3|100|1|1
80249.071427|0|1|0|8024|9|0|2|255|50|10|0|170188.100997958|168626.806664281|0|0|1|1|3|100|1|1
80257.071427|0|2|0|8025|7|0|1|255|50|10|0|245608.289492927|243979.032082831|0|0|1|1|3|100|1|1
80267.071427|0|1|0|8026|7|0|2|255|50|10|0|241510.126272713|241259.322130582|0|0|1|1|3|100|1|1
80337.071427|0|2|0|8033|7|0|1|255|50|10|0|223677.156016055|219504.060870412|0|0|1|1|3|100|1|1
80349.071427|0|1|0|8034|9|0|2|255|50|10|0|150628.805483658|150147.973773334|0|0|1|1|3|100|1|1
80357.071427|0|2|0|8035|7|0|1|255|50|10|0|191968.817979497|187807.877911099|0|0|1|1|3|100|1|1
80367.071427|0|1|0|8036|7|0|2|255|50|10|0|62754.33339588|62482.9244705813|0|0|1|1|3|100|1|1
80437.071427|0|2|0|8043|7|0|1|255|50|10|0|137501.762786948|136690.744956768|0|0|1|1|3|100|1|1
80449.071427|0|1|0|8044|9|0|2|255|50|10|0|199819.287748467|198300.22778772|0|0|1|1|3|100|1|1
80457.071427|0|2|0|8045|7|0|1|255|50|10|0|110039.516483747|106446.883112562|0|0|1|1|3|100|1|1
80467.071427|0|1|0|8046|7|0|2|255|50|10|0|235855.201558984|234182.960166903|0|0|1|1|3|100|1|1
80537.071427|0|2|0|8053|7|0|1|255|50|10|0|115454.694020879|114305.637283454|0|0|1|1|3|100|1|1
80549.071427|0|1|0|8054|9|0|2|255|50|10|0|187156.104203044|185837.299761503|0|0|1|1|3|100|1|1
80557.071427|0|2|0|8055|7|0|1|255|50|10|0|245585.88416512|244273.305217857|0|0|1|1|3|100|1|1
80567.071427|0|1|0|8056|7|0|2|255|50|10|0|262990.008177776|262279.410669237|0|0|1|1|3|100|1|1
80637.071427|0|2|0|8063|7|0|1|255|50|10|0|303553.310244338|297547.6952758|0|0|1|1|3|100|1|1
80649.071427|0|1|0|8064|9|0|2|255|50|10|0|111593.554340965|106951.578976089|0|0|1|1|3|100|1|1
80657.071427|0|2|0|8065|7|0|1|255|50|10|0|185281.654882367|183215.701625067|0|0|1|1|3|100|1|1
80667.071427|0|1|0|8066|7|0|2|255|50|10|0|88603.3719280464|85871.2527860624|0|0|1|1|3|100|1|1
80737.071427|0|2|0|8073|7|0|1|255|50|10|0|91823.0264456155|91122.1087374473|0|0|1|1|3|100|1|1
80749.071427|0|1|0|8074|9|0|2|255|50|10|0|214416.755627011|213001.181121764|0|0|1|1|3|100|1|1
80757.071427|0|2|0|8075|7|0|1|255|50|10|0|114330.715280099|114141.032013451|0|0|1|1|3|100|1|1
80767.071427|0|1|0|8076|7|0|2|255|50|10|0|224053.368110995|221784.278703585|0|0|1|1|3|100|1|1
80846.071427|0|2|0|8084|6|0|1|255|50|10|0|250439.616000112|245523.076317878|0|0|1|1|3|100|1|1
80869.071427|0|1|0|8086|9|0|2|255|150|10|0|153796.610590459|152884.107855178|0|0|3|1|3|100|1|1
80946.071427|0|2|0|8094|6|0|1|255|50|10|0|143266.748360161|141569.305527847|0|0|1|1|3|100|1|1
80969.071427|0|1|0|8096|9|0|2|255|150|10|0|175842.750822422|170235.262943439|0|0|3|1|3|100|1|1
81046.071427|0|2|0|8104|6|0|1|255|50|10|0|165349.294089352|164352.484797213|0|0|1|1|3|100|1|1
81069.071427|0|1|0|8106|9|0|2|255|150|10|0|174016.213294865|170587.776649888|0|0|3|1|3|100|1|1
81146.071427|0|2|0|8114|6|0|1|255|50|10|0|181675.685490883|176733.900484122|0|0|1|1|3|100|1|1
81169.071427|0|1|0|8116|9|0|2|255|150|10|0|168242.735972977|166405.451614262|0|0|3|1|3|100|1|1
81246.071427|0|2|0|8124|6|0|1|255|50|10|0|199951.157613308|197778.402002803|0|0|1|1|3|100|1|1
81269.071427|0|1|0|8126|9|0|2|255|150|10|0|146620.640774429|143758.153843803|0|0|3|1|3|100|1|1
81346.071427|0|2|0|8134|6|0|1|255|50|10|0|86146.0633900034|82373.4320244351|0|0|1|1|3|100|1|1
81369.071427|0|1|0|8136|9|0|2|255|150|10|0|197871.728643366|196639.004158851|0|0|3|1|3|100|1|1
81446.071427|0|2|0|8144|6|0|1|255|50|10|0|322677.693779385|320881.059945083|0|0|1|1|3|100|1|1
81469.071427|0|1|0|8146|9|0|2|255|150|10|0|186708.222109344|185426.769737233|0|0|3|1|3|100|1|1
81546.071427|0|2|0|8154|6|0|1|255|50|10|0|145097.042446191|144215.042837468|0|0|1|1|3|100|1|1
81569.071427|0|1|0|8156|9|0|2|255|150|10|0|172563.219619918|167897.085485127|0|0|3|1|3|100|1|1
81646.071427|0|2|0|8164|6|0|1|255|50|10|0|129099.813781385|127369.344450356|0|0|1|1|3|100|1|1
81669.071427|0|1|0|8166|9|0|2|255|150|10|0|132945.22882793|131797.141351255|0|0|3|1|3|100|1|1
81746.071427|0|2|0|8174|6|0|1|255|50|10|0|213710.472671225|210687.664226331|0|0|1|1|3|100|1|1
81769.071427|0|1|0|8176|9|0|2|255|150|10|0|209139.146189435|201337.345130553|0|0|3|1|3|100|1|1
81846.071427|0|2|0|8184|6|0|1|255|50|10|0|199380.679560728|196239.294943415|0|0|1|1|3|100|1|1
81869.071427|0|1|0|8186|9|0|2|255|150|10|0|194659.153973981|192003.606180268|0|0|3|1|3|100|1|1
81946.071427|0|2|0|8194|6|0|1|255|50|10|0|115427.591680821|110317.841025182|0|0|1|1|3|100|1|1
81969.071427|0|1|0|8196|9|0|2|255|150|10|0|139896.047915971|139512.423160367|0|0|3|1|3|100|1|1
82037.071427|0|2|0|8203|7|0|1|255|150|10|0|142385.786229316|142309.690155368|0|0|3|1|3|100|1|1
82049.071427|0|1|0|8204|9|0|2|255|150|10|0|259821.151509292|255577.373409488|0|0|3|1|3|100|1|1
82058.071427|0|2|0|8205|8|0|1|255|50|10|0|139535.238753651|137441.445807225|0|0|1|1|3|100|1|1
82069.071427|0|1|0|8206|9|0|2|255|150|10|0|200968.056742956|199460.639556852|0|0|3|1|3|100|1|1
82137.071427|0|2|0|8213|7|0|1|255|150|10|0|238619.674091577|233193.715335999|0|0|3|1|3|100|1|1
82157.071427|0|1|0|8215|7|0|2|255|150|10|0|91669.1720743627|91627.3216918739|0|0|3|1|3|100|1|1
82158.071427|0|2|0|8215|8|0|1|255|50|10|0|178226.877754311|174343.417321139|0|0|1|1|3|100|1|1
82169.071427|0|1|0|8216|9|0|2|255|0|10|0|171308.036495521|171138.076018187|0|0|0|1|3|100|1|1
82237.071427|0|2|0|8223|7|0|1|255|150|10|0|212782.368287745|209583.904292893|0|0|3|1|3|100|1|1
82257.071427|0|1|0|8225|7|0|2|255|150|10|0|269061.33616308|264940.878720208|0|0|3|1|3|100|1|1
82258.071427|0|2|0|8225|8|0|1|255|50|10|0|245721.049621192|239156.672711319|0|0|1|1|3|100|1|1
82269.071427|0|1|0|8226|9|0|2|255|0|10|0|80147.3929966181|78783.3987319193|0|0|0|1|3|100|1|1
82337.071427|0|2|0|8233|7|0|1|255|150|10|0|98152.0631645463|97481.2200418173|0|0|3|1|3|100|1|1
82357.071427|0|1|0|8235|7|0|2|255|150|10|0|203790.952506878|201680.914797873|0|0|3|1|3|100|1|1
82358.071427|0|2|0|8235|8|0|1|255|50|10|0|88177.2207111559|87650.9049508525|0|0|1|1|3|100|1|1
82369.071427|0|1|0|8236|9|0|2|255|0|10|0|275850.108045042|271569.166947918|0|0|0|1|3|100|1|1
82437.071427|0|2|0|8243|7|0|1|255|150|10|0|225626.768528296|220887.037485035|0|0|3|1|3|100|1|1
82457.071427|0|1|0|8245|7|0|2|255|150|10|0|137304.601336721|131888.62157467|0|0|3|1|3|100|1|1
82458.071427|0|2|0|8245|8|0|1|255|50|10|0|259954.088657906|257177.09825287|0|0|1|1|3|100|1|1
82469.071427|0|1|0|8246|9|0|2|255|0|10|0|219326.686591975|215010.545015464|0|0|0|1|3|100|1|1
82537.071427|0|2|0|8253|7|0|1|255|150|10|0|154156.356431768|149773.902086536|0|0|3|1|3|100|1|1
82557.071427|0|1|0|8255|7|0|2|255|150|10|0|244729.531379553|236677.949162077|0|0|3|1|3|100|1|1
82558.071427|0|2|0|8255|8|0|1|255|50|10|0|214128.573933976|211428.959719201|0|0|1|1|3|100|1|1
82569.071427|0|1|0|8256|9|0|2|255|0|10|0|96549.3368463119|94743.7771749931|0|0|0|1|3|100|1|1
82637.071427|0|2|0|8263|7|0|1|255|150|10|0|159461.108198119|157887.189424919|0|0|3|1|3|100|1|1
82657.071427|0|1|0|8265|7|0|2|255|150|10|0|182296.507257514|181912.326150461|0|0|3|1|3|100|1|1
82658.071427|0|2|0|8265|8|0|1|255|50|10|0|109551.80482364|104056.861365222|0|0|1|1|3|100|1|1
82669.071427|0|1|0|8266|9|0|2|255|0|10|0|229968.784575861|227486.101390644|0|0|0|1|3|100|1|1
82737.071427|0|2|0|8273|7|0|1|255|150|10|0|183628.32898765|180846.009861022|0|0|3|1|3|100|1|1
82757.071427|0|1|0|8275|7|0|2|255|150|10|0|93682.042930161|91562.6916729965|0|0|3|1|3|100|1|1
82758.071427|0|2|0|8275|8|0|1|255|50|10|0|208588.570600963|207507.968669264|0|0|1|1|3|100|1|1
82769.071427|0|1|0|8276|9|0|2|255|0|10|0|199966.538667236|198983.456918164|0|0|0|1|3|100|1|1
82839.071427|0|2|0|8283|9|0|1|255|150|10|0|234406.851664355|230610.151014053|0|0|3|1|3|100|1|1
82857.071427|0|1|0|8285|7|0|2|255|150|10|0|299758.617457266|295761.068686701|0|0|3|1|3|100|1|1
82858.071427|0|2|0|8285|8|0|1|255|100|10|0|251186.041813276|244940.783646568|0|0|2|1|3|100|1|1
82869.071427|0|1|0|8286|9|0|2|255|0|10|0|90257.5177113891|87572.6424063619|0|0|0|1|3|100|1|1
82939.071427|0|2|0|8293|9|0|1|255|150|10|0|116302.89127577|115601.541944154|0|0|3|1|3|100|1|1
82957.071427|0|1|0|8295|7|0|2|255|150|10|0|153153.412196587|150647.840250056|0|0|3|1|3|100|1|1
82958.071427|0|2|0|8295|8|0|1|255|100|10|0|108883.115363037|108331.976675542|0|0|2|1|3|100|1|1
82969.071427|0|1|0|8296|9|0|2|255|0|10|0|294108.079419676|292832.4427417|0|0|0|1|3|100|1|1
83039.071427|0|2|0|8303|9|0|1|255|150|10|0|140015.102515324|136742.228707781|0|0|3|1|3|100|1|1
83057.071427|0|1|0|8305|7|0|2|255|150|10|0|148728.125232239|147647.665807209|0|0|3|1|3|100|1|1
83058.071427|0|2|0|8305|8|0|1|255|100|10|0|168163.422844695|167629.306152031|0|0|2|1|3|100|1|1
83069.071427|0|1|0|8306|9|0|2|255|0|10|0|173313.008834694|172813.994564262|0|0|0|1|3|100|1|1
83139.071427|0|2|0|8313|9|0|1|255|150|10|0|279068.079800229|276960.20001274|0|0|3|1|3|100|1|1
83157.071427|0|1|0|8315|7|0|2|255|150|10|0|202610.259420251|201667.719460058|0|0|3|1|3|100|1|1
83158.071427|0|2|0|8315|8|0|1|255|100|10|0|206663.154321553|202486.298863884|0|0|2|1|3|100|1|1
83169.071427|0|1|0|8316|9|0|2|255|0|10|0|100800.173053001|98006.4686199976|0|0|0|1|3|100|1|1
83239.071427|0|2|0|8323|9|0|1|255|150|10|0|157456.175997496|155309.941909003|0|0|3|1|3|100|1|1
83257.071427|0|1|0|8325|7|0|2|255|150|10|0|193174.352189319|190857.956005102|0|0|3|1|3|100|1|1
83258.071427|0|2|0|8325|8|0|1|255|100|10|0|169462.716795895|167510.365253219|0|0|2|1|3|100|1|1
83269.071427|0|1|0|8326|9|0|2|255|0|10|0|207718.909455815|204842.460001248|0|0|0|1|3|100|1|1
83339.071427|0|2|0|8333|9|0|1|255|150|10|0|132565.811576516|130974.925201594|0|0|3|1|3|100|1|1
83349.071427|0|1|0|8334|9|0|2|255|0|10|0|233271.625113025|233025.96842952|0|0|0|1|3|100|1|1
83358.071427|0|2|0|8335|8|0|1|255|100|10|0|162951.974782093|162753.964889668|0|0|2|1|3|100|1|1
83367.071427|0|1|0|8336|7|0|2|255|150|10|0|216475.40483008|215676.036908244|0|0|3|1|3|100|1|1
83439.071427|0|2|0|8343|9|0|1|255|150|10|0|254710.530557592|252183.419704719|0|0|3|1|3|100|1|1
83449.071427|0|1|0|8344|9|0|2|255|0|10|0|131343.921229025|127192.954559961|0|0|0|1|3|100|1|1
83458.071427|0|2|0|8345|8|0|1|255|100|10|0|163998.657053402|162828.828499948|0|0|2|1|3|100|1|1
83467.071427|0|1|0|8346|7|0|2|255|150|10|0|150639.892612715|150082.804767239|0|0|3|1|3|100|1|1
83539.071427|0|2|0|8353|9|0|1|255|150|10|0|132402.296746003|127598.765507753|0|0|3|1|3|100|1|1
83549.071427|0|1|0|8354|9|0|2|255|0|10|0|166475.41395078|159984.746588863|0|0|0|1|3|100|1|1
83558.071427|0|2|0|8355|8|0|1|255|100|10|0|189948.574303021|188465.777880884|0|0|2|1|3|100|1|1
83567.071427|0|1|0|8356|7|0|2|255|150|10|0|142772.765982607|140360.201247253|0|0|3|1|3|100|1|1
83639.071427|0|2|0|8363|9|0|1|255|150|10|0|189397.068022789|182976.298169716|0|0|3|1|3|100|1|1
83649.071427|0|1|0|8364|9|0|2|255|0|10|0|259298.576087506|253514.681899717|0|0|0|1|3|100|1|1
83658.071427|0|2|0|8365|8|0|1|255|100|10|0|146296.153224691|141940.536317076|0|0|2|1|3|100|1|1
83667.071427|0|1|0|8366|7|0|2|255|150|10|0|262943.485941102|260564.805763867|0|0|3|1|3|100|1|1
83739.071427|0|2|0|8373|9|0|1|255|150|10|0|240165.99708223|239428.923312116|0|0|3|1|3|100|1|1
83749.071427|0|1|0|8374|9|0|2|255|0|10|0|115446.899812794|112426.507297026|0|0|0|1|3|100|1|1
83758.071427|0|2|0|8375|8|0|1|255|100|10|0|148534.498761978|147221.977484489|0|0|2|1|3|100|1|1
83767.071427|0|1|0|8376|7|0|2|255|150|10|0|146474.02988411|143862.991346199|0|0|3|1|3|100|1|1
83845.071427|0|2|0|8384|5|0|1|255|150|10|0|152901.881681852|149717.435787633|0|0|3|1|3|100|1|1
83867.071427|0|1|0|8386|7|0|2|255|150|10|0|136885.457880581|135165.899008184|0|0|3|1|3|100|1|1
83945.071427|0|2|0|8394|5|0|1|255|150|10|0|156379.614393794|156145.074796623|0|0|3|1|3|100|1|1
83967.071427|0|1|0|8396|7|0|2|255|150|10|0|206922.219823386|200991.590055133|0|0|3|1|3|100|1|1
84045.071427|0|2|0|8404|5|0|1|255|150|10|0|258842.984369319|255683.119453693|0|0|3|1|3|100|1|1
84067.071427|0|1|0|8406|7|0|2|255|150|10|0|161640.07910012|159638.614694643|0|0|3|1|3|100|1|1
84145.071427|0|2|0|8414|5|0|1|255|150|10|0|110756.298056844|105314.000190763|0|0|3|1|3|100|1|1
84167.071427|0|1|0|8416|7|0|2|255|150|10|0|180952.505351155|179225.939765921|0|0|3|1|3|100|1|1
84245.071427|0|2|0|8424|5|0|1|255|150|10|0|212716.582152024|210837.504981086|0|0|3|1|3|100|1|1
84267.071427|0|1|0|8426|7|0|2|255|150|10|0|154465.788777969|152594.580079835|0|0|3|1|3|100|1|1
84345.071427|0|2|0|8434|5|0|1|255|150|10|0|170716.564513754|168424.939621279|0|0|3|1|3|100|1|1
84367.071427|0|1|0|8436|7|0|2|255|150|10|0|204126.665751593|203371.489866187|0|0|3|1|3|100|1|1
84445.071427|0|2|0|8444|5|0|1|255|150|10|0|160667.366709405|158896.586964864|0|0|3|1|3|100|1|1
84449.071427|0|2|0|8444|9|0|1|255|150|10|0|181647.736504941|180572.307248362|0|0|3|1|3|100|1|1
84457.071427|0|1|0|8445|7|0|2|255|50|10|0|229175.497149185|226270.642175706|0|0|1|1|3|100|1|1
84469.071427|0|1|0|8446|9|0|2|255|150|10|0|102302.448166419|102008.476880748|0|0|3|1|3|100|1|1
84539.071427|0|2|0|8453|9|0|1|255|150|10|0|125150.282051035|122056.370447979|0|0|3|1|3|100|1|1
84569.071427|0|1|0|8456|9|0|2|255|150|10|0|188376.326127859|186970.665640448|0|0|3|1|3|100|1|1
84639.071427|0|2|0|8463|9|0|1|255|150|10|0|216449.842626018|215762.815294881|0|0|3|1|3|100|1|1
84669.071427|0|1|0|8466|9|0|2|255|150|10|0|252729.282304843|251731.456482135|0|0|3|1|3|100|1|1
84739.071427|0|2|0|8473|9|0|1|255|150|10|0|173223.078344375|168509.747654002|0|0|3|1|3|100|1|1
84769.071427|0|1|0|8476|9|0|2|255|150|10|0|148366.01512769|143850.987865631|0|0|3|1|3|100|1|1
84839.071427|0|2|0|8483|9|0|1|255|150|10|0|155195.419197113|151092.841869268|0|0|3|1|3|100|1|1
84869.071427|0|1|0|8486|9|0|2|255|150|10|0|136891.433114166|129551.926612933|0|0|3|1|3|100|1|1
84939.071427|0|2|0|8493|9|0|1|255|150|10|0|183093.561750767|182749.081692882|0|0|3|1|3|100|1|1
84969.071427|0|1|0|8496|9|0|2|255|150|10|0|285349.503157225|281474.434127593|0|0|3|1|3|100|1|1
85039.071427|0|2|0|8503|9|0|1|255|150|10|0|176144.911002121|174889.928380109|0|0|3|1|3|100|1|1
85069.071427|0|1|0|8506|9|0|2|255|150|10|0|143856.710283582|141100.648238727|0|0|3|1|3|100|1|1
85139.071427|0|2|0|8513|9|0|1|255|150|10|0|175115.750493593|174696.238015537|0|0|3|1|3|100|1|1
85169.071427|0|1|0|8516|9|0|2|255|150|10|0|144848.854904625|144386.665556451|0|0|3|1|3|100|1|1
85239.071427|0|2|0|8523|9|0|1|255|150|10|0|120227.760517884|116620.249324737|0|0|3|1|3|100|1|1
85269.071427|0|1|0|8526|9|0|2|255|150|10|0|262274.409826596|262089.357797326|0|0|3|1|3|100|1|1
85339.071427|0|2|0|8533|9|0|1|255|150|10|0|228764.279436862|226727.776278104|0|0|3|1|3|100|1|1
85369.071427|0|1|0|8536|9|0|2|255|150|10|0|135268.094066221|128564.339933761|0|0|3|1|3|100|1|1
85439.071427|0|2|0|8543|9|0|1|255|150|10|0|212569.076276229|210632.002457915|0|0|3|1|3|100|1|1
85449.071427|0|1|0|8544|9|0|2|255|0|10|0|153684.424573614|149691.451489406|0|0|0|1|3|100|1|1
85457.071427|0|2|0|8545|7|0|1|255|150|10|0|258540.616073992|255746.373156594|0|0|3|1|3|100|1|1
85469.071427|0|1|0|8546|9|0|2|255|0|10|0|238779.240040288|232921.286892943|0|0|0|1|3|100|1|1
85545.071427|0|2|0|8554|5|0|1|255|100|10|0|239977.830465076|234668.474819741|0|0|2|1|3|100|1|1
85549.071427|0|1|0|8554|9|0|2|255|0|10|0|235653.453864674|235230.221115568|0|0|0|1|3|100|1|1
85557.071427|0|2|0|8555|7|0|1|255|50|10|0|87426.4080830767|87248.9075634802|0|0|1|1|3|100|1|1
85569.071427|0|1|0|8556|9|0|2|255|0|10|0|232625.970261065|230943.369192062|0|0|0|1|3|100|1|1
85645.071427|0|2|0|8564|5|0|1|255|100|10|0|147848.866881138|147802.033087451|0|0|2|1|3|100|1|1
85649.071427|0|1|0|8564|9|0|2|255|0|10|0|146803.060863361|142952.017589231|0|0|0|1|3|100|1|1
85657.071427|0|2|0|8565|7|0|1|255|50|10|0|253684.973876083|248356.139738773|0|0|1|1|3|100|1|1
85669.071427|0|1|0|8566|9|0|2|255|0|10|0|124146.567704459|121764.59025365|0|0|0|1|3|100|1|1
85745.071427|0|2|0|8574|5|0|1|255|100|10|0|115589.826166144|114180.99744498|0|0|2|1|3|100|1|1
85749.071427|0|1|0|8574|9|0|2|255|0|10|0|153305.910988824|147566.502777513|0|0|0|1|3|100|1|1
85757.071427|0|2|0|8575|7|0|1|255|50|10|0|158418.67911523|155933.060743729|0|0|1|1|3|100|1|1
85769.071427|0|1|0|8576|9|0|2|255|0|10|0|145935.406541007|141457.552176085|0|0|0|1|3|100|1|1
85845.071427|0|2|0|8584|5|0|1|255|100|10|0|256177.141756589|254459.246080782|0|0|2|1|3|100|1|1
85849.071427|0|1|0|8584|9|0|2|255|0|10|0|227598.836948296|226422.646712816|0|0|0|1|3|100|1|1
85857.071427|0|2|0|8585|7|0|1|255|50|10|0|192983.44912229|192317.950412795|0|0|1|1|3|100|1|1
85869.071427|0|1|0|8586|9|0|2|255|0|10|0|282751.564518876|282470.13558404|0|0|0|1|3|100|1|1
85945.071427|0|2|0|8594|5|0|1|255|100|10|0|136856.613726061|134416.012069835|0|0|2|1|3|100|1|1
85949.071427|0|1|0|8594|9|0|2|255|0|10|0|166939.809691648|166329.024065878|0|0|0|1|3|100|1|1
85957.071427|0|2|0|8595|7|0|1|255|50|10|0|128635.392245528|128448.623024593|0|0|1|1|3|100|1|1
85969.071427|0|1|0|8596|9|0|2|255|0|10|0|79590.1792817896|78150.5522589006|0|0|0|1|3|100|1|1
86045.071427|0|2|0|8604|5|0|1|255|100|10|0|185164.809014774|180547.967692334|0|0|2|1|3|100|1|1
86049.071427|0|1|0|8604|9|0|2|255|0|10|0|132389.652455741|131134.125384686|0|0|0|1|3|100|1|1
86057.071427|0|2|0|8605|7|0|1|255|50|10|0|226853.246023213|221921.264938208|0|0|1|1|3|100|1|1
86069.071427|0|1|0|8606|9|0|2|255|0|10|0|190429.092607885|189813.410795253|0|0|0|1|3|100|1|1
86145.071427|0|2|0|8614|5|0|1|255|100|10|0|179480.997394618|177546.66003362|0|0|2|1|3|100|1|1
86149.071427|0|1|0|8614|9|0|2|255|0|10|0|285000.407073857|280510.025361092|0|0|0|1|3|100|1|1
86157.071427|0|2|0|8615|7|0|1|255|50|10|0|145019.629210432|140593.157365616|0|0|1|1|3|100|1|1
86169.071427|0|1|0|8616|9|0|2|255|0|10|0|197560.916278006|195831.487736737|0|0|0|1|3|100|1|1
86245.071427|0|2|0|8624|5|0|1|255|100|10|0|170502.924951647|168073.004567087|0|0|2|1|3|100|1|1
86249.071427|0|1|0|8624|9|0|2|255|0|10|0|109540.684200006|109305.588794542|0|0|0|1|3|100|1|1
86257.071427|0|2|0|8625|7|0|1|255|50|10|0|172128.566446021|171671.003991943|0|0|1|1|3|100|1|1
86269.071427|0|1|0|8626|9|0|2|255|0|10|0|213759.656900306|211000.488029486|0|0|0|1|3|100|1|1
86345.071427|0|2|0|8634|5|0|1|255|100|10|0|131251.195127634|128338.360917047|0|0|2|1|3|100|1|1
86349.071427|0|1|0|8634|9|0|2|255|0|10|0|139906.347778109|138139.407163573|0|0|0|1|3|100|1|1
86357.071427|0|2|0|8635|7|0|1|255|50|10|0|158585.667447906|156572.598286926|0|0|1|1|3|100|1|1
86369.071427|0|1|0|8636|9|0|2|255|0|10|0|94726.8893420188|94637.8414199397|0|0|0|1|3|100|1|1
86446.071427|0|2|0|8644|6|0|1|255|0|10|0|200768.259569859|196843.516981748|0|0|0|1|3|100|1|1
86457.071427|0|2|0|8645|7|0|1|255|100|10|0|277198.714865844|274470.19679933|0|0|2|1|3|100|1|1
86464.071427|0|1|0|8646|4|0|2|255|150|10|0|118925.993067817|115687.247047861|0|0|3|1|3|100|1|1
86478.071427|0|1|0|8647|8|0|2|255|0|10|0|162339.229541007|161101.070168698|0|0|0|1|3|100|1|1
86546.071427|0|2|0|8654|6|0|1|255|0|10|0|264992.5694832|264665.75303882|0|0|0|1|3|100|1|1
86557.071427|0|2|0|8655|7|0|1|255|100|10|0|97366.5255796248|95569.3569854489|0|0|2|1|3|100|1|1
86564.071427|0|1|0|8656|4|0|2|255|150|10|0|249387.409316746|242618.118496025|0|0|3|1|3|100|1|1
86578.071427|0|1|0|8657|8|0|2|255|0|10|0|97114.2714568659|95543.5148124904|0|0|0|1|3|100|1|1
86646.071427|0|2|0|8664|6|0|1|255|0|10|0|90201.8511062072|88943.9520890459|0|0|0|1|3|100|1|1
86657.071427|0|2|0|8665|7|0|1|255|100|10|0|217182.709983745|212220.604457283|0|0|2|1|3|100|1|1
86664.071427|0|1|0|8666|4|0|2|255|150|10|0|178466.041966985|177876.660312577|0|0|3|1|3|100|1|1
86678.071427|0|1|0|8667|8|0|2|255|0|10|0|250009.242785505|246978.985532927|0|0|0|1|3|100|1|1
86746.071427|0|2|0|8674|6|0|1|255|0|10|0|172511.073445799|171334.360100804|0|0|0|1|3|100|1|1
86757.071427|0|2|0|8675|7|0|1|255|100|10|0|180027.178573601|179727.262928189|0|0|2|1|3|100|1|1
86764.071427|0|1|0|8676|4|0|2|255|150|10|0|94980.5178273373|93510.7773886325|0|0|3|1|3|100|1|1
86778.071427|0|1|0|8677|8|0|2|255|0|10|0|170933.924779107|165545.585092923|0|0|0|1|3|100|1|1
86846.071427|0|2|0|8684|6|0|1|255|0|10|0|312776.532811313|309138.625815581|0|0|0|1|3|100|1|1
86857.071427|0|2|0|8685|7|0|1|255|100|10|0|121798.065430784|120139.613438566|0|0|2|1|3|100|1|1
86864.071427|0|1|0|8686|4|0|2|255|150|10|0|249497.211907147|245027.207263997|0|0|3|1|3|100|1|1
86878.071427|0|1|0|8687|8|0|2|255|0|10|0|144728.577406348|143288.302326819|0|0|0|1|3|100|1|1
86944.071427|0|2|0|8694|4|0|1|255|100|10|0|178416.561440243|177531.551804684|0|0|2|1|3|100|1|1
86949.071427|0|2|0|8694|9|0|1|255|100|10|0|103372.300830631|102981.948957331|0|0|2|1|3|100|1|1
86964.071427|0|1|0|8696|4|0|2|255|150|10|0|191867.455528164|186483.26014695|0|0|3|1|3|100|1|1
86978.071427|0|1|0|8697|8|0|2|255|0|10|0|160687.347290445|159180.048044482|0|0|0|1|3|100|1|1
87044.071427|0|2|0|8704|4|0|1|255|100|10|0|92617.1387472575|91398.8163997406|0|0|2|1|3|100|1|1
87049.071427|0|2|0|8704|9|0|1|255|100|10|0|268252.606408801|265607.666052378|0|0|2|1|3|100|1|1
87064.071427|0|1|0|8706|4|0|2|255|150|10|0|180264.251433467|177441.905741054|0|0|3|1|3|100|1|1
87078.071427|0|1|0|8707|8|0|2|255|0|10|0|228362.545011604|224445.795455606|0|0|0|1|3|100|1|1
87144.071427|0|2|0|8714|4|0|1|255|100|10|0|291321.074698599|287844.727399596|0|0|2|1|3|100|1|1
87149.071427|0|2|0|8714|9|0|1|255|100|10|0|171219.271308821|171178.006236337|0|0|2|1|3|100|1|1
87164.071427|0|1|0|8716|4|0|2|255|150|10|0|119622.70143483|117321.161122818|0|0|3|1|3|100|1|1
87178.071427|0|1|0|8717|8|0|2|255|0|10|0|134357.908460228|130956.14556187|0|0|0|1|3|100|1|1
87244.071427|0|2|0|8724|4|0|1|255|100|10|0|184655.789925598|183217.863280655|0|0|2|1|3|100|1|1
87268.071427|0|1|0|8726|8|0|2|255|150|10|0|287753.030111605|284571.851148335|0|0|3|1|3|100|1|1
87344.071427|0|2|0|8734|4|0|1|255|100|10|0|83143.9293760984|81527.5466833277|0|0|2|1|3|100|1|1
87368.071427|0|1|0|8736|8|0|2|255|150|10|0|80892.9073504851|80087.7894009|0|0|3|1|3|100|1|1
87437.071427|0|2|0|8743|7|0|1|255|100|10|0|197829.168411207|197153.537062855|0|0|2|1|3|100|1|1
87449.071427|0|1|0|8744|9|0|2|255|150|10|0|181700.964736034|181097.674041561|0|0|3|1|3|100|1|1
87457.071427|0|2|0|8745|7|0|1|255|50|10|0|101596.283002452|99332.4715566363|0|0|1|1|3|100|1|1
87468.071427|0|1|0|8746|8|0|2|255|150|10|0|246184.640533675|245828.103027928|0|0|3|1|3|100|1|1
87537.071427|0|2|0|8753|7|0|1|255|100|10|0|173594.256288547|173416.503092289|0|0|2|1|3|100|1|1
87549.071427|0|1|0|8754|9|0|2|255|150|10|0|117322.770407724|115950.792142556|0|0|3|1|3|100|1|1
87557.071427|0|2|0|8755|7|0|1|255|50|10|0|183970.29333785|181688.652107585|0|0|1|1|3|100|1|1
87568.071427|0|1|0|8756|8|0|2|255|150|10|0|193808.20729742|189366.925603036|0|0|3|1|3|100|1|1
87637.071427|0|2|0|8763|7|0|1|255|100|10|0|145226.215307577|140688.65474486|0|0|2|1|3|100|1|1
87649.071427|0|1|0|8764|9|0|2|255|150|10|0|198825.321229873|196598.684335681|0|0|3|1|3|100|1|1
87657.071427|0|2|0|8765|7|0|1|255|50|10|0|286654.456966289|285130.035007359|0|0|1|1|3|100|1|1
87668.071427|0|1|0|8766|8|0|2|255|150|10|0|120284.096351981|118477.222491856|0|0|3|1|3|100|1|1
87737.071427|0|2|0|8773|7|0|1|255|100|10|0|191934.196775553|187203.634622335|0|0|2|1|3|100|1|1
87749.071427|0|1|0|8774|9|0|2|255|150|10|0|213970.392621291|210974.546529183|0|0|3|1|3|100|1|1
87757.071427|0|2|0|8775|7|0|1|255|50|10|0|64385.6494368331|62657.519790535|0|0|1|1|3|100|1|1
87768.071427|0|1|0|8776|8|0|2|255|150|10|0|193936.966698095|187833.140746318|0|0|3|1|3|100|1|1
87837.071427|0|2|0|8783|7|0|1|255|100|10|0|169922.785165336|169106.202234333|0|0|2|1|3|100|1|1
87849.071427|0|1|0|8784|9|0|2|255|150|10|0|126994.613858557|125849.761394432|0|0|3|1|3|100|1|1
87857.071427|0|2|0|8785|7|0|1|255|50|10|0|231362.380552454|228129.042917111|0|0|1|1|3|100|1|1
87868.071427|0|1|0|8786|8|0|2|255|150|10|0|297896.173667749|291670.970045529|0|0|3|1|3|100|1|1
87937.071427|0|2|0|8793|7|0|1|255|100|10|0|197459.277941754|195004.007746668|0|0|2|1|3|100|1|1
87966.071427|0|1|0|8796|6|0|2|255|100|10|0|105589.052616333|103087.296825395|0|0|2|1|3|100|1|1
88037.071427|0|2|0|8803|7|0|1|255|100|10|0|142788.539535067|136294.804881964|0|0|2|1|3|100|1|1
88066.071427|0|1|0|8806|6|0|2|255|100|10|0|169944.546024407|162783.361603271|0|0|2|1|3|100|1|1
88138.071427|0|2|0|8813|8|0|1|255|0|10|0|262343.215181772|258730.820293256|0|0|0|1|3|100|1|1
88157.071427|0|1|0|8815|7|0|2|255|0|10|0|224515.104609181|217243.188424634|0|0|0|1|3|100|1|1
88158.071427|0|2|0|8815|8|0|1|255|50|10|0|137409.755298381|133888.380347793|0|0|1|1|3|100|1|1
88166.071427|0|1|0|8816|6|0|2|255|100|10|0|268868.482502785|266996.215113619|0|0|2|1|3|100|1|1
88238.071427|0|2|0|8823|8|0|1|255|0|10|0|202058.539041634|201642.503366991|0|0|0|1|3|100|1|1
88257.071427|0|1|0|8825|7|0|2|255|0|10|0|179248.569037897|175446.291081328|0|0|0|1|3|100|1|1
88258.071427|0|2|0|8825|8|0|1|255|50|10|0|225086.186534277|220471.340703134|0|0|1|1|3|100|1|1
88266.071427|0|1|0|8826|6|0|2|255|100|10|0|132769.913991312|131065.432903251|0|0|2|1|3|100|1|1
88338.071427|0|2|0|8833|8|0|1|255|0|10|0|74158.5629007988|72745.0723051798|0|0|0|1|3|100|1|1
88357.071427|0|1|0|8835|7|0|2|255|0|10|0|183684.333469515|182099.598050244|0|0|0|1|3|100|1|1
88358.071427|0|2|0|8835|8|0|1|255|50|10|0|168935.365856277|162816.086520475|0|0|1|1|3|100|1|1
88366.071427|0|1|0|8836|6|0|2|255|100|10|0|138605.81264059|136774.305666804|0|0|2|1|3|100|1|1
88438.071427|0|2|0|8843|8|0|1|255|0|10|0|241258.005655391|238079.029723965|0|0|0|1|3|100|1|1
88457.071427|0|1|0|8845|7|0|2|255|0|10|0|170782.518132025|170006.860073391|0|0|0|1|3|100|1|1
88458.071427|0|2|0|8845|8|0|1|255|50|10|0|171121.480987553|168727.191490957|0|0|1|1|3|100|1|1
88466.071427|0|1|0|8846|6|0|2|255|100|10|0|306457.728302141|306044.526684777|0|0|2|1|3|100|1|1
88538.071427|0|2|0|8853|8|0|1|255|0|10|0|253268.078863099|251107.030310636|0|0|0|1|3|100|1|1
88568.071427|0|1|0|8856|8|0|2|255|0|10|0|112999.35975964|111206.008594762|0|0|0|1|3|100|1|1
88638.071427|0|2|0|8863|8|0|1|255|50|10|0|76853.7335865671|74989.4530692252|0|0|1|1|3|100|1|1
88648.071427|0|2|0|8864|8|0|1|255|50|10|0|188771.350900378|185044.375275683|0|0|1|1|3|100|1|1
88658.071427|0|1|0|8865|8|0|2|255|0|10|0|166918.936158521|165344.226653371|0|0|0|1|3|100|1|1
88668.071427|0|1|0|8866|8|0|2|255|0|10|0|202017.912917879|201125.461826251|0|0|0|1|3|100|1|1
88738.071427|0|2|0|8873|8|0|1|255|50|10|0|233669.559380979|232698.221081242|0|0|1|1|3|100|1|1
88748.071427|0|2|0|8874|8|0|1|255|50|10|0|260160.749224877|258643.90600848|0|0|1|1|3|100|1|1
88758.071427|0|1|0|8875|8|0|2|255|0|10|0|170670.791896487|169714.946422337|0|0|0|1|3|100|1|1
88768.071427|0|1|0|8876|8|0|2|255|0|10|0|161995.488824759|158598.530531883|0|0|0|1|3|100|1|1
88838.071427|0|2|0|8883|8|0|1|255|50|10|0|263003.17784119|261937.05670031|0|0|1|1|3|100|1|1
88848.071427|0|2|0|8884|8|0|1|255|50|10|0|70045.1536055855|69144.4272174911|0|0|1|1|3|100|1|1
88858.071427|0|1|0|8885|8|0|2|255|0|10|0|199505.577429245|197130.067294928|0|0|0|1|3|100|1|1
88868.071427|0|1|0|8886|8|0|2|255|0|10|0|163953.352039003|162962.977948108|0|0|0|1|3|100|1|1
88938.071427|0|2|0|8893|8|0|1|255|50|10|0|89626.329907906|86270.1158611288|0|0|1|1|3|100|1|1
88948.071427|0|2|0|8894|8|0|1|255|50|10|0|250335.13532009|245220.681881674|0|0|1|1|3|100|1|1
88958.071427|0|1|0|8895|8|0|2|255|0|10|0|191609.292234582|185036.387882984|0|0|0|1|3|100|1|1
88968.071427|0|1|0|8896|8|0|2|255|0|10|0|205300.669706377|203454.230017965|0|0|0|1|3|100|1|1
89038.071427|0|2|0|8903|8|0|1|255|50|10|0|184886.534532928|183320.358618828|0|0|1|1|3|100|1|1
89048.071427|0|2|0|8904|8|0|1|255|50|10|0|243738.658880647|242382.810432852|0|0|1|1|3|100|1|1
89058.071427|0|1|0|8905|8|0|2|255|150|10|0|144926.520662309|142677.699588489|0|0|3|1|3|100|1|1
89077.071427|0|1|0|8907|7|0|2|255|0|10|0|109260.481655472|108592.683310761|0|0|0|1|3|100|1|1
89138.071427|0|2|0|8913|8|0|1|255|50|10|0|246533.441559251|243918.995306918|0|0|1|1|3|100|1|1
89148.071427|0|2|0|8914|8|0|1|255|50|10|0|61997.2805647945|59995.4450411301|0|0|1|1|3|100|1|1
89158.071427|0|1|0|8915|8|0|2|255|150|10|0|158431.7610107|153368.86987196|0|0|3|1|3|100|1|1
89177.071427|0|1|0|8917|7|0|2|255|0|10|0|191503.840902247|189960.836942377|0|0|0|1|3|100|1|1
89238.071427|0|2|0|8923|8|0|1|255|50|10|0|110936.954458977|109074.847385284|0|0|1|1|3|100|1|1
89248.071427|0|2|0|8924|8|0|1|255|50|10|0|213463.263761356|209544.935765017|0|0|1|1|3|100|1|1
89258.071427|0|1|0|8925|8|0|2|255|150|10|0|285465.867741101|284390.955436669|0|0|3|1|3|100|1|1
89277.071427|0|1|0|8927|7|0|2|255|0|10|0|208075.234068683|204180.796716035|0|0|0|1|3|100|1|1
89338.071427|0|2|0|8933|8|0|1|255|50|10|0|237168.128831929|232958.247027982|0|0|1|1|3|100|1|1
89348.071427|0|2|0|8934|8|0|1|255|50|10|0|295659.03780187|294694.572186633|0|0|1|1|3|100|1|1
89358.071427|0|1|0|8935|8|0|2|255|150|10|0|88160.1689207363|87779.6464863274|0|0|3|1|3|100|1|1
89377.071427|0|1|0|8937|7|0|2|255|0|10|0|118911.017608239|116806.475510037|0|0|0|1|3|100|1|1
89438.071427|0|2|0|8943|8|0|1|255|50|10|0|185086.282273081|179271.908970027|0|0|1|1|3|100|1|1
89448.071427|0|2|0|8944|8|0|1|255|50|10|0|78989.4495695911|78163.8625811476|0|0|1|1|3|100|1|1
89458.071427|0|1|0|8945|8|0|2|255|150|10|0|198534.237843749|193313.990944551|0|0|3|1|3|100|1|1
89477.071427|0|1|0|8947|7|0|2|255|0|10|0|193933.851103356|190607.364350256|0|0|0|1|3|100|1|1
89538.071427|0|2|0|8953|8|0|1|255|50|10|0|132673.207861335|132220.142633994|0|0|1|1|3|100|1|1
89548.071427|0|2|0|8954|8|0|1|255|50|10|0|185485.435835164|185358.297011538|0|0|1|1|3|100|1|1
89558.071427|0|1|0|8955|8|0|2|255|150|10|0|241296.88062021|237496.629564629|0|0|3|1|3|100|1|1
89577.071427|0|1|0|8957|7|0|2|255|0|10|0|198802.623111941|197027.958015267|0|0|0|1|3|100|1|1
89638.071427|0|2|0|8963|8|0|1|255|50|10|0|166871.562635436|166336.184252637|0|0|1|1|3|100|1|1
89648.071427|0|2|0|8964|8|0|1|255|50|10|0|275129.086109113|270913.236293715|0|0|1|1|3|100|1|1
89658.071427|0|1|0|8965|8|0|2|255|150|10|0|98298.8687382249|94011.8755990062|0|0|3|1|3|100|1|1
89677.071427|0|1|0|8967|7|0|2|255|0|10|0|158596.864406352|157920.827121287|0|0|0|1|3|100|1|1
89738.071427|0|2|0|8973|8|0|1|255|50|10|0|254382.766299019|248186.754491965|0|0|1|1|3|100|1|1
89748.071427|0|2|0|8974|8|0|1|255|50|10|0|95192.7270303599|91043.8919069664|0|0|1|1|3|100|1|1
89758.071427|0|1|0|8975|8|0|2|255|150|10|0|205420.956989582|200321.014312651|0|0|3|1|3|100|1|1
89777.071427|0|1|0|8977|7|0|2|255|0|10|0|136509.409754455|131089.466757567|0|0|0|1|3|100|1|1
89838.071427|0|2|0|8983|8|0|1|255|50|10|0|99468.2099880625|97076.5812729662|0|0|1|1|3|100|1|1
89848.071427|0|2|0|8984|8|0|1|255|50|10|0|169219.150298331|168508.596047397|0|0|1|1|3|100|1|1
89858.071427|0|1|0|8985|8|0|2|255|150|10|0|300670.381568915|299769.273375638|0|0|3|1|3|100|1|1
89877.071427|0|1|0|8987|7|0|2|255|0|10|0|230854.866940848|225063.16534503|0|0|0|1|3|100|1|1
89938.071427|0|2|0|8993|8|0|1|255|50|10|0|227668.713687921|224148.685480769|0|0|1|1|3|100|1|1
89948.071427|0|2|0|8994|8|0|1|255|50|10|0|274615.916843818|271769.706646967|0|0|1|1|3|100|1|1
89958.071427|0|1|0|8995|8|0|2|255|150|10|0|88445.3980392687|86972.9682216595|0|0|3|1|3|100|1|1
89977.071427|0|1|0|8997|7|0|2|255|0|10|0|137288.979852635|137216.370168408|0|0|0|1|3|100|1|1
90038.071427|0|2|0|9003|8|0|1|255|100|10|0|169280.605928262|166689.449522904|0|0|2|1|3|100|1|1
90048.071427|0|2|0|9004|8|0|1|255|0|10|0|74804.330298999|73668.0565960848|0|0|0|1|3|100|1|1
90058.071427|0|1|0|9005|8|0|2|255|150|10|0|145220.279394627|144033.280416914|0|0|3|1|3|100|1|1
90077.071427|0|1|0|9007|7|0|2|255|0|10|0|159825.397500276|158331.309903443|0|0|0|1|3|100|1|1
90138.071427|0|2|0|9013|8|0|1|255|100|10|0|198519.292891036|198166.611297879|0|0|2|1|3|100|1|1
90148.071427|0|2|0|9014|8|0|1|255|0|10|0|225421.144983944|225302.875164268|0|0|0|1|3|100|1|1
90158.071427|0|1|0|9015|8|0|2|255|150|10|0|320722.525270364|320331.466575292|0|0|3|1|3|100|1|1
90177.071427|0|1|0|9017|7|0|2|255|0|10|0|190183.028794208|188172.120844876|0|0|0|1|3|100|1|1
90238.071427|0|2|0|9023|8|0|1|255|100|10|0|118411.348918145|115247.027304911|0|0|2|1|3|100|1|1
90248.071427|0|2|0|9024|8|0|1|255|0|10|0|196164.658947809|192824.616923996|0|0|0|1|3|100|1|1
90257.071427|0|1|0|9025|7|0|2|255|0|10|0|100420.195371017|99781.9576377589|0|0|0|1|3|100|1|1
90267.071427|0|1|0|9026|7|0|2|255|150|10|0|119140.212292007|118948.630915884|0|0|3|1|3|100|1|1
90338.071427|0|2|0|9033|8|0|1|255|100|10|0|197718.142976477|193489.748369628|0|0|2|1|3|100|1|1
90348.071427|0|2|0|9034|8|0|1|255|0|10|0|167552.047788083|164525.649702299|0|0|0|1|3|100|1|1
90357.071427|0|1|0|9035|7|0|2|255|0|10|0|233987.357477697|228878.164005486|0|0|0|1|3|100|1|1
90367.071427|0|1|0|9036|7|0|2|255|150|10|0|285408.149919326|281934.82252972|0|0|3|1|3|100|1|1
90438.071427|0|2|0|9043|8|0|1|255|100|10|0|166534.868663514|165505.720446402|0|0|2|1|3|100|1|1
90448.071427|0|2|0|9044|8|0|1|255|0|10|0|121226.266929866|121184.788169706|0|0|0|1|3|100|1|1
90457.071427|0|1|0|9045|7|0|2|255|0|10|0|204794.182100675|201667.210512601|0|0|0|1|3|100|1|1
90467.071427|0|1|0|9046|7|0|2|255|150|10|0|134109.12672732|133900.291683821|0|0|3|1|3|100|1|1
90538.071427|0|2|0|9053|8|0|1|255|100|10|0|213859.026904858|212840.195448426|0|0|2|1|3|100|1|1
90548.071427|0|2|0|9054|8|0|1|255|0|10|0|222761.448635242|218615.48611155|0|0|0|1|3|100|1|1
90557.071427|0|1|0|9055|7|0|2|255|0|10|0|163602.142329289|159220.950010131|0|0|0|1|3|100|1|1
90567.071427|0|1|0|9056|7|0|2|255|150|10|0|121680.793099947|121135.956413977|0|0|3|1|3|100|1|1
90638.071427|0|2|0|9063|8|0|1|255|100|10|0|111046.66593635|109245.098028416|0|0|2|1|3|100|1|1
90648.071427|0|2|0|9064|8|0|1|255|0|10|0|168383.482567943|162325.674931258|0|0|0|1|3|100|1|1
90657.071427|0|1|0|9065|7|0|2|255|0|10|0|147553.596268588|143491.83851178|0|0|0|1|3|100|1|1
90667.071427|0|1|0|9066|7|0|2|255|150|10|0|332265.21661995|330694.689830542|0|0|3|1|3|100|1|1
90738.071427|0|2|0|9073|8|0|1|255|100|10|0|279312.223438593|274294.348168596|0|0|2|1|3|100|1|1
90748.071427|0|2|0|9074|8|0|1|255|0|10|0|125580.463464686|124746.068874772|0|0|0|1|3|100|1|1
90757.071427|0|1|0|9075|7|0|2|255|0|10|0|230121.183384681|227701.39940988|0|0|0|1|3|100|1|1
90767.071427|0|1|0|9076|7|0|2|255|150|10|0|125338.592895761|122389.118009076|0|0|3|1|3|100|1|1
90838.071427|0|2|0|9083|8|0|1|255|100|10|0|114117.222177657|113236.860230232|0|0|2|1|3|100|1|1
90848.071427|0|2|0|9084|8|0|1|255|0|10|0|203176.365077192|201831.370932518|0|0|0|1|3|100|1|1
90857.071427|0|1|0|9085|7|0|2|255|0|10|0|124782.169744192|121368.986766073|0|0|0|1|3|100|1|1
90867.071427|0|1|0|9086|7|0|2|255|150|10|0|101461.521692566|96338.0196789519|0|0|3|1|3|100|1|1
90938.071427|0|2|0|9093|8|0|1|255|100|10|0|137242.055890981|136492.94119806|0|0|2|1|3|100|1|1
90947.071427|0|2|0|9094|7|0|1|255|150|10|0|194439.686474408|191861.389672623|0|0|3|1|3|100|1|1
90957.071427|0|1|0|9095|7|0|2|255|0|10|0|180098.380337699|178731.451340736|0|0|0|1|3|100|1|1
90967.071427|0|1|0|9096|7|0|2|255|150|10|0|275603.791705712|271924.8385406|0|0|3|1|3|100|1|1
91038.071427|0|2|0|9103|8|0|1|255|100|10|0|266628.083295672|261893.136050309|0|0|2|1|3|100|1|1
91047.071427|0|2|0|9104|7|0|1|255|150|10|0|152392.26901825|145791.939379944|0|0|3|1|3|100|1|1
91057.071427|0|1|0|9105|7|0|2|255|0|10|0|199821.403892976|199047.975194245|0|0|0|1|3|100|1|1
91069.071427|0|1|0|9106|9|0|2|255|100|10|0|177829.724104521|177712.081214268|0|0|2|1|3|100|1|1
91138.071427|0|2|0|9113|8|0|1|255|100|10|0|198034.902949676|192002.670505531|0|0|2|1|3|100|1|1
91147.071427|0|2|0|9114|7|0|1|255|150|10|0|179082.971027361|175070.34946263|0|0|3|1|3|100|1|1
91157.071427|0|1|0|9115|7|0|2|255|0|10|0|173060.722643727|169595.761971928|0|0|0|1|3|100|1|1
91169.071427|0|1|0|9116|9|0|2|255|100|10|0|136495.831552662|130500.15911284|0|0|2|1|3|100|1|1
91238.071427|0|2|0|9123|8|0|1|255|100|10|0|106239.406065597|103233.516764009|0|0|2|1|3|100|1|1
91247.071427|0|2|0|9124|7|0|1|255|150|10|0|154689.37945946|153861.960333085|0|0|3|1|3|100|1|1
91257.071427|0|1|0|9125|7|0|2|255|0|10|0|132491.479292373|130384.502011205|0|0|0|1|3|100|1|1
91269.071427|0|1|0|9126|9|0|2|255|100|10|0|225189.499913562|222547.608252416|0|0|2|1|3|100|1|1
91338.071427|0|2|0|9133|8|0|1|255|100|10|0|253164.491538683|249670.184206017|0|0|2|1|3|100|1|1
91347.071427|0|2|0|9134|7|0|1|255|150|10|0|228639.503753272|226838.416623036|0|0|3|1|3|100|1|1
91357.071427|0|1|0|9135|7|0|2|255|0|10|0|163138.430201203|161207.941586864|0|0|0|1|3|100|1|1
91369.071427|0|1|0|9136|9|0|2|255|100|10|0|164655.238609901|162334.717546024|0|0|2|1|3|100|1|1
91438.071427|0|2|0|9143|8|0|1|255|100|10|0|181450.142432106|180788.577806229|0|0|2|1|3|100|1|1
91447.071427|0|2|0|9144|7|0|1|255|150|10|0|98492.4376692069|97812.1507054984|0|0|3|1|3|100|1|1
91457.071427|0|1|0|9145|7|0|2|255|0|10|0|235243.977753589|234937.552991686|0|0|0|1|3|100|1|1
91469.071427|0|1|0|9146|9|0|2|255|100|10|0|171267.223000852|167262.631540408|0|0|2|1|3|100|1|1
91538.071427|0|2|0|9153|8|0|1|255|100|10|0|129552.124818799|124346.20564844|0|0|2|1|3|100|1|1
91547.071427|0|2|0|9154|7|0|1|255|150|10|0|278372.505125691|277188.52406323|0|0|3|1|3|100|1|1
91557.071427|0|1|0|9155|7|0|2|255|0|10|0|146008.755275889|144884.122784431|0|0|0|1|3|100|1|1
91569.071427|0|1|0|9156|9|0|2|255|100|10|0|146460.389575256|144539.325118712|0|0|2|1|3|100|1|1
91638.071427|0|2|0|9163|8|0|1|255|100|10|0|245452.093134718|243137.576479254|0|0|2|1|3|100|1|1
91647.071427|0|2|0|9164|7|0|1|255|150|10|0|152943.270127035|150292.747971947|0|0|3|1|3|100|1|1
91657.071427|0|1|0|9165|7|0|2|255|0|10|0|125878.054467512|121849.743691834|0|0|0|1|3|100|1|1
91669.071427|0|1|0|9166|9|0|2|255|100|10|0|218120.247214223|214516.544474342|0|0|2|1|3|100|1|1
91738.071427|0|2|0|9173|8|0|1|255|100|10|0|191348.974553256|186660.39130791|0|0|2|1|3|100|1|1
91747.071427|0|2|0|9174|7|0|1|255|150|10|0|115234.233581713|115051.671777301|0|0|3|1|3|100|1|1
91764.071427|0|1|0|9176|4|0|2|255|0|10|0|106331.665251163|105681.037210703|0|0|0|1|3|100|1|1
91769.071427|0|1|0|9176|9|0|2|255|50|10|0|156466.167370748|153637.740751198|0|0|1|1|3|100|1|1
91837.071427|0|2|0|9183|7|0|1|255|0|10|0|135943.873470315|133501.761247379|0|0|0|1|3|100|1|1
91848.071427|0|2|0|9184|8|0|1|255|50|10|0|264305.395129736|262283.929004865|0|0|1|1|3|100|1|1
91864.071427|0|1|0|9186|4|0|2|255|0|10|0|211759.07114591|208677.873608239|0|0|0|1|3|100|1|1
91869.071427|0|1|0|9186|9|0|2|255|50|10|0|170155.940733078|167315.801178661|0|0|1|1|3|100|1|1
91937.071427|0|2|0|9193|7|0|1|255|0|10|0|293852.072999619|288914.868250625|0|0|0|1|3|100|1|1
91948.071427|0|2|0|9194|8|0|1|255|50|10|0|142764.210871017|140114.874641171|0|0|1|1|3|100|1|1
91964.071427|0|1|0|9196|4|0|2|255|0|10|0|181938.778941165|181582.519922665|0|0|0|1|3|100|1|1
91969.071427|0|1|0|9196|9|0|2|255|50|10|0|199110.842471839|193592.930397697|0|0|1|1|3|100|1|1
92037.071427|0|2|0|9203|7|0|1|255|0|10|0|133096.421339343|132604.840421339|0|0|0|1|3|100|1|1
92048.071427|0|2|0|9204|8|0|1|255|50|10|0|128911.151052705|128107.5087958|0|0|1|1|3|100|1|1
92064.071427|0|1|0|9206|4|0|2|255|0|10|0|135437.438731113|133681.420697831|0|0|0|1|3|100|1|1
92069.071427|0|1|0|9206|9|0|2|255|50|10|0|124785.529509379|121496.879889038|0|0|1|1|3|100|1|1
92137.071427|0|2|0|9213|7|0|1|255|0|10|0|96687.6211179149|95517.0999604428|0|0|0|1|3|100|1|1
92148.071427|0|2|0|9214|8|0|1|255|50|10|0|328336.703511518|325954.730670184|0|0|1|1|3|100|1|1
92164.071427|0|1|0|9216|4|0|2|255|0|10|0|195139.871671586|187847.03332156|0|0|0|1|3|100|1|1
92169.071427|0|1|0|9216|9|0|2|255|50|10|0|203628.038769164|201066.532814971|0|0|1|1|3|100|1|1
92237.071427|0|2|0|9223|7|0|1|255|0|10|0|285541.145974878|280506.576406262|0|0|0|1|3|100|1|1
92248.071427|0|2|0|9224|8|0|1|255|50|10|0|92665.9722016902|86947.997492062|0|0|1|1|3|100|1|1
92264.071427|0|1|0|9226|4|0|2|255|0|10|0|180374.384689317|176073.427967179|0|0|0|1|3|100|1|1
92269.071427|0|1|0|9226|9|0|2|255|50|10|0|271088.072526581|270720.904611043|0|0|1|1|3|100|1|1
92337.071427|0|2|0|9233|7|0|1|255|0|10|0|155549.648948214|153910.638937115|0|0|0|1|3|100|1|1
92348.071427|0|2|0|9234|8|0|1|255|50|10|0|181919.402248802|180692.875340624|0|0|1|1|3|100|1|1
92364.071427|0|1|0|9236|4|0|2|255|0|10|0|207778.750400583|206675.821714544|0|0|0|1|3|100|1|1
92369.071427|0|1|0|9236|9|0|2|255|50|10|0|76670.312309599|73893.6127300546|0|0|1|1|3|100|1|1
92437.071427|0|2|0|9243|7|0|1|255|0|10|0|156900.857807441|154734.525055087|0|0|0|1|3|100|1|1
92448.071427|0|2|0|9244|8|0|1|255|50|10|0|224803.807166581|221161.11980397|0|0|1|1|3|100|1|1
92464.071427|0|1|0|9246|4|0|2|255|0|10|0|115874.015889722|113128.955958498|0|0|0|1|3|100|1|1
92469.071427|0|1|0|9246|9|0|2|255|50|10|0|213326.561269449|212190.955863233|0|0|1|1|3|100|1|1
92537.071427|0|2|0|9253|7|0|1|255|0|10|0|180058.418730455|179937.745608445|0|0|0|1|3|100|1|1
92548.071427|0|2|0|9254|8|0|1|255|50|10|0|164367.47889693|163932.826144042|0|0|1|1|3|100|1|1
92564.071427|0|1|0|9256|4|0|2|255|0|10|0|193984.264684262|191391.881749042|0|0|0|1|3|100|1|1
92569.071427|0|1|0|9256|9|0|2|255|50|10|0|232322.828654447|232118.128852533|0|0|1|1|3|100|1|1
92637.071427|0|2|0|9263|7|0|1|255|0|10|0|177918.553417886|176326.842390761|0|0|0|1|3|100|1|1
92648.071427|0|2|0|9264|8|0|1|255|50|10|0|111949.257784801|111568.342363495|0|0|1|1|3|100|1|1
92664.071427|0|1|0|9266|4|0|2|255|0|10|0|183470.104396467|182933.810163386|0|0|0|1|3|100|1|1
92669.071427|0|1|0|9266|9|0|2|255|50|10|0|108438.231534202|108005.370477943|0|0|1|1|3|100|1|1
92737.071427|0|2|0|9273|7|0|1|255|0|10|0|138139.919343288|135243.831772506|0|0|0|1|3|100|1|1
92748.071427|0|2|0|9274|8|0|1|255|50|10|0|297838.587820688|292238.145693044|0|0|1|1|3|100|1|1
92764.071427|0|1|0|9276|4|0|2|255|0|10|0|174548.200002219|172542.05483596|0|0|0|1|3|100|1|1
92769.071427|0|1|0|9276|9|0|2|255|50|10|0|191608.42857939|185654.199277629|0|0|1|1|3|100|1|1
92837.071427|0|2|0|9283|7|0|1|255|0|10|0|182583.340121346|181421.655848751|0|0|0|1|3|100|1|1
92848.071427|0|2|0|9284|8|0|1|255|50|10|0|108840.831514234|106360.377502677|0|0|1|1|3|100|1|1
92864.071427|0|1|0|9286|4|0|2|255|0|10|0|131148.674215796|129843.089841509|0|0|0|1|3|100|1|1
92869.071427|0|1|0|9286|9|0|2|255|50|10|0|306251.612453762|296845.8830227|0|0|1|1|3|100|1|1
92937.071427|0|2|0|9293|7|0|1|255|0|10|0|197419.216059711|195021.859843787|0|0|0|1|3|100|1|1
92948.071427|0|2|0|9294|8|0|1|255|50|10|0|149536.359408518|146690.069401015|0|0|1|1|3|100|1|1
92964.071427|0|1|0|9296|4|0|2|255|0|10|0|287587.743108343|280096.40236377|0|0|0|1|3|100|1|1
92969.071427|0|1|0|9296|9|0|2|255|50|10|0|106664.2673255|105079.12410869|0|0|1|1|3|100|1|1
93047.071427|0|2|0|9304|7|0|1|255|0|10|0|231249.790963002|226835.84401205|0|0|0|1|3|100|1|1
93058.071427|0|2|0|9305|8|0|1|255|100|10|0|135381.528135627|129610.197550909|0|0|2|1|3|100|1|1
93064.071427|0|1|0|9306|4|0|2|255|0|10|0|97704.0429607546|96273.4032269341|0|0|0|1|3|100|1|1
93069.071427|0|1|0|9306|9|0|2|255|50|10|0|158904.223611102|157830.413270336|0|0|1|1|3|100|1|1
93147.071427|0|2|0|9314|7|0|1|255|0|10|0|194210.675732616|193166.470014244|0|0|0|1|3|100|1|1
93158.071427|0|2|0|9315|8|0|1|255|100|10|0|141748.494066811|138674.262267991|0|0|2|1|3|100|1|1
93164.071427|0|1|0|9316|4|0|2|255|0|10|0|193632.943857401|190607.401745592|0|0|0|1|3|100|1|1
93169.071427|0|1|0|9316|9|0|2|255|50|10|0|235985.484539574|232813.427141861|0|0|1|1|3|100|1|1
93247.071427|0|2|0|9324|7|0|1|255|0|10|0|110988.150034707|108802.55285798|0|0|0|1|3|100|1|1
93278.071427|0|1|0|9327|8|0|2|255|0|10|0|177886.391047979|177408.178869412|0|0|0|1|3|100|1|1
93347.071427|0|2|0|9334|7|0|1|255|0|10|0|170900.517022139|168395.615644651|0|0|0|1|3|100|1|1
93378.071427|0|1|0|9337|8|0|2|255|0|10|0|298584.493743004|296988.405912439|0|0|0|1|3|100|1|1
93447.071427|0|2|0|9344|7|0|1|255|0|10|0|211883.909965235|211341.278391814|0|0|0|1|3|100|1|1
93478.071427|0|1|0|9347|8|0|2|255|0|10|0|86682.4488145192|83338.1041748378|0|0|0|1|3|100|1|1
93547.071427|0|2|0|9354|7|0|1|255|0|10|0|186030.574215511|183285.742950485|0|0|0|1|3|100|1|1
93578.071427|0|1|0|9357|8|0|2|255|0|10|0|200448.591179665|199168.880277922|0|0|0|1|3|100|1|1
93647.071427|0|2|0|9364|7|0|1|255|0|10|0|101858.704771598|98502.7596204013|0|0|0|1|3|100|1|1
93678.071427|0|1|0|9367|8|0|2|255|0|10|0|245439.03597674|241297.348555707|0|0|0|1|3|100|1|1
93747.071427|0|2|0|9374|7|0|1|255|0|10|0|255022.030153583|254391.937308066|0|0|0|1|3|100|1|1
93778.071427|0|1|0|9377|8|0|2|255|0|10|0|106799.936531157|104459.922806304|0|0|0|1|3|100|1|1
93847.071427|0|2|0|9384|7|0|1|255|0|10|0|145030.692136988|144687.281398194|0|0|0|1|3|100|1|1
93878.071427|0|1|0|9387|8|0|2|255|0|10|0|198368.545673368|196527.103577103|0|0|0|1|3|100|1|1
93947.071427|0|2|0|9394|7|0|1|255|0|10|0|134902.692804037|134309.849800705|0|0|0|1|3|100|1|1
93978.071427|0|1|0|9397|8|0|2|255|0|10|0|233773.452329991|229175.200041881|0|0|0|1|3|100|1|1
94047.071427|0|2|0|9404|7|0|1|255|0|10|0|232135.277481094|226368.291503183|0|0|0|1|3|100|1|1
94078.071427|0|1|0|9407|8|0|2|255|0|10|0|110734.316544962|110340.670983082|0|0|0|1|3|100|1|1
94147.071427|0|2|0|9414|7|0|1|255|0|10|0|233151.796852204|227148.245214475|0|0|0|1|3|100|1|1
94168.071427|0|1|0|9416|8|0|2|255|0|10|0|180789.435713349|177027.568802088|0|0|0|1|3|100|1|1
94247.071427|0|2|0|9424|7|0|1|255|0|10|0|87145.9454708217|86717.4065768401|0|0|0|1|3|100|1|1
94268.071427|0|1|0|9426|8|0|2|255|0|10|0|156389.019678612|152623.225730726|0|0|0|1|3|100|1|1
94337.071427|0|2|0|9433|7|0|1|255|0|10|0|63538.146212914|63263.836700068|0|0|0|1|3|100|1|1
94348.071427|0|2|0|9434|8|0|1|255|150|10|0|189233.290417059|187219.07053457|0|0|3|1|3|100|1|1
94358.071427|0|1|0|9435|8|0|2|255|150|10|0|198113.320844732|193092.38413874|0|0|3|1|3|100|1|1
94368.071427|0|1|0|9436|8|0|2|255|0|10|0|179644.336049861|177299.206708835|0|0|0|1|3|100|1|1
94437.071427|0|2|0|9443|7|0|1|255|0|10|0|297888.464221729|294846.953375125|0|0|0|1|3|100|1|1
94448.071427|0|2|0|9444|8|0|1|255|150|10|0|246987.56344516|246285.93743761|0|0|3|1|3|100|1|1
94458.071427|0|1|0|9445|8|0|2|255|150|10|0|71321.3024155282|69804.5454349621|0|0|3|1|3|100|1|1
94468.071427|0|1|0|9446|8|0|2|255|0|10|0|197557.013206247|192456.89155859|0|0|0|1|3|100|1|1
94537.071427|0|2|0|9453|7|0|1|255|0|10|0|189095.454956263|186707.615933826|0|0|0|1|3|100|1|1
94548.071427|0|2|0|9454|8|0|1|255|150|10|0|110894.265197231|109741.249781616|0|0|3|1|3|100|1|1
94558.071427|0|1|0|9455|8|0|2|255|150|10|0|276998.006708033|275551.099798456|0|0|3|1|3|100|1|1
94568.071427|0|1|0|9456|8|0|2|255|0|10|0|165704.106861877|161928.19428781|0|0|0|1|3|100|1|1
94637.071427|0|2|0|9463|7|0|1|255|0|10|0|131422.71453166|127667.15035536|0|0|0|1|3|100|1|1
94648.071427|0|2|0|9464|8|0|1|255|150|10|0|220237.568447001|219645.792032197|0|0|3|1|3|100|1|1
94658.071427|0|1|0|9465|8|0|2|255|150|10|0|209935.743802743|207234.04902863|0|0|3|1|3|100|1|1
94668.071427|0|1|0|9466|8|0|2|255|0|10|0|94671.3990929917|93413.9322566158|0|0|0|1|3|100|1|1
94737.071427|0|2|0|9473|7|0|1|255|0|10|0|175947.699769225|171942.004830211|0|0|0|1|3|100|1|1
94748.071427|0|2|0|9474|8|0|1|255|150|10|0|237028.952886133|231898.395594711|0|0|3|1|3|100|1|1
94758.071427|0|1|0|9475|8|0|2|255|150|10|0|98813.1540181199|95462.0258190384|0|0|3|1|3|100|1|1
94768.071427|0|1|0|9476|8|0|2|255|0|10|0|316426.058182376|314885.194831203|0|0|0|1|3|100|1|1
94837.071427|0|2|0|9483|7|0|1|255|100|10|0|261438.349455631|258826.205418622|0|0|2|1|3|100|1|1
94846.071427|0|2|0|9484|6|0|1|255|150|10|0|135443.109810077|129691.384852462|0|0|3|1|3|100|1|1
94858.071427|0|1|0|9485|8|0|2|255|150|10|0|227122.473659844|225091.60737011|0|0|3|1|3|100|1|1
94868.071427|0|1|0|9486|8|0|2|255|0|10|0|148925.477623711|144781.776451704|0|0|0|1|3|100|1|1
94937.071427|0|2|0|9493|7|0|1|255|100|10|0|133227.213942974|129350.163974359|0|0|2|1|3|100|1|1
94946.071427|0|2|0|9494|6|0|1|255|150|10|0|149540.05257241|143075.163336987|0|0|3|1|3|100|1|1
94958.071427|0|1|0|9495|8|0|2|255|150|10|0|211221.822879069|207156.060888558|0|0|3|1|3|100|1|1
94968.071427|0|1|0|9496|8|0|2|255|0|10|0|151721.091349034|150410.469141546|0|0|0|1|3|100|1|1
95037.071427|0|2|0|9503|7|0|1|255|100|10|0|159125.257380722|156389.528410686|0|0|2|1|3|100|1|1
95046.071427|0|2|0|9504|6|0|1|255|150|10|0|243753.418876266|242288.272438902|0|0|3|1|3|100|1|1
95058.071427|0|1|0|9505|8|0|2|255|150|10|0|88081.9218273793|87182.2597818669|0|0|3|1|3|100|1|1
95068.071427|0|1|0|9506|8|0|2|255|0|10|0|186610.045121024|185997.230802938|0|0|0|1|3|100|1|1
95137.071427|0|2|0|9513|7|0|1|255|100|10|0|200005.191051715|193984.750451599|0|0|2|1|3|100|1|1
95146.071427|0|2|0|9514|6|0|1|255|150|10|0|178487.594024225|176180.305998842|0|0|3|1|3|100|1|1
95158.071427|0|1|0|9515|8|0|2|255|150|10|0|271484.056850389|265018.491256961|0|0|3|1|3|100|1|1
95168.071427|0|1|0|9516|8|0|2|255|0|10|0|215650.398855196|213345.070007905|0|0|0|1|3|100|1|1
95237.071427|0|2|0|9523|7|0|1|255|100|10|0|198665.583558879|192540.987687668|0|0|2|1|3|100|1|1
95246.071427|0|2|0|9524|6|0|1|255|150|10|0|117769.290342962|117063.007100112|0|0|3|1|3|100|1|1
95258.071427|0|1|0|9525|8|0|2|255|150|10|0|222760.379194291|218062.029858814|0|0|3|1|3|100|1|1
95268.071427|0|1|0|9526|8|0|2|255|0|10|0|121704.970934109|115878.672847171|0|0|0|1|3|100|1|1
95337.071427|0|2|0|9533|7|0|1|255|100|10|0|107661.775263923|106695.147315847|0|0|2|1|3|100|1|1
95346.071427|0|2|0|9534|6|0|1|255|150|10|0|300884.496406444|297900.138872983|0|0|3|1|3|100|1|1
95358.071427|0|1|0|9535|8|0|2|255|150|10|0|103050.336484304|102673.16152641|0|0|3|1|3|100|1|1
95368.071427|0|1|0|9536|8|0|2|255|0|10|0|295885.131127309|290711.533212034|0|0|0|1|3|100|1|1
95437.071427|0|2|0|9543|7|0|1|255|100|10|0|221075.401653505|217899.356283922|0|0|2|1|3|100|1|1
95446.071427|0|2|0|9544|6|0|1|255|150|10|0|107980.143122463|105894.16818619|0|0|3|1|3|100|1|1
95458.071427|0|1|0|9545|8|0|2|255|150|10|0|204433.908503738|203367.718813256|0|0|3|1|3|100|1|1
95468.071427|0|1|0|9546|8|0|2|255|0|10|0|149426.866352968|146859.05493572|0|0|0|1|3|100|1|1
95538.071427|0|2|0|9553|8|0|1|255|50|10|0|218083.612636705|214427.443684579|0|0|1|1|3|100|1|1
95547.071427|0|2|0|9554|7|0|1|255|50|10|0|161053.956778627|160898.363095196|0|0|1|1|3|100|1|1
95558.071427|0|1|0|9555|8|0|2|255|150|10|0|209555.412817697|205864.954833836|0|0|3|1|3|100|1|1
95568.071427|0|1|0|9556|8|0|2|255|0|10|0|131412.340351088|130945.093365641|0|0|0|1|3|100|1|1
95638.071427|0|2|0|9563|8|0|1|255|50|10|0|138306.46429598|137364.647653394|0|0|1|1|3|100|1|1
95647.071427|0|2|0|9564|7|0|1|255|50|10|0|211277.238411268|211248.992428577|0|0|1|1|3|100|1|1
95649.071427|0|1|0|9564|9|0|2|255|50|10|0|225808.02443135|222703.427607565|0|0|1|1|3|100|1|1
95665.071427|0|1|0|9566|5|0|2|255|0|10|0|160862.478665903|158291.88847455|0|0|0|1|3|100|1|1
95738.071427|0|2|0|9573|8|0|1|255|50|10|0|175119.275990338|173054.17793888|0|0|1|1|3|100|1|1
95747.071427|0|2|0|9574|7|0|1|255|50|10|0|144315.55490669|140806.349814476|0|0|1|1|3|100|1|1
95749.071427|0|1|0|9574|9|0|2|255|50|10|0|158614.256041656|157517.050517834|0|0|1|1|3|100|1|1
95765.071427|0|1|0|9576|5|0|2|255|0|10|0|270770.395379858|270441.604800087|0|0|0|1|3|100|1|1
95838.071427|0|2|0|9583|8|0|1|255|50|10|0|242234.597245643|235426.027391136|0|0|1|1|3|100|1|1
95847.071427|0|2|0|9584|7|0|1|255|50|10|0|174145.371000397|171752.561211023|0|0|1|1|3|100|1|1
95849.071427|0|1|0|9584|9|0|2|255|50|10|0|141762.087704931|138087.68299272|0|0|1|1|3|100|1|1
95865.071427|0|1|0|9586|5|0|2|255|0|10|0|103196.947845945|102260.992729616|0|0|0|1|3|100|1|1
95938.071427|0|2|0|9593|8|0|1|255|50|10|0|107230.313187342|106717.859901643|0|0|1|1|3|100|1|1
95947.071427|0|2|0|9594|7|0|1|255|50|10|0|178573.944428516|177455.374484049|0|0|1|1|3|100|1|1
95949.071427|0|1|0|9594|9|0|2|255|50|10|0|209127.299112918|207220.923334494|0|0|1|1|3|100|1|1
95965.071427|0|1|0|9596|5|0|2|255|0|10|0|181185.765328436|176788.054143283|0|0|0|1|3|100|1|1
96038.071427|0|2|0|9603|8|0|1|255|50|10|0|193038.395365867|186391.168310759|0|0|1|1|3|100|1|1
96047.071427|0|2|0|9604|7|0|1|255|50|10|0|179207.791311465|173455.308534952|0|0|1|1|3|100|1|1
96049.071427|0|1|0|9604|9|0|2|255|50|10|0|174684.745912138|169799.215786825|0|0|1|1|3|100|1|1
96065.071427|0|1|0|9606|5|0|2|255|0|10|0|286364.301262972|279105.169159255|0|0|0|1|3|100|1|1
96138.071427|0|2|0|9613|8|0|1|255|50|10|0|260340.972592972|258918.578991218|0|0|1|1|3|100|1|1
96147.071427|0|2|0|9614|7|0|1|255|50|10|0|159054.908510668|156674.192473274|0|0|1|1|3|100|1|1
96149.071427|0|1|0|9614|9|0|2|255|50|10|0|127190.220534409|122660.458337752|0|0|1|1|3|100|1|1
96165.071427|0|1|0|9616|5|0|2|255|0|10|0|114804.891924198|114696.630528818|0|0|0|1|3|100|1|1
96238.071427|0|2|0|9623|8|0|1|255|50|10|0|106955.488325927|104799.880407854|0|0|1|1|3|100|1|1
96247.071427|0|2|0|9624|7|0|1|255|50|10|0|154633.44820553|150154.411560249|0|0|1|1|3|100|1|1
96249.071427|0|1|0|9624|9|0|2|255|50|10|0|222002.58540302|219624.745232114|0|0|1|1|3|100|1|1
96265.071427|0|1|0|9626|5|0|2|255|0|10|0|125096.148763344|124029.7081596|0|0|0|1|3|100|1|1
96338.071427|0|2|0|9633|8|0|1|255|50|10|0|183212.708907011|180051.363778887|0|0|1|1|3|100|1|1
96347.071427|0|2|0|9634|7|0|1|255|50|10|0|236727.4444564|236232.31812713|0|0|1|1|3|100|1|1
96349.071427|0|1|0|9634|9|0|2|255|50|10|0|235168.127385416|232984.505101923|0|0|1|1|3|100|1|1
96365.071427|0|1|0|9636|5|0|2|255|0|10|0|313637.766449431|309435.281581617|0|0|0|1|3|100|1|1
96438.071427|0|2|0|9643|8|0|1|255|50|10|0|271625.938750192|270943.927159206|0|0|1|1|3|100|1|1
96447.071427|0|2|0|9644|7|0|1|255|50|10|0|138451.476889535|136031.957338914|0|0|1|1|3|100|1|1
96449.071427|0|1|0|9644|9|0|2|255|50|10|0|94996.4101895011|93891.6677147861|0|0|1|1|3|100|1|1
96465.071427|0|1|0|9646|5|0|2|255|0|10|0|106015.445499311|104532.157293057|0|0|0|1|3|100|1|1
96538.071427|0|2|0|9653|8|0|1|255|50|10|0|71222.396150991|69064.9718283143|0|0|1|1|3|100|1|1
96547.071427|0|2|0|9654|7|0|1|255|50|10|0|186358.992479862|185618.296948787|0|0|1|1|3|100|1|1
96549.071427|0|1|0|9654|9|0|2|255|50|10|0|259048.846286267|257247.760892988|0|0|1|1|3|100|1|1
96565.071427|0|1|0|9656|5|0|2|255|0|10|0|183828.80620153|181603.186650351|0|0|0|1|3|100|1|1
96638.071427|0|2|0|9663|8|0|1|255|50|10|0|245783.293066573|237765.436017077|0|0|1|1|3|100|1|1
96647.071427|0|2|0|9664|7|0|1|255|50|10|0|195341.403374068|193880.528048351|0|0|1|1|3|100|1|1
96649.071427|0|1|0|9664|9|0|2|255|50|10|0|157358.829154133|156901.370237111|0|0|1|1|3|100|1|1
96665.071427|0|1|0|9666|5|0|2|255|0|10|0|199115.016741511|192781.900035912|0|0|0|1|3|100|1|1
96738.071427|0|2|0|9673|8|0|1|255|50|10|0|237829.386736755|233586.707593092|0|0|1|1|3|100|1|1
96747.071427|0|2|0|9674|7|0|1|255|50|10|0|133021.998766705|129691.611716632|0|0|1|1|3|100|1|1
96758.071427|0|1|0|9675|8|0|2|255|0|10|0|263241.228687575|261212.377399429|0|0|0|1|3|100|1|1
96768.071427|0|1|0|9676|8|0|2|255|50|10|0|162415.686024351|159308.596726475|0|0|1|1|3|100|1|1
96838.071427|0|2|0|9683|8|0|1|255|50|10|0|135108.330231309|134625.523894195|0|0|1|1|3|100|1|1
96847.071427|0|2|0|9684|7|0|1|255|50|10|0|221343.598289924|213008.229951806|0|0|1|1|3|100|1|1
96858.071427|0|1|0|9685|8|0|2|255|0|10|0|194760.591900625|192849.516407644|0|0|0|1|3|100|1|1
96868.071427|0|1|0|9686|8|0|2|255|50|10|0|93153.1571397703|91459.9880329374|0|0|1|1|3|100|1|1
96939.071427|0|2|0|9693|9|0|1|255|100|10|0|194689.963128427|190583.076777939|0|0|2|1|3|100|1|1
96949.071427|0|2|0|9694|9|0|1|255|100|10|0|262588.971086748|262376.383413384|0|0|2|1|3|100|1|1
96958.071427|0|1|0|9695|8|0|2|255|0|10|0|93949.7067986311|89058.2908646774|0|0|0|1|3|100|1|1
96968.071427|0|1|0|9696|8|0|2|255|50|10|0|247366.249175972|242683.752567476|0|0|1|1|3|100|1|1
97039.071427|0|2|0|9703|9|0|1|255|100|10|0|263119.401792408|263013.112243982|0|0|2|1|3|100|1|1
97049.071427|0|2|0|9704|9|0|1|255|100|10|0|97083.9924103383|96754.8579026111|0|0|2|1|3|100|1|1
97058.071427|0|1|0|9705|8|0|2|255|0|10|0|247088.889536963|242464.197896674|0|0|0|1|3|100|1|1
97068.071427|0|1|0|9706|8|0|2|255|50|10|0|196660.084956106|195063.712485443|0|0|1|1|3|100|1|1
97139.071427|0|2|0|9713|9|0|1|255|100|10|0|87044.2024751912|85014.5558824053|0|0|2|1|3|100|1|1
97149.071427|0|2|0|9714|9|0|1|255|100|10|0|250154.314665278|249060.673222377|0|0|2|1|3|100|1|1
97158.071427|0|1|0|9715|8|0|2|255|0|10|0|214946.550209377|212633.192873669|0|0|0|1|3|100|1|1
97168.071427|0|1|0|9716|8|0|2|255|50|10|0|130300.85592207|128841.067095239|0|0|1|1|3|100|1|1
97239.071427|0|2|0|9723|9|0|1|255|100|10|0|176062.26658382|171678.349956323|0|0|2|1|3|100|1|1
97249.071427|0|2|0|9724|9|0|1|255|100|10|0|165360.031418957|163631.061306035|0|0|2|1|3|100|1|1
97258.071427|0|1|0|9725|8|0|2|255|0|10|0|89036.1670927017|86234.6852784776|0|0|0|1|3|100|1|1
97268.071427|0|1|0|9726|8|0|2|255|50|10|0|155225.972690846|151490.36449772|0|0|1|1|3|100|1|1
97339.071427|0|2|0|9733|9|0|1|255|100|10|0|203960.197118364|201128.217198733|0|0|2|1|3|100|1|1
97349.071427|0|2|0|9734|9|0|1|255|100|10|0|115467.550714582|113424.550980872|0|0|2|1|3|100|1|1
97358.071427|0|1|0|9735|8|0|2|255|0|10|0|250841.844128983|249549.220383922|0|0|0|1|3|100|1|1
97368.071427|0|1|0|9736|8|0|2|255|50|10|0|279611.139315878|278368.532516993|0|0|1|1|3|100|1|1
97439.071427|0|2|0|9743|9|0|1|255|100|10|0|223743.106978663|219839.325192159|0|0|2|1|3|100|1|1
97449.071427|0|2|0|9744|9|0|1|255|100|10|0|244913.232279834|236472.77058549|0|0|2|1|3|100|1|1
97458.071427|0|1|0|9745|8|0|2|255|0|10|0|243065.411984034|240567.685822153|0|0|0|1|3|100|1|1
97468.071427|0|1|0|9746|8|0|2|255|50|10|0|58056.9900733008|55840.7927230404|0|0|1|1|3|100|1|1
97539.071427|0|2|0|9753|9|0|1|255|100|10|0|93532.3342556626|92401.1783192639|0|0|2|1|3|100|1|1
97549.071427|0|2|0|9754|9|0|1|255|100|10|0|222140.426697486|217140.989748964|0|0|2|1|3|100|1|1
97558.071427|0|1|0|9755|8|0|2|255|0|10|0|55525.9222069667|54915.7972241607|0|0|0|1|3|100|1|1
97568.071427|0|1|0|9756|8|0|2|255|50|10|0|271007.350855749|270623.888932389|0|0|1|1|3|100|1|1
97639.071427|0|2|0|9763|9|0|1|255|100|10|0|222862.548865921|218270.968805456|0|0|2|1|3|100|1|1
97649.071427|0|2|0|9764|9|0|1|255|100|10|0|125910.347308583|124702.95263538|0|0|2|1|3|100|1|1
97658.071427|0|1|0|9765|8|0|2|255|0|10|0|264564.650229855|264241.334715417|0|0|0|1|3|100|1|1
97668.071427|0|1|0|9766|8|0|2|255|50|10|0|220045.403897234|219467.348878391|0|0|1|1|3|100|1|1
97739.071427|0|2|0|9773|9|0|1|255|100|10|0|168002.847925594|165727.704294837|0|0|2|1|3|100|1|1
97749.071427|0|2|0|9774|9|0|1|255|100|10|0|156812.122982111|153380.937206518|0|0|2|1|3|100|1|1
97758.071427|0|1|0|9775|8|0|2|255|0|10|0|229417.65749972|224854.306559191|0|0|0|1|3|100|1|1
97768.071427|0|1|0|9776|8|0|2|255|50|10|0|105493.022226058|102508.769786027|0|0|1|1|3|100|1|1
97839.071427|0|2|0|9783|9|0|1|255|100|10|0|152041.019421565|151364.77124653|0|0|2|1|3|100|1|1
97849.071427|0|2|0|9784|9|0|1|255|100|10|0|214039.194702282|211754.115275419|0|0|2|1|3|100|1|1
97858.071427|0|1|0|9785|8|0|2|255|0|10|0|76290.8907945822|75282.6842452243|0|0|0|1|3|100|1|1
97868.071427|0|1|0|9786|8|0|2|255|50|10|0|177708.26097274|173275.557698728|0|0|1|1|3|100|1|1
97939.071427|0|2|0|9793|9|0|1|255|100|10|0|146712.823174297|143606.615351527|0|0|2|1|3|100|1|1
97949.071427|0|2|0|9794|9|0|1|255|100|10|0|141535.971715805|141344.298077757|0|0|2|1|3|100|1|1
97958.071427|0|1|0|9795|8|0|2|255|0|10|0|230499.02778674|229882.736356011|0|0|0|1|3|100|1|1
97968.071427|0|1|0|9796|8|0|2|255|50|10|0|285406.590519849|281140.497253143|0|0|1|1|3|100|1|1
98046.071427|0|2|0|9804|6|0|1|255|0|10|0|163290.705152088|160939.885962898|0|0|0|1|3|100|1|1
98067.071427|0|1|0|9806|7|0|2|255|0|10|0|96973.2892579219|95188.8510427665|0|0|0|1|3|100|1|1
98146.071427|0|2|0|9814|6|0|1|255|0|10|0|194303.036465797|193695.383188373|0|0|0|1|3|100|1|1
98167.071427|0|1|0|9816|7|0|2|255|0|10|0|199381.200323748|196652.136425598|0|0|0|1|3|100|1|1
98246.071427|0|2|0|9824|6|0|1|255|0|10|0|145156.050950446|142466.546244048|0|0|0|1|3|100|1|1
98267.071427|0|1|0|9826|7|0|2|255|0|10|0|248545.293113215|242885.403473814|0|0|0|1|3|100|1|1
98346.071427|0|2|0|9834|6|0|1|255|0|10|0|157688.156809319|154683.079292776|0|0|0|1|3|100|1|1
98367.071427|0|1|0|9836|7|0|2|255|0|10|0|91296.5757549705|88057.1501125514|0|0|0|1|3|100|1|1
98446.071427|0|2|0|9844|6|0|1|255|0|10|0|259565.493156004|255738.835699793|0|0|0|1|3|100|1|1
98467.071427|0|1|0|9846|7|0|2|255|0|10|0|166457.570362642|165864.617864239|0|0|0|1|3|100|1|1
98537.071427|0|2|0|9853|7|0|1|255|150|10|0|99618.4363050938|97927.0641534756|0|0|3|1|3|100|1|1
98557.071427|0|1|0|9855|7|0|2|255|50|10|0|161445.334127941|157480.184443681|0|0|1|1|3|100|1|1
98558.071427|0|2|0|9855|8|0|1|255|150|10|0|167430.942599294|162636.966211526|0|0|3|1|3|100|1|1
98567.071427|0|1|0|9856|7|0|2|255|0|10|0|333988.324389891|332959.706413829|0|0|0|1|3|100|1|1
98637.071427|0|2|0|9863|7|0|1|255|150|10|0|258883.718487114|257101.465647486|0|0|3|1|3|100|1|1
98657.071427|0|1|0|9865|7|0|2|255|50|10|0|211831.972050453|208918.880022621|0|0|1|1|3|100|1|1
98658.071427|0|2|0|9865|8|0|1|255|150|10|0|183481.822476147|180739.665235808|0|0|3|1|3|100|1|1
98667.071427|0|1|0|9866|7|0|2|255|0|10|0|85445.9954874782|83915.3900413535|0|0|0|1|3|100|1|1
98737.071427|0|2|0|9873|7|0|1|255|150|10|0|174334.361179209|171424.317899907|0|0|3|1|3|100|1|1
98757.071427|0|1|0|9875|7|0|2|255|50|10|0|175336.279898998|174355.544790559|0|0|1|1|3|100|1|1
98758.071427|0|2|0|9875|8|0|1|255|150|10|0|173344.253050992|170523.206994969|0|0|3|1|3|100|1|1
98767.071427|0|1|0|9876|7|0|2|255|0|10|0|169710.732846931|168556.61284612|0|0|0|1|3|100|1|1
98837.071427|0|2|0|9883|7|0|1|255|150|10|0|112009.199436684|108794.577374787|0|0|3|1|3|100|1|1
98857.071427|0|1|0|9885|7|0|2|255|50|10|0|132283.621316001|131246.266114907|0|0|1|1|3|100|1|1
98858.071427|0|2|0|9885|8|0|1|255|150|10|0|167969.488361967|163718.603599914|0|0|3|1|3|100|1|1
98867.071427|0|1|0|9886|7|0|2|255|0|10|0|196599.542996646|194066.472898586|0|0|0|1|3|100|1|1
98937.071427|0|2|0|9893|7|0|1|255|150|10|0|264330.628391115|263866.461605954|0|0|3|1|3|100|1|1
98957.071427|0|1|0|9895|7|0|2|255|50|10|0|201387.941370899|199973.871807545|0|0|1|1|3|100|1|1
98958.071427|0|2|0|9895|8|0|1|255|150|10|0|158477.494716949|158070.858502592|0|0|3|1|3|100|1|1
98967.071427|0|1|0|9896|7|0|2|255|0|10|0|189848.593457936|187569.833649768|0|0|0|1|3|100|1|1
99037.071427|0|2|0|9903|7|0|1|255|150|10|0|174911.444248664|172867.393014051|0|0|3|1|3|100|1|1
99057.071427|0|1|0|9905|7|0|2|255|50|10|0|156805.310460435|152467.190752354|0|0|1|1|3|100|1|1
99058.071427|0|2|0|9905|8|0|1|255|150|10|0|215578.570240254|212785.69507713|0|0|3|1|3|100|1|1
99067.071427|0|1|0|9906|7|0|2|255|0|10|0|140925.989477184|135856.937082896|0|0|0|1|3|100|1|1
99137.071427|0|2|0|9913|7|0|1|255|150|10|0|73794.5710162816|72831.2663894026|0|0|3|1|3|100|1|1
99157.071427|0|1|0|9915|7|0|2|255|50|10|0|181121.950592855|177527.745957569|0|0|1|1|3|100|1|1
99158.071427|0|2|0|9915|8|0|1|255|150|10|0|153414.763859951|151596.540566252|0|0|3|1|3|100|1|1
99167.071427|0|1|0|9916|7|0|2|255|0|10|0|233026.36319536|225811.359878417|0|0|0|1|3|100|1|1
99237.071427|0|2|0|9923|7|0|1|255|150|10|0|322935.335094209|315765.006225694|0|0|3|1|3|100|1|1
99257.071427|0|1|0|9925|7|0|2|255|50|10|0|181165.406358993|178650.866448704|0|0|1|1|3|100|1|1
99258.071427|0|2|0|9925|8|0|1|255|150|10|0|137146.534590813|135746.846235455|0|0|3|1|3|100|1|1
99268.071427|0|1|0|9926|8|0|2|255|150|10|0|138785.650931122|136762.522341045|0|0|3|1|3|100|1|1
99337.071427|0|2|0|9933|7|0|1|255|150|10|0|201133.247143031|198405.561537302|0|0|3|1|3|100|1|1
99357.071427|0|1|0|9935|7|0|2|255|50|10|0|200416.356320536|196300.426763062|0|0|1|1|3|100|1|1
99358.071427|0|2|0|9935|8|0|1|255|150|10|0|222344.473199588|218654.953942177|0|0|3|1|3|100|1|1
99368.071427|0|1|0|9936|8|0|2|255|150|10|0|134248.682435897|132213.127519407|0|0|3|1|3|100|1|1
99437.071427|0|2|0|9943|7|0|1|255|100|10|0|85933.4265289461|84472.4850882|0|0|2|1|3|100|1|1
99457.071427|0|1|0|9945|7|0|2|255|50|10|0|137629.596524077|136755.600846046|0|0|1|1|3|100|1|1
99458.071427|0|2|0|9945|8|0|1|255|150|10|0|177958.75489352|175205.191580147|0|0|3|1|3|100|1|1
99468.071427|0|1|0|9946|8|0|2|255|150|10|0|190078.046240909|186841.135874812|0|0|3|1|3|100|1|1
99537.071427|0|2|0|9953|7|0|1|255|100|10|0|215951.823364764|213567.384679091|0|0|2|1|3|100|1|1
99557.071427|0|1|0|9955|7|0|2|255|50|10|0|138615.131699005|138542.623169629|0|0|1|1|3|100|1|1
99558.071427|0|2|0|9955|8|0|1|255|150|10|0|139074.143930431|135586.44409833|0|0|3|1|3|100|1|1
99568.071427|0|1|0|9956|8|0|2|255|150|10|0|208625.54175051|206566.893152789|0|0|3|1|3|100|1|1
99637.071427|0|2|0|9963|7|0|1|255|100|10|0|290049.816281158|289361.836585888|0|0|2|1|3|100|1|1
99657.071427|0|1|0|9965|7|0|2|255|50|10|0|283128.822339806|276114.604619809|0|0|1|1|3|100|1|1
99658.071427|0|2|0|9965|8|0|1|255|150|10|0|216952.701065805|211347.140809618|0|0|3|1|3|100|1|1
99668.071427|0|1|0|9966|8|0|2|255|150|10|0|142523.312204018|139052.104996261|0|0|3|1|3|100|1|1
99737.071427|0|2|0|9973|7|0|1|255|100|10|0|72273.032299467|69732.1646784901|0|0|2|1|3|100|1|1
99757.071427|0|1|0|9975|7|0|2|255|50|10|0|143780.79485484|137160.842499105|0|0|1|1|3|100|1|1
99758.071427|0|2|0|9975|8|0|1|255|150|10|0|194520.062223837|193784.371978735|0|0|3|1|3|100|1|1
99768.071427|0|1|0|9976|8|0|2|255|150|10|0|163619.326693529|163082.509564706|0|0|3|1|3|100|1|1
99837.071427|0|2|0|9983|7|0|1|255|100|10|0|252376.962823021|245799.067375603|0|0|2|1|3|100|1|1
99857.071427|0|1|0|9985|7|0|2|255|50|10|0|173900.468639244|172941.307833176|0|0|1|1|3|100|1|1
99858.071427|0|2|0|9985|8|0|1|255|150|10|0|120860.380283782|116147.319760994|0|0|3|1|3|100|1|1
99868.071427|0|1|0|9986|8|0|2|255|150|10|0|210388.33490155|209229.000512427|0|0|3|1|3|100|1|1
99937.071427|0|2|0|9993|7|0|1|255|100|10|0|167236.987748616|165770.375045027|0|0|2|1|3|100|1|1
99957.071427|0|1|0|9995|7|0|2|255|50|10|0|233597.671268685|231074.249614682|0|0|1|1|3|100|1|1
99958.071427|0|2|0|9995|8|0|1|255|150|10|0|280434.454045736|277088.954613659|0|0|3|1|3|100|1|1
99968.071427|0|1|0|9996|8|0|2|255|150|10|0|146371.277305973|144343.025670137|0|0|3|1|3|100|1|1
100037.071427|0|2|0|10003|7|0|1|255|100|10|0|120078.655276223|119792.729471781|0|0|2|1|3|100|1|1
100057.071427|0|1|0|10005|7|0|2|255|50|10|0|142403.290337154|140860.198058812|0|0|1|1|3|100|1|1
100058.071427|0|2|0|10005|8|0|1|255|150|10|0|151518.342737411|147370.438917091|0|0|3|1|3|100|1|1
100068.071427|0|1|0|10006|8|0|2|255|150|10|0|127056.654539867|126796.69824882|0|0|3|1|3|100|1|1
100137.071427|0|2|0|10013|7|0|1|255|100|10|0|212724.719994118|208491.39776704|0|0|2|1|3|100|1|1
100157.071427|0|1|0|10015|7|0|2|255|50|10|0|101653.891292487|98958.8453384045|0|0|1|1|3|100|1|1
100158.071427|0|2|0|10015|8|0|1|255|150|10|0|150743.532700639|149071.344254106|0|0|3|1|3|100|1|1
100168.071427|0|1|0|10016|8|0|2|255|150|10|0|304963.671082501|301142.578837695|0|0|3|1|3|100|1|1
100237.071427|0|2|0|10023|7|0|1|255|100|10|0|216340.475458964|212903.438068331|0|0|2|1|3|100|1|1
100257.071427|0|1|0|10025|7|0|2|255|50|10|0|362066.683466294|359672.195461542|0|0|1|1|3|100|1|1
100258.071427|0|2|0|10025|8|0|1|255|150|10|0|239229.027806429|235379.010093938|0|0|3|1|3|100|1|1
100268.071427|0|1|0|10026|8|0|2|255|150|10|0|130766.306126297|123798.701357938|0|0|3|1|3|100|1|1
100337.071427|0|2|0|10033|7|0|1|255|100|10|0|124723.689833171|124560.28889569|0|0|2|1|3|100|1|1
100357.071427|0|1|0|10035|7|0|2|255|50|10|0|133313.480174484|131722.49908|0|0|1|1|3|100|1|1
100358.071427|0|2|0|10035|8|0|1|255|150|10|0|170914.532269199|166488.216141048|0|0|3|1|3|100|1|1
100368.071427|0|1|0|10036|8|0|2|255|150|10|0|166953.524684477|164632.14826663|0|0|3|1|3|100|1|1
100437.071427|0|2|0|10043|7|0|1|255|100|10|0|165965.100281266|163366.775833586|0|0|2|1|3|100|1|1
100457.071427|0|1|0|10045|7|0|2|255|50|10|0|104886.932352275|103086.424442683|0|0|1|1|3|100|1|1
100458.071427|0|2|0|10045|8|0|1|255|150|10|0|128502.689620603|122255.260386893|0|0|3|1|3|100|1|1
100468.071427|0|1|0|10046|8|0|2|255|150|10|0|205435.080637592|202030.844316363|0|0|3|1|3|100|1|1
100544.071427|0|2|0|10054|4|0|1|255|100|10|0|146679.135701991|146258.463839678|0|0|2|1|3|100|1|1
100568.071427|0|1|0|10056|8|0|2|255|150|10|0|185330.34156432|184102.690979916|0|0|3|1|3|100|1|1
100644.071427|0|2|0|10064|4|0|1|255|100|10|0|125648.115581663|124702.382788329|0|0|2|1|3|100|1|1
100649.071427|0|1|0|10064|9|0|2|255|0|10|0|201481.189314609|196893.120227141|0|0|0|1|3|100|1|1
100657.071427|0|2|0|10065|7|0|1|255|100|10|0|205385.390141409|200615.455183246|0|0|2|1|3|100|1|1
100678.071427|0|1|0|10067|8|0|2|255|150|10|0|265394.999662169|264104.971626341|0|0|3|1|3|100|1|1
100744.071427|0|2|0|10074|4|0|1|255|100|10|0|249522.091528708|248515.815851437|0|0|2|1|3|100|1|1
100749.071427|0|1|0|10074|9|0|2|255|0|10|0|137820.040930919|135934.214003091|0|0|0|1|3|100|1|1
100757.071427|0|2|0|10075|7|0|1|255|100|10|0|89189.6902921003|85031.3695992788|0|0|2|1|3|100|1|1
100778.071427|0|1|0|10077|8|0|2|255|150|10|0|180265.189817966|177632.471343288|0|0|3|1|3|100|1|1
100844.071427|0|2|0|10084|4|0|1|255|100|10|0|145049.74428549|144817.67380602|0|0|2|1|3|100|1|1
100849.071427|0|1|0|10084|9|0|2|255|0|10|0|207108.70747138|204819.957486256|0|0|0|1|3|100|1|1
100857.071427|0|2|0|10085|7|0|1|255|100|10|0|254931.465200019|253952.902381232|0|0|2|1|3|100|1|1
100878.071427|0|1|0|10087|8|0|2|255|150|10|0|87079.9889001713|86068.1944054795|0|0|3|1|3|100|1|1
100944.071427|0|2|0|10094|4|0|1|255|100|10|0|135343.469265361|134701.342338239|0|0|2|1|3|100|1|1
100949.071427|0|1|0|10094|9|0|2|255|0|10|0|145891.152082938|143493.335807296|0|0|0|1|3|100|1|1
100957.071427|0|2|0|10095|7|0|1|255|100|10|0|184957.048089503|184814.504582677|0|0|2|1|3|100|1|1
100978.071427|0|1|0|10097|8|0|2|255|150|10|0|333084.130415229|332247.93049652|0|0|3|1|3|100|1|1
101044.071427|0|2|0|10104|4|0|1|255|100|10|0|277234.349308184|276257.836935558|0|0|2|1|3|100|1|1
101049.071427|0|1|0|10104|9|0|2|255|0|10|0|253916.331503144|250161.981253351|0|0|0|1|3|100|1|1
101057.071427|0|2|0|10105|7|0|1|255|100|10|0|146617.583594056|142853.220756409|0|0|2|1|3|100|1|1
101078.071427|0|1|0|10107|8|0|2|255|150|10|0|95800.2255123837|93598.9587197342|0|0|3|1|3|100|1|1
101144.071427|0|2|0|10114|4|0|1|255|100|10|0|142506.657751874|138394.731164411|0|0|2|1|3|100|1|1
101149.071427|0|1|0|10114|9|0|2|255|0|10|0|98788.8477674325|96304.32644773|0|0|0|1|3|100|1|1
101157.071427|0|2|0|10115|7|0|1|255|100|10|0|195069.869871519|192401.378011971|0|0|2|1|3|100|1|1
101178.071427|0|1|0|10117|8|0|2|255|150|10|0|169003.023495395|167380.908819914|0|0|3|1|3|100|1|1
101238.071427|0|2|0|10123|8|0|1|255|0|10|0|171210.09033441|169805.001025469|0|0|0|1|3|100|1|1
101278.071427|0|1|0|10127|8|0|2|255|150|10|0|269799.392862857|265668.820006865|0|0|3|1|3|100|1|1
101338.071427|0|2|0|10133|8|0|1|255|0|10|0|114038.369012234|110022.773062133|0|0|0|1|3|100|1|1
101378.071427|0|1|0|10137|8|0|2|255|150|10|0|167943.229094671|163437.942852371|0|0|3|1|3|100|1|1
101438.071427|0|2|0|10143|8|0|1|255|0|10|0|262425.241392491|258782.779870655|0|0|0|1|3|100|1|1
101449.071427|0|2|0|10144|9|0|1|255|100|10|0|173274.115627534|172216.959378967|0|0|2|1|3|100|1|1
101457.071427|0|1|0|10145|7|0|2|255|50|10|0|218489.733808028|216188.927910793|0|0|1|1|3|100|1|1
101468.071427|0|1|0|10146|8|0|2|255|150|10|0|145029.813076931|144411.942583576|0|0|3|1|3|100|1|1
101538.071427|0|2|0|10153|8|0|1|255|0|10|0|222247.664711265|218390.961927629|0|0|0|1|3|100|1|1
101549.071427|0|2|0|10154|9|0|1|255|100|10|0|91958.9171926432|91319.7109808714|0|0|2|1|3|100|1|1
101557.071427|0|1|0|10155|7|0|2|255|50|10|0|132007.101171059|129229.55600634|0|0|1|1|3|100|1|1
101568.071427|0|1|0|10156|8|0|2|255|150|10|0|121056.799859668|119949.240933518|0|0|3|1|3|100|1|1
101638.071427|0|2|0|10163|8|0|1|255|0|10|0|84842.9225558735|80905.1953514318|0|0|0|1|3|100|1|1
101649.071427|0|2|0|10164|9|0|1|255|100|10|0|316141.823031821|309453.607409488|0|0|2|1|3|100|1|1
101657.071427|0|1|0|10165|7|0|2|255|50|10|0|187915.5642446|185244.564996822|0|0|1|1|3|100|1|1
101668.071427|0|1|0|10166|8|0|2|255|150|10|0|235252.088375913|233996.883259957|0|0|3|1|3|100|1|1
101738.071427|0|2|0|10173|8|0|1|255|0|10|0|249201.198428826|248165.926019326|0|0|0|1|3|100|1|1
101749.071427|0|2|0|10174|9|0|1|255|100|10|0|129851.003827605|127644.141203375|0|0|2|1|3|100|1|1
101757.071427|0|1|0|10175|7|0|2|255|50|10|0|139654.551821783|139216.476012492|0|0|1|1|3|100|1|1
101768.071427|0|1|0|10176|8|0|2|255|150|10|0|178666.150089719|178154.586252707|0|0|3|1|3|100|1|1
101838.071427|0|2|0|10183|8|0|1|255|0|10|0|189467.374154202|187699.334516395|0|0|0|1|3|100|1|1
101849.071427|0|2|0|10184|9|0|1|255|100|10|0|141575.256206239|139246.059387662|0|0|2|1|3|100|1|1
101857.071427|0|1|0|10185|7|0|2|255|50|10|0|254586.508173229|251582.882876424|0|0|1|1|3|100|1|1
101868.071427|0|1|0|10186|8|0|2|255|150|10|0|146324.698686242|141685.891394619|0|0|3|1|3|100|1|1
101937.071427|0|2|0|10193|7|0|1|255|50|10|0|87865.6247841622|86018.8363793346|0|0|1|1|3|100|1|1
101948.071427|0|2|0|10194|8|0|1|255|100|10|0|226667.993749906|223739.428906928|0|0|2|1|3|100|1|1
101957.071427|0|1|0|10195|7|0|2|255|50|10|0|139200.149969641|133902.669355797|0|0|1|1|3|100|1|1
101968.071427|0|1|0|10196|8|0|2|255|150|10|0|163827.605551177|161792.927955813|0|0|3|1|3|100|1|1
102037.071427|0|2|0|10203|7|0|1|255|50|10|0|204864.29971793|200534.991449869|0|0|1|1|3|100|1|1
102048.071427|0|2|0|10204|8|0|1|255|100|10|0|280382.639955994|277427.702630842|0|0|2|1|3|100|1|1
102057.071427|0|1|0|10205|7|0|2|255|50|10|0|163274.770191963|160462.831278996|0|0|1|1|3|100|1|1
102068.071427|0|1|0|10206|8|0|2|255|150|10|0|171004.305995752|170761.270747349|0|0|3|1|3|100|1|1
