2.137071427|1|2|265055.115718909|264869.673077422|0|0
2.169071427|2|1|162506.411785011|158219.414164404|0|0
2.237071427|1|2|144969.00257954|143075.842169451|0|0
2.269071427|2|1|158823.949915299|157390.125961342|0|0
2.337071427|1|2|134296.406005133|132198.574519275|0|0
2.369071427|2|1|200982.450942438|194538.33611144|0|0
2.437071427|1|2|261955.599610341|257702.515978549|0|0
2.469071427|2|1|188191.036086379|184785.250302893|0|0
2.537071427|1|2|192900.370804|184998.198260404|0|0
2.569071427|2|1|148388.886711041|147492.848418499|0|0
2.637071427|1|2|157806.913109994|153938.264896838|0|0
2.669071427|2|1|203002.419488367|200951.320917056|0|0
2.737071427|1|2|205058.652577188|204744.254451068|0|0
2.769071427|2|1|188027.477491317|187605.980915809|0|0
2.837071427|1|2|155410.186161991|153223.769761799|0|0
2.869071427|2|1|87895.1836186077|86616.5688972644|0|0
2.937071427|1|2|129807.847629883|128160.976752626|0|0
2.969071427|2|1|323665.281035404|315607.355457725|0|0
3.037071427|1|2|298232.864011748|296158.468916896|0|0
3.069071427|2|1|169461.676152379|163381.734381113|0|0
3.137071427|1|2|118828.908166284|114215.187654076|0|0
3.169071427|2|1|123257.661864289|121635.463108333|0|0
3.239071427|1|2|186317.099070035|184513.29173066|0|0
3.247071427|1|2|287099.971125298|282721.728845424|0|0
3.249071427|2|1|213722.125305259|207916.051211717|0|0
3.278071427|2|1|152045.21935535|151826.334198896|0|0
3.339071427|1|2|149813.909958631|146325.227717385|0|0
3.347071427|1|2|131259.257794568|130438.895889449|0|0
3.349071427|2|1|134864.815925405|133208.464400734|0|0
3.378071427|2|1|108539.993472708|108260.456660775|0|0
3.439071427|1|2|251869.612425415|249946.274060233|0|0
3.447071427|1|2|118326.539671171|117247.380835422|0|0
3.449071427|2|1|135484.932136744|134178.683959198|0|0
3.478071427|2|1|232979.036144335|228554.973728765|0|0
3.539071427|1|2|118793.208685599|116520.780869229|0|0
3.547071427|1|2|242843.355093796|242130.653668567|0|0
3.549071427|2|1|218786.2387712|215856.310068689|0|0
3.578071427|2|1|260053.091793303|256264.292376992|0|0
3.639071427|1|2|184482.730186786|183473.130420128|0|0
3.647071427|1|2|165237.808376294|161224.958224146|0|0
3.649071427|2|1|182583.629399364|180599.472213293|0|0
3.678071427|2|1|52930.5634848616|52822.5080932795|0|0
3.739071427|1|2|200450.790606837|196588.728464818|0|0
3.747071427|1|2|132029.107535826|131487.222142347|0|0
3.749071427|2|1|128282.863294395|126451.469357402|0|0
3.778071427|2|1|257845.37952257|254586.33906724|0|0
3.839071427|1|2|145160.176524431|142472.791266434|0|0
3.847071427|1|2|192903.013542771|191581.017928925|0|0
3.849071427|2|1|192678.939065748|192192.797807429|0|0
3.878071427|2|1|238690.648592869|233680.305577392|0|0
3.939071427|1|2|156601.774043461|152197.830136569|0|0
3.947071427|1|2|214511.043081946|210057.200798731|0|0
3.949071427|2|1|227861.128837041|225778.926901889|0|0
3.978071427|2|1|65664.3560342047|64811.6078754847|0|0
4.039071427|1|2|291598.461584955|286309.901310093|0|0
4.047071427|1|2|130818.743586954|126883.339464534|0|0
4.049071427|2|1|87261.2854089883|83603.5745276993|0|0
4.078071427|2|1|231888.600083992|230946.506663382|0|0
4.137071427|1|2|208399.97482071|204424.018045773|0|0
4.149071427|2|1|191617.794405675|189351.274167333|0|0
4.158071427|1|2|175464.167391713|175083.355138992|0|0
4.168071427|2|1|222079.110979056|220656.531189659|0|0
4.237071427|1|2|110395.770050517|108415.712494003|0|0
4.249071427|2|1|305104.675851634|300596.159230302|0|0
4.258071427|1|2|148687.363074693|147893.137680105|0|0
4.268071427|2|1|187866.798374713|185066.097770838|0|0
4.337071427|1|2|189124.737204235|188286.627303179|0|0
4.349071427|2|1|68562.1382288727|64857.5680396773|0|0
4.358071427|1|2|177376.265240857|174447.114816892|0|0
4.368071427|2|1|126881.075440315|124516.208125755|0|0
4.437071427|1|2|273789.309140618|267141.446049355|0|0
4.449071427|2|1|200795.577249142|198782.335044542|0|0
4.458071427|1|2|199759.461739788|198936.360551284|0|0
4.468071427|2|1|179740.826242154|179256.481280238|0|0
4.537071427|1|2|76475.9756224551|72984.2599167877|0|0
4.549071427|2|1|261516.40319783|258359.544977134|0|0
4.558071427|1|2|125168.77590264|122372.595134902|0|0
4.568071427|2|1|207384.270445767|201142.49881263|0|0
4.637071427|1|2|196558.365431274|193275.834443531|0|0
4.649071427|2|1|116737.454179995|113038.005010925|0|0
4.658071427|1|2|153205.520277121|151669.557031667|0|0
4.668071427|2|1|146823.769323024|143023.103882769|0|0
4.737071427|1|2|293423.223381877|291552.1752815|0|0
4.749071427|2|1|141195.001760928|139188.834260297|0|0
4.758071427|1|2|284390.147611658|279961.418594313|0|0
4.768071427|2|1|200846.970091566|199969.382999781|0|0
4.837071427|1|2|105139.233279744|104581.221309688|0|0
4.849071427|2|1|342705.049060699|337438.743193714|0|0
4.858071427|1|2|113865.081254367|109264.510679401|0|0
4.868071427|2|1|136904.660200654|134989.132325058|0|0
4.937071427|1|2|196474.447417699|192717.411210606|0|0
4.969071427|2|1|264927.697954707|261396.541212683|0|0
5.037071427|1|2|250879.239521003|249439.909129678|0|0
5.069071427|2|1|136735.259426121|135694.846363439|0|0
5.137071427|1|2|77360.6629471796|75978.7178201623|0|0
5.169071427|2|1|140929.472942567|139699.279075622|0|0
5.237071427|1|2|289651.897558253|288381.902806655|0|0
5.269071427|2|1|232421.229475248|231744.376848529|0|0
5.337071427|1|2|152894.199656511|150373.999202567|0|0
5.369071427|2|1|128051.377631927|127503.654407021|0|0
5.437071427|1|2|136502.992563916|136452.849388538|0|0
5.469071427|2|1|152364.331279116|151445.275651293|0|0
5.537071427|1|2|174845.526969047|168571.565711761|0|0
5.569071427|2|1|310028.447712914|309145.34515237|0|0
5.637071427|1|2|252986.364257278|247458.328013246|0|0
5.669071427|2|1|108063.91550979|103702.977365589|0|0
5.737071427|1|2|125540.313077485|124181.244187928|0|0
5.769071427|2|1|135049.193853208|131056.724068484|0|0
5.837071427|1|2|172704.430628011|169783.494016866|0|0
5.869071427|2|1|287871.398020057|284953.745381463|0|0
5.937071427|1|2|166966.984218301|164798.987839405|0|0
5.949071427|2|1|150485.75943978|144816.038915737|0|0
5.957071427|1|2|291889.674054951|288265.625719918|0|0
5.968071427|2|1|129466.949197806|129100.393028198|0|0
6.037071427|1|2|186450.708211771|186382.816257679|0|0
6.049071427|2|1|221583.098073803|218100.276624607|0|0
6.057071427|1|2|166218.928669686|162878.191220828|0|0
6.068071427|2|1|196747.45543258|196356.69660442|0|0
6.137071427|1|2|98024.8139951143|94226.1959569181|0|0
6.147071427|1|2|170444.262245506|166547.71377223|0|0
6.149071427|2|1|127032.926477758|124956.250802409|0|0
6.168071427|2|1|260924.6149033|259662.701499502|0|0
6.237071427|1|2|214770.158040715|211980.991046605|0|0
6.247071427|1|2|141740.337012724|136264.605457339|0|0
6.249071427|2|1|194449.489257301|192153.10755278|0|0
6.268071427|2|1|106891.599595973|99942.2564807256|0|0
6.337071427|1|2|220885.001083859|216057.567082248|0|0
6.347071427|1|2|142498.81368479|140431.402761299|0|0
6.349071427|2|1|155016.064403601|153792.903614511|0|0
6.368071427|2|1|199587.775004168|194801.273489103|0|0
6.437071427|1|2|125108.632026422|122001.363352402|0|0
6.447071427|1|2|281247.745685991|278159.211244928|0|0
6.449071427|2|1|229012.436822656|227814.11418256|0|0
6.468071427|2|1|216152.268945787|214374.286693523|0|0
6.537071427|1|2|138608.624319406|138318.021957077|0|0
6.547071427|1|2|116672.373462373|115026.878916308|0|0
6.549071427|2|1|135938.446574583|132513.820829898|0|0
6.568071427|2|1|149289.816359442|148822.71500501|0|0
6.637071427|1|2|276168.361185987|273909.665790263|0|0
6.647071427|1|2|160735.260444142|158057.046875307|0|0
6.657071427|2|1|207783.541189746|205424.591330098|0|0
6.668071427|2|1|157330.997613438|157225.944099229|0|0
6.737071427|1|2|112302.677474512|109545.49990777|0|0
6.747071427|1|2|164756.456487025|162395.398560725|0|0
6.757071427|2|1|103189.451378797|99096.9994821995|0|0
6.768071427|2|1|263572.906254827|260600.812524302|0|0
6.837071427|1|2|147829.246595134|144369.628191803|0|0
6.847071427|1|2|233529.846992961|232692.594931927|0|0
6.857071427|2|1|189655.929229277|186990.028016351|0|0
6.868071427|2|1|97567.8181749819|97313.2183111063|0|0
6.944071427|1|2|152712.157790635|150151.36761275|0|0
6.949071427|1|2|98962.5098346265|97136.9657312884|0|0
6.957071427|2|1|242299.214262603|239874.892222731|0|0
6.968071427|2|1|176854.319393532|175839.028190905|0|0
7.044071427|1|2|207131.667762956|204438.204998074|0|0
7.049071427|1|2|244828.362000106|241451.682612732|0|0
7.057071427|2|1|123610.815614554|122271.760976757|0|0
7.068071427|2|1|211269.033732774|204373.754479399|0|0
7.144071427|1|2|140078.365929471|134336.581973287|0|0
7.149071427|1|2|210392.132387648|208736.86211573|0|0
7.157071427|2|1|141412.275838522|138851.105901595|0|0
7.168071427|2|1|177821.290841577|173402.281127368|0|0
7.244071427|1|2|208685.306284359|206131.981330539|0|0
7.249071427|1|2|95385.8448752846|92605.5842919301|0|0
7.258071427|2|1|295559.545167325|292698.571454885|0|0
7.267071427|2|1|110433.526149631|108873.959188911|0|0
7.344071427|1|2|123800.165204586|121610.81622369|0|0
7.349071427|1|2|238268.729696549|234468.837433082|0|0
7.358071427|2|1|173603.089153738|168946.266182615|0|0
7.367071427|2|1|189342.619490614|185233.522916152|0|0
7.444071427|1|2|226391.136007652|223260.325373105|0|0
7.449071427|1|2|222494.477357599|219213.265399931|0|0
7.458071427|2|1|101930.940238614|99450.6074230332|0|0
7.467071427|2|1|181417.387086625|180602.466505489|0|0
7.544071427|1|2|162043.701607817|157311.497833346|0|0
7.549071427|1|2|107812.187715338|105452.15417545|0|0
7.558071427|2|1|205811.455035817|204681.886474885|0|0
7.567071427|2|1|195062.729751692|192289.688208057|0|0
7.644071427|1|2|183325.380821877|181305.796104395|0|0
7.649071427|1|2|247318.176259569|241689.341587203|0|0
7.658071427|2|1|246799.006252851|243251.6904167|0|0
7.667071427|2|1|106507.52297956|104694.048275311|0|0
7.744071427|1|2|160025.767962586|154971.064788797|0|0
7.749071427|1|2|190328.651356295|183839.866598868|0|0
7.758071427|2|1|69976.0997630771|69035.2719463828|0|0
7.767071427|2|1|245564.527775138|241834.92131642|0|0
7.844071427|1|2|224678.142619081|221593.609604957|0|0
7.849071427|1|2|133222.170515366|128109.299613704|0|0
7.858071427|2|1|309576.306611524|305973.249641942|0|0
7.867071427|2|1|169415.847683173|165450.330159259|0|0
7.944071427|1|2|94465.0751706974|90852.557932771|0|0
7.965071427|2|1|138364.687369203|137685.134937902|0|0
8.044071427|1|2|286640.165389349|283691.3744043|0|0
8.065071427|2|1|142270.400459349|139296.522926623|0|0
8.144071427|1|2|188132.778150717|186777.837911001|0|0
8.165071427|2|1|257064.741658971|253947.66732989|0|0
8.239071427|1|2|181578.741865084|180739.041097865|0|0
8.265071427|2|1|115683.040955054|112071.647975573|0|0
8.339071427|1|2|113330.851484094|113202.285737048|0|0
8.365071427|2|1|161872.619215044|158585.396841465|0|0
8.439071427|1|2|200928.086571565|196611.016425383|0|0
8.465071427|2|1|230928.66941593|229137.187648319|0|0
8.539071427|1|2|204649.311491863|201603.103501273|0|0
8.578071427|2|1|271884.853754944|271586.029644329|0|0
8.639071427|1|2|156159.800940414|154915.385567107|0|0
8.678071427|2|1|192142.620847326|190445.970619492|0|0
8.739071427|1|2|155192.922347361|154479.555988257|0|0
8.778071427|2|1|116998.839510932|114346.640402882|0|0
8.839071427|1|2|253209.933711643|248878.987893925|0|0
8.878071427|2|1|207658.056180349|204223.214046136|0|0
8.939071427|1|2|98276.2532257516|94307.4109342595|0|0
8.978071427|2|1|236783.324351705|229069.298012009|0|0
9.039071427|1|2|244735.700140552|243313.877029008|0|0
9.078071427|2|1|103630.83810757|99368.1252439043|0|0
9.139071427|1|2|207380.502877299|207042.002956758|0|0
9.178071427|2|1|240693.854385636|237919.937933361|0|0
9.239071427|1|2|106217.265332917|101960.797456808|0|0
9.278071427|2|1|229677.235048488|226170.057927054|0|0
9.339071427|1|2|310396.38914676|305887.263315429|0|0
9.357071427|1|2|106105.363754564|105278.642701573|0|0
9.358071427|2|1|141951.915884124|140661.29591393|0|0
9.377071427|2|1|107789.204461805|106535.818270086|0|0
9.439071427|1|2|185341.75328749|183939.157113487|0|0
9.457071427|1|2|224300.470409224|218052.454176968|0|0
9.458071427|2|1|231378.077288556|226691.766081126|0|0
9.477071427|2|1|222573.149591633|217559.378801173|0|0
9.539071427|1|2|111282.492454186|108101.013041399|0|0
9.557071427|1|2|155737.625458608|151128.135483047|0|0
9.558071427|2|1|184369.621583648|182891.928576|0|0
9.577071427|2|1|250752.648271757|249880.709957208|0|0
9.639071427|1|2|241032.444104589|237459.170817259|0|0
9.657071427|1|2|159303.339812726|158670.146784006|0|0
9.658071427|2|1|136217.687496812|136193.194139195|0|0
9.677071427|2|1|83533.6695081253|81918.3728435349|0|0
9.739071427|1|2|192385.252438275|187456.516850195|0|0
9.757071427|1|2|174436.352071506|171342.580044975|0|0
9.758071427|2|1|160809.043129218|157008.265782354|0|0
9.777071427|2|1|273947.967440223|272206.907579484|0|0
9.839071427|1|2|92027.4987947448|88793.0297578936|0|0
9.857071427|1|2|233396.480286908|228415.423965283|0|0
9.858071427|2|1|230305.210792286|225570.329099355|0|0
9.877071427|2|1|155475.215457306|155210.188311813|0|0
9.939071427|1|2|240070.006339014|239496.465563906|0|0
9.957071427|1|2|104980.38081493|104548.874624008|0|0
9.958071427|2|1|94371.7701795642|92242.9889183278|0|0
9.977071427|2|1|116668.377054777|114597.52069462|0|0
10.039071427|1|2|224616.435331324|223931.701477193|0|0
10.057071427|1|2|183013.694203968|182570.626612514|0|0
10.058071427|2|1|257775.893117305|253163.682091921|0|0
10.077071427|2|1|219278.056459539|212592.280839348|0|0
10.139071427|1|2|115085.965817151|113411.074253557|0|0
10.157071427|1|2|239816.38094553|236220.658761604|0|0
10.158071427|2|1|197666.968428636|194203.63929966|0|0
10.177071427|2|1|236669.393174884|231839.529535474|0|0
10.239071427|1|2|189384.380399932|188664.725021053|0|0
10.257071427|1|2|98868.2894872297|98499.0109530986|0|0
10.258071427|2|1|134940.073905848|131544.550281691|0|0
10.277071427|2|1|129845.083112052|128758.31051044|0|0
10.339071427|1|2|158938.176376812|158420.217654623|0|0
10.349071427|2|1|91573.2880970947|89395.3514042911|0|0
10.357071427|1|2|187784.748631393|184344.30490634|0|0
10.364071427|2|1|159159.606039325|157299.531868108|0|0
10.439071427|1|2|178903.203235029|178017.324590924|0|0
10.449071427|2|1|245401.205339833|245232.119847591|0|0
10.457071427|1|2|294721.846257918|294469.927894451|0|0
10.464071427|2|1|162030.090318921|161151.494650425|0|0
10.539071427|1|2|202089.862198439|197305.96789045|0|0
10.549071427|2|1|198690.505571637|196559.663092581|0|0
10.557071427|1|2|66506.4559274649|63788.0068549539|0|0
10.564071427|2|1|155140.364456472|150226.379808927|0|0
10.645071427|1|2|297733.414151415|293967.747885595|0|0
10.648071427|1|2|172687.363719223|170021.490758437|0|0
10.649071427|2|1|93659.3481967683|90912.2033537497|0|0
10.664071427|2|1|218087.439980614|216005.711464199|0|0
10.745071427|1|2|76841.0782836307|72956.2534701644|0|0
10.748071427|1|2|136494.862698618|132947.209326503|0|0
10.749071427|2|1|198935.253999651|197701.648020732|0|0
10.764071427|2|1|155623.949661694|153877.814374201|0|0
10.845071427|1|2|205393.462255351|202562.915056025|0|0
10.848071427|1|2|282623.717154075|274223.226522321|0|0
10.849071427|2|1|238772.380726964|236458.549497596|0|0
10.864071427|2|1|139814.310029543|135695.926836018|0|0
10.945071427|1|2|287324.541775418|285874.577403217|0|0
10.948071427|1|2|127786.007947832|125964.699091799|0|0
10.957071427|2|1|155539.054406411|154164.940562774|0|0
10.969071427|2|1|277913.879071784|270738.849148808|0|0
11.045071427|1|2|75250.2847183384|74051.6989116951|0|0
11.048071427|1|2|127557.994028232|125853.500746548|0|0
11.057071427|2|1|355041.081656135|351901.130184079|0|0
11.069071427|2|1|81975.5844636316|80818.5518728995|0|0
11.145071427|1|2|176432.67398483|173251.18081724|0|0
11.148071427|1|2|210991.300264715|208712.548236077|0|0
11.157071427|2|1|84887.7610352671|80688.4461317596|0|0
11.169071427|2|1|169880.198651845|169561.778007752|0|0
11.245071427|1|2|281927.085988975|280765.302450521|0|0
11.248071427|1|2|209576.16968461|206577.120891805|0|0
11.257071427|2|1|143783.916533138|141373.380987213|0|0
11.269071427|2|1|281704.001144443|277689.147828632|0|0
11.345071427|1|2|129657.845229523|128943.65941903|0|0
11.348071427|1|2|155080.501742205|154946.237594467|0|0
11.357071427|2|1|252009.078497841|250173.256124457|0|0
11.369071427|2|1|77949.7403260515|77151.1667351527|0|0
11.445071427|1|2|160704.009000758|157973.218544451|0|0
11.448071427|1|2|138258.531357769|137793.968842812|0|0
11.457071427|2|1|166996.63104539|162407.159023683|0|0
11.469071427|2|1|263164.906078817|260240.458450756|0|0
11.538071427|1|2|129121.755469006|127442.612470202|0|0
11.548071427|1|2|146991.967698232|146820.805697358|0|0
11.557071427|2|1|108630.354131692|108602.45385037|0|0
11.569071427|2|1|204505.364004105|203441.833763959|0|0
11.638071427|1|2|266237.785615197|260014.310799657|0|0
11.648071427|1|2|173576.251607144|168026.937634089|0|0
11.658071427|2|1|257090.396832161|253153.123384768|0|0
11.677071427|2|1|132586.229649255|131604.288202446|0|0
11.738071427|1|2|141848.394647685|139690.367850207|0|0
11.748071427|1|2|180112.253711415|171871.995387768|0|0
11.758071427|2|1|144195.816950434|139846.157169607|0|0
11.777071427|2|1|264799.757038247|260586.489846333|0|0
11.838071427|1|2|88296.2259947307|88062.4289961706|0|0
11.848071427|1|2|207985.20373782|206018.659190469|0|0
11.858071427|2|1|176592.60496906|175919.917799504|0|0
11.877071427|2|1|151587.33444959|150654.465463764|0|0
11.938071427|1|2|347019.097360274|340806.232975959|0|0
11.948071427|1|2|163812.471441906|163077.407816338|0|0
11.958071427|2|1|140992.749146705|140024.558273293|0|0
11.977071427|2|1|113405.425416039|107857.303927239|0|0
12.038071427|1|2|147249.35470624|143145.287287885|0|0
12.048071427|1|2|144697.684211394|143285.807803115|0|0
12.058071427|2|1|210013.27543334|205443.991745106|0|0
12.077071427|2|1|306112.314689655|303765.485287913|0|0
12.138071427|1|2|116300.297587856|115988.480167326|0|0
12.148071427|1|2|243993.472177643|243136.977018179|0|0
12.158071427|2|1|126555.11434388|125269.811248553|0|0
12.177071427|2|1|149303.441731239|149030.573988775|0|0
12.238071427|1|2|258615.149772714|255895.648464006|0|0
12.248071427|1|2|121773.244130687|118006.253938426|0|0
12.258071427|2|1|226213.09807416|225851.282678134|0|0
12.277071427|2|1|112308.96477045|110247.478410656|0|0
12.338071427|1|2|193664.675815747|191794.743354817|0|0
12.348071427|1|2|191912.279502323|188741.023948769|0|0
12.358071427|2|1|158386.953707486|158113.514234879|0|0
12.377071427|2|1|293399.352164768|291559.504232178|0|0
12.438071427|1|2|62579.4750702882|58700.1762930639|0|0
12.448071427|1|2|259727.647119143|256448.224144587|0|0
12.458071427|2|1|185100.274398005|180232.627576404|0|0
12.477071427|2|1|126900.505772179|126420.488208488|0|0
12.538071427|1|2|334404.616515012|329100.581571996|0|0
12.548071427|1|2|146262.387081154|140709.846900788|0|0
12.558071427|2|1|131342.955476168|125254.504517121|0|0
12.577071427|2|1|120063.240360549|116565.489408556|0|0
12.638071427|1|2|180306.134594248|179900.779956203|0|0
12.648071427|1|2|122338.589021067|119802.159698565|0|0
12.658071427|2|1|271817.523008713|271559.680195226|0|0
12.677071427|2|1|247993.625383267|244504.60351449|0|0
12.738071427|1|2|109460.641516259|109119.075303149|0|0
12.748071427|1|2|281248.85673607|279107.761272283|0|0
12.758071427|2|1|131863.935494289|131637.893017988|0|0
12.777071427|2|1|213847.193203384|212075.608902917|0|0
12.838071427|1|2|197125.688627919|194583.084499583|0|0
12.848071427|1|2|138546.953350527|136659.369704495|0|0
12.858071427|2|1|166715.227416494|163106.359487891|0|0
12.877071427|2|1|97244.2939183535|94149.6701737892|0|0
12.946071427|1|2|84574.2697452231|82928.7057169742|0|0
12.957071427|1|2|186244.094107467|180795.87489154|0|0
12.958071427|2|1|244312.879279278|239693.464889131|0|0
12.977071427|2|1|202211.567950503|198738.361013375|0|0
13.046071427|1|2|230733.43257807|227351.047987873|0|0
13.077071427|2|1|196180.885032032|191229.662916025|0|0
13.146071427|1|2|244846.312674377|239244.118699942|0|0
13.177071427|2|1|148432.696772557|143562.351214317|0|0
13.246071427|1|2|110774.026238777|108922.138778211|0|0
13.277071427|2|1|165708.266216581|165421.315438147|0|0
13.346071427|1|2|212577.052791377|205055.602344034|0|0
13.377071427|2|1|209451.832219752|208307.820477711|0|0
13.446071427|1|2|217808.808846297|212714.119918733|0|0
13.477071427|2|1|176889.476180619|172784.806190743|0|0
13.546071427|1|2|130945.232175902|127092.154494272|0|0
13.577071427|2|1|125392.097400863|123710.966093283|0|0
13.646071427|1|2|215419.797446665|213781.138311466|0|0
13.677071427|2|1|208964.495108625|208684.911556238|0|0
13.746071427|1|2|209224.67473822|208740.736723334|0|0
13.777071427|2|1|180119.808774447|179841.799616935|0|0
13.846071427|1|2|98986.3696259355|94697.6713114447|0|0
13.877071427|2|1|150646.135056637|145798.75518083|0|0
13.946071427|1|2|240820.350683908|235169.204102935|0|0
13.957071427|1|2|231699.710561039|229439.91979255|0|0
13.958071427|2|1|151710.261707686|148016.788520677|0|0
13.969071427|2|1|148423.532923757|142282.704231218|0|0
14.046071427|1|2|157029.688491907|156205.10256626|0|0
14.057071427|1|2|129352.440635411|126915.94795893|0|0
14.058071427|2|1|133877.877214034|130654.33311655|0|0
14.069071427|2|1|311180.004380093|304170.277622858|0|0
14.145071427|1|2|144818.693767318|139404.73362897|0|0
14.169071427|2|1|115172.669828759|113530.019238017|0|0
14.245071427|1|2|158119.852078222|155745.50119295|0|0
14.269071427|2|1|168096.774979635|166132.571768937|0|0
14.345071427|1|2|190219.136032536|189972.469406739|0|0
14.369071427|2|1|177057.739986648|175125.450618402|0|0
14.445071427|1|2|159969.055813056|157640.713456906|0|0
14.469071427|2|1|176113.915676496|175577.680743389|0|0
14.545071427|1|2|169624.170062736|169356.629102369|0|0
14.558071427|1|2|155894.292481981|152482.54699819|0|0
14.564071427|2|1|95662.4607490874|95523.4827496027|0|0
14.567071427|2|1|86725.7994489213|86347.5409305864|0|0
14.645071427|1|2|173602.033884862|171485.225359538|0|0
14.658071427|1|2|230695.310424292|229475.1049919|0|0
14.664071427|2|1|168530.88674158|163433.157274503|0|0
14.667071427|2|1|264525.84572438|259388.56948999|0|0
14.745071427|1|2|203336.628226251|202477.664579185|0|0
14.758071427|1|2|110753.123897617|109864.766412561|0|0
14.764071427|2|1|301836.166013405|300121.926623021|0|0
14.767071427|2|1|185543.892525118|180174.643409205|0|0
14.845071427|1|2|125433.753204513|123705.837794722|0|0
14.858071427|1|2|194930.225414788|194433.538568745|0|0
14.864071427|2|1|101271.412060142|100766.598151246|0|0
14.867071427|2|1|137659.38039419|137305.848001419|0|0
14.945071427|1|2|168397.63140675|161271.911517982|0|0
14.958071427|1|2|174617.474971337|173568.610859747|0|0
14.964071427|2|1|150319.494089607|146801.112816621|0|0
14.967071427|2|1|155009.043781897|153686.929984035|0|0
15.045071427|1|2|229389.43525163|225303.945552659|0|0
15.058071427|1|2|169183.148471151|168308.174835647|0|0
15.064071427|2|1|279065.7286568|277973.588489852|0|0
15.067071427|2|1|224043.587020375|219131.515857768|0|0
15.139071427|1|2|239044.486336738|237236.637254553|0|0
15.157071427|1|2|213052.048720724|209865.668113493|0|0
15.164071427|2|1|99434.3939048757|99122.6494390446|0|0
15.167071427|2|1|116847.489742685|116395.418193365|0|0
15.239071427|1|2|75331.3431182124|71779.4067767316|0|0
15.257071427|1|2|169098.297947782|167236.069184251|0|0
15.264071427|2|1|163727.932021024|160025.834871918|0|0
15.267071427|2|1|232934.825138339|231412.734689762|0|0
15.339071427|1|2|270028.611834635|266431.79839423|0|0
15.357071427|1|2|128022.929864505|127634.028704979|0|0
15.364071427|2|1|233949.18354823|230297.808290671|0|0
15.367071427|2|1|134636.97832829|134312.805831693|0|0
15.439071427|1|2|183580.034416009|182191.009085035|0|0
15.457071427|1|2|210076.87131708|205427.620022508|0|0
15.464071427|2|1|178537.213528811|177919.206035215|0|0
15.467071427|2|1|209532.871152312|205108.478379908|0|0
15.539071427|1|2|123732.484912252|119865.477552068|0|0
15.557071427|1|2|260830.621387505|255092.293465612|0|0
15.564071427|2|1|100674.71165351|100179.936147483|0|0
15.567071427|2|1|122170.569582065|119176.328326021|0|0
15.639071427|1|2|177314.355127899|175186.258649412|0|0
15.657071427|1|2|82193.6705344584|82001.4140914522|0|0
15.664071427|2|1|225415.638695567|222908.920030898|0|0
15.667071427|2|1|224870.570364805|222860.684099455|0|0
15.739071427|1|2|192380.077187741|191247.433396554|0|0
15.757071427|1|2|188350.882700305|187428.408838473|0|0
15.764071427|2|1|192339.332149644|185333.142578625|0|0
15.767071427|2|1|167641.034808934|165758.66515211|0|0
15.839071427|1|2|148050.439249594|146524.359546302|0|0
15.857071427|1|2|267592.629228241|264808.171480265|0|0
15.864071427|2|1|138148.742903011|135816.743215176|0|0
15.867071427|2|1|158447.154243341|151155.661772743|0|0
15.939071427|1|2|186919.214454058|185439.521063082|0|0
15.957071427|1|2|99688.3551126125|98850.2468111491|0|0
15.964071427|2|1|162152.896880142|162086.793147106|0|0
15.967071427|2|1|211952.863164923|207081.109586478|0|0
16.039071427|1|2|186030.80906024|184279.078972297|0|0
16.057071427|1|2|217276.683950272|214377.568924515|0|0
16.059071427|2|1|230577.826335051|226642.47453829|0|0
16.068071427|2|1|192096.115290892|190419.559798577|0|0
16.139071427|1|2|153000.643979885|152718.077959274|0|0
16.157071427|1|2|224344.963468101|217773.298278027|0|0
16.159071427|2|1|222415.576667062|216561.837560983|0|0
16.168071427|2|1|70176.5411524807|66585.0154744881|0|0
16.239071427|1|2|126121.118455065|123150.031771836|0|0
16.257071427|1|2|118153.188283103|116344.080932679|0|0
16.259071427|2|1|112315.414376157|110721.605472834|0|0
16.268071427|2|1|298527.65758593|295776.924735819|0|0
16.346071427|1|2|170764.878102227|165900.076988178|0|0
16.357071427|1|2|156151.168193923|156016.61645821|0|0
16.359071427|2|1|189731.517542779|188429.863525867|0|0
16.368071427|2|1|171608.307787784|168301.562642899|0|0
16.446071427|1|2|111868.300104523|111579.366230653|0|0
16.457071427|1|2|251836.064780773|251489.836743105|0|0
16.459071427|2|1|199917.822381565|198342.534539033|0|0
16.468071427|2|1|94216.5988963732|90930.4911182299|0|0
16.546071427|1|2|293481.020969083|291415.752405474|0|0
16.557071427|1|2|115277.077754046|114945.565685805|0|0
16.559071427|2|1|141090.872520916|140226.517777734|0|0
16.568071427|2|1|244820.725041695|244650.099920326|0|0
16.646071427|1|2|119830.830511565|117226.63131767|0|0
16.657071427|1|2|189871.150075662|185251.14491617|0|0
16.659071427|2|1|197557.027464131|195088.89240361|0|0
16.668071427|2|1|257254.223737838|256503.274427875|0|0
16.746071427|1|2|156964.265271812|156270.950481991|0|0
16.757071427|1|2|207901.112035316|204683.821480503|0|0
16.759071427|2|1|161517.551677023|156071.34004151|0|0
16.768071427|2|1|61327.2631774335|60559.6449041267|0|0
16.846071427|1|2|155110.235894511|153503.802452728|0|0
16.857071427|1|2|179640.078708764|175792.404771125|0|0
16.859071427|2|1|202035.525584373|200762.961798839|0|0
16.868071427|2|1|266275.973085869|265221.796057459|0|0
16.946071427|1|2|263168.96850421|262454.984852048|0|0
16.957071427|1|2|155231.573464663|150357.953087396|0|0
16.959071427|2|1|137198.813950285|132009.903790763|0|0
16.968071427|2|1|160636.085458164|157701.584185901|0|0
17.046071427|1|2|105669.54492424|103255.874992683|0|0
17.057071427|1|2|185124.759275361|183000.814095712|0|0
17.059071427|2|1|181622.961530301|181101.4622126|0|0
17.068071427|2|1|137247.51179827|136247.034439699|0|0
17.146071427|1|2|169290.452578032|162067.656655686|0|0
17.157071427|1|2|165322.730256858|161389.936396524|0|0
17.159071427|2|1|196966.138795011|195221.687633943|0|0
17.168071427|2|1|209084.542882839|206146.061031157|0|0
17.246071427|1|2|220993.193950154|218226.77873674|0|0
17.257071427|1|2|171716.685975932|168957.20614264|0|0
17.259071427|2|1|153454.289406256|149334.003822251|0|0
17.268071427|2|1|207205.557383395|200813.445990896|0|0
17.346071427|1|2|159429.409774694|159336.608277419|0|0
17.357071427|1|2|195804.95006143|193958.556796739|0|0
17.359071427|2|1|189404.303441239|185478.99141034|0|0
17.368071427|2|1|119570.943448825|118127.570051474|0|0
17.446071427|1|2|102492.73940977|99288.2265432503|0|0
17.457071427|1|2|169924.688270416|164710.203950276|0|0
17.459071427|2|1|201209.435180527|195954.654125743|0|0
17.468071427|2|1|185964.715010851|184328.338386646|0|0
17.546071427|1|2|282928.333024901|279934.918587151|0|0
17.557071427|1|2|150943.988560364|147696.7498708|0|0
17.558071427|2|1|133260.882962669|129401.207092461|0|0
17.568071427|2|1|193884.086487605|193710.538963121|0|0
17.646071427|1|2|180347.614154965|179195.278713696|0|0
17.657071427|1|2|126579.291494538|126400.248752088|0|0
17.658071427|2|1|150594.572348661|150094.472587094|0|0
17.668071427|2|1|150741.399265221|147786.889021105|0|0
17.738071427|1|2|125076.526738769|124534.427727147|0|0
17.757071427|1|2|270372.491743743|266254.4861511|0|0
17.758071427|2|1|313964.283624119|312887.028302697|0|0
17.768071427|2|1|113046.201943603|112360.512688282|0|0
17.838071427|1|2|157238.638388487|157099.800060133|0|0
17.857071427|1|2|100140.434151646|95219.5551988732|0|0
17.858071427|2|1|88354.9631553468|85993.776641608|0|0
17.868071427|2|1|284573.993882768|281582.278786238|0|0
17.938071427|1|2|283967.377424803|279978.497903054|0|0
17.957071427|1|2|235741.666594201|232714.538057814|0|0
17.958071427|2|1|168828.849690847|168363.823560615|0|0
17.968071427|2|1|178588.509677731|176888.218361159|0|0
18.038071427|1|2|82190.9951489318|78101.4239946207|0|0
18.057071427|1|2|176024.568445767|173436.489356423|0|0
18.058071427|2|1|253600.854230526|253087.694900703|0|0
18.068071427|2|1|77967.9637607259|74216.6294504021|0|0
18.138071427|1|2|170214.171402521|167967.432272703|0|0
18.157071427|1|2|137669.533990775|137404.02865703|0|0
18.158071427|2|1|128956.497081088|128669.530161924|0|0
18.168071427|2|1|249222.508559145|243428.637230997|0|0
18.238071427|1|2|265378.076745157|262140.997509477|0|0
18.257071427|1|2|184110.366351332|178925.941025432|0|0
18.258071427|2|1|139331.198205117|134434.693798129|0|0
18.268071427|2|1|224019.721584936|222644.804456895|0|0
18.338071427|1|2|148657.446835746|145329.003727294|0|0
18.349071427|2|1|161966.163137685|161670.352916228|0|0
18.357071427|1|2|309378.771913149|305925.760234493|0|0
18.369071427|2|1|67907.4265700317|65245.4287031989|0|0
18.438071427|1|2|121666.195635014|120623.28591051|0|0
18.449071427|2|1|218596.844469315|217941.399353119|0|0
18.457071427|1|2|71323.5315258393|68819.8461152532|0|0
18.469071427|2|1|319034.298894763|318329.039316232|0|0
18.538071427|1|2|188824.13196912|184937.148708911|0|0
18.549071427|2|1|132591.11331409|129238.674232152|0|0
18.557071427|1|2|231711.914350234|230750.547699902|0|0
18.569071427|2|1|190534.646488194|189791.434642704|0|0
18.637071427|1|2|164044.064934368|160998.157787909|0|0
18.646071427|1|2|72813.0551103131|72078.064342576|0|0
18.649071427|2|1|171260.352684516|168968.525873939|0|0
18.669071427|2|1|74821.2285699985|70966.5660151257|0|0
18.737071427|1|2|125231.360066681|121972.249089572|0|0
18.746071427|1|2|319698.744486592|314055.190018077|0|0
18.749071427|2|1|240196.85904599|239133.694703023|0|0
18.769071427|2|1|270906.052365121|266278.476415966|0|0
18.837071427|1|2|176193.227551542|171378.602766746|0|0
18.846071427|1|2|168791.476743924|164852.102563988|0|0
18.857071427|2|1|152161.601875548|145623.357492696|0|0
18.867071427|2|1|300612.701655887|297099.45751179|0|0
18.937071427|1|2|206090.746998684|204902.054859567|0|0
18.946071427|1|2|107975.178469416|107816.766294446|0|0
18.957071427|2|1|294623.861482237|294322.584176967|0|0
18.967071427|2|1|102059.330412923|99766.4852157036|0|0
19.037071427|1|2|181629.136745824|180780.463683041|0|0
19.046071427|1|2|193254.784068531|190703.897227401|0|0
19.057071427|2|1|98326.5600503573|97143.2478447574|0|0
19.067071427|2|1|147429.991672977|147341.327093631|0|0
19.144071427|1|2|281088.802464497|276162.364916706|0|0
19.167071427|2|1|268757.442188808|261495.157299552|0|0
19.244071427|1|2|116371.828538756|115851.987559635|0|0
19.267071427|2|1|145292.541505679|140611.877848617|0|0
19.344071427|1|2|139233.934921283|135201.590664252|0|0
19.367071427|2|1|204223.717141769|200676.123353619|0|0
19.444071427|1|2|225615.947146376|222266.582100613|0|0
19.467071427|2|1|220097.247168538|215431.438329858|0|0
19.544071427|1|2|167406.547527679|162871.255497902|0|0
19.567071427|2|1|130982.223334799|129714.084231424|0|0
19.644071427|1|2|154030.64297714|151600.561549305|0|0
19.667071427|2|1|139726.101427597|138409.337049615|0|0
19.744071427|1|2|206814.460252128|205785.618989651|0|0
19.757071427|1|2|162335.694041466|158595.245869795|0|0
19.765071427|2|1|311541.520284943|310984.737441334|0|0
19.777071427|2|1|99866.6503356717|96379.3993809093|0|0
19.844071427|1|2|139847.514026537|138674.484912888|0|0
19.857071427|1|2|128680.293593878|128514.979509824|0|0
19.865071427|2|1|148626.85395992|147014.553230988|0|0
19.877071427|2|1|190596.60495447|185218.085650154|0|0
19.944071427|1|2|159060.612631042|156886.360886501|0|0
19.957071427|1|2|290209.875241521|287201.944812819|0|0
19.965071427|2|1|102622.477735664|97820.326295605|0|0
19.977071427|2|1|222965.065188893|221681.719651938|0|0
20.044071427|1|2|175508.793856528|173640.472740071|0|0
20.057071427|1|2|124846.863481077|123545.014329173|0|0
20.065071427|2|1|240426.589185458|236317.250276608|0|0
20.077071427|2|1|129230.737681106|127341.330088169|0|0
20.144071427|1|2|245570.352104835|245164.460952578|0|0
20.157071427|1|2|131438.195790543|127789.977749467|0|0
20.165071427|2|1|229335.742429252|226680.757904046|0|0
20.177071427|2|1|168452.743311439|167799.970757151|0|0
20.244071427|1|2|100129.118474642|99567.2808663297|0|0
20.257071427|1|2|201316.295070753|197312.587085038|0|0
20.265071427|2|1|85527.4534429375|82979.4198896154|0|0
20.277071427|2|1|265937.807855407|260310.432090698|0|0
20.344071427|1|2|177421.869524215|173064.377495838|0|0
20.357071427|1|2|215057.641489468|214695.507399234|0|0
20.365071427|2|1|232403.543980285|231028.750967041|0|0
20.377071427|2|1|117638.537667438|114825.120735692|0|0
20.437071427|1|2|354805.75840122|352615.507667103|0|0
20.445071427|1|2|245446.715156673|244140.881613847|0|0
20.465071427|2|1|139768.802534204|139614.126977064|0|0
20.477071427|2|1|133833.714591567|133503.767785865|0|0
20.537071427|1|2|164672.514272192|160226.235240724|0|0
20.545071427|1|2|130561.136327659|127975.982745468|0|0
20.565071427|2|1|193798.337084073|191876.596910274|0|0
20.577071427|2|1|219139.51786185|215930.863887823|0|0
20.637071427|1|2|108545.249311011|107630.569610159|0|0
20.645071427|1|2|163259.371483409|161625.657336089|0|0
20.665071427|2|1|143953.163354276|143854.968403943|0|0
20.677071427|2|1|200166.295300493|197094.236314712|0|0
20.737071427|1|2|185587.255521306|185329.202534417|0|0
20.745071427|1|2|258170.057287728|252645.708616586|0|0
20.765071427|2|1|238523.73297102|235844.410406069|0|0
20.777071427|2|1|146352.423523364|143675.646591376|0|0
20.837071427|1|2|236943.180211671|235383.518519148|0|0
20.845071427|1|2|92357.5834408961|89043.5514161039|0|0
20.865071427|2|1|115378.738572121|115172.098076201|0|0
20.877071427|2|1|137403.018698884|131890.268778003|0|0
20.937071427|1|2|101359.932175882|99390.2922321065|0|0
20.945071427|1|2|222951.067135488|219607.448056499|0|0
20.949071427|2|1|308262.568483494|307334.239648068|0|0
20.977071427|2|1|257992.347029228|253782.353052182|0|0
21.037071427|1|2|238264.902606662|233145.963108319|0|0
21.045071427|1|2|258622.350325625|257658.607865564|0|0
21.049071427|2|1|113928.829029698|109222.857270612|0|0
21.077071427|2|1|105184.502953672|104547.889886515|0|0
21.137071427|1|2|152983.489402478|152047.673936077|0|0
21.145071427|1|2|120640.308921955|116791.207668572|0|0
21.149071427|2|1|150061.135562473|147429.218231802|0|0
21.177071427|2|1|182831.792491652|182479.828292947|0|0
21.237071427|1|2|150010.918617308|147142.239960736|0|0
21.245071427|1|2|129047.96976169|126811.177381588|0|0
21.249071427|2|1|213790.678227054|213305.354048447|0|0
21.277071427|2|1|239804.723814149|237860.260335309|0|0
21.338071427|1|2|154468.244771764|150837.268558661|0|0
21.348071427|1|2|233174.468351775|230604.540071003|0|0
21.349071427|2|1|195516.351690569|191678.75535619|0|0
21.377071427|2|1|151481.354991701|149030.628888416|0|0
21.438071427|1|2|234694.414582131|232878.350568197|0|0
21.448071427|1|2|89372.8244750077|89121.1996869536|0|0
21.449071427|2|1|140858.247088857|138570.203311862|0|0
21.469071427|2|1|162716.461535336|162253.059647918|0|0
21.538071427|1|2|133375.546197124|130300.463760654|0|0
21.548071427|1|2|229478.783696642|223391.465823567|0|0
21.549071427|2|1|150924.50963287|150413.250032783|0|0
21.569071427|2|1|182514.033265489|176760.25671815|0|0
21.638071427|1|2|144845.939138595|140165.277851402|0|0
21.648071427|1|2|168142.066403598|163963.637937855|0|0
21.649071427|2|1|204900.859688328|204363.720604141|0|0
21.669071427|2|1|235434.332052896|228988.856089674|0|0
21.738071427|1|2|247184.930652581|246274.180815962|0|0
21.748071427|1|2|152682.758090943|151093.262427695|0|0
21.749071427|2|1|158308.507303886|155570.102136064|0|0
21.769071427|2|1|138609.536756467|137127.895760779|0|0
21.838071427|1|2|178499.789460921|177257.525582618|0|0
21.848071427|1|2|155380.921549123|151718.999660247|0|0
21.849071427|2|1|139199.721630825|136372.101537326|0|0
21.869071427|2|1|150442.475202921|149958.733452445|0|0
21.938071427|1|2|81847.1944292864|78285.5671014925|0|0
21.948071427|1|2|230777.786252022|227712.565913713|0|0
21.949071427|2|1|286523.554288338|280626.314989979|0|0
21.969071427|2|1|246112.262092388|239099.100256714|0|0
22.038071427|1|2|354132.992023748|350325.099402685|0|0
22.048071427|1|2|168932.889375237|168278.72206478|0|0
22.049071427|2|1|128381.366107365|127721.304882409|0|0
22.069071427|2|1|136040.859571113|131500.636867646|0|0
22.138071427|1|2|103594.930706497|102217.70592658|0|0
22.148071427|1|2|106100.383523433|102045.974079117|0|0
22.149071427|2|1|122708.505461908|122410.475441875|0|0
22.169071427|2|1|209380.846858205|207832.623922803|0|0
22.237071427|1|2|100817.683851011|100722.913720568|0|0
22.249071427|2|1|267281.455073724|262218.232809651|0|0
22.257071427|1|2|167391.360053413|164812.292616793|0|0
22.269071427|2|1|157792.292093595|154966.049226597|0|0
22.337071427|1|2|248065.944759958|244691.82933416|0|0
22.349071427|2|1|143989.960531364|140585.780418231|0|0
22.357071427|1|2|169072.910196689|167547.691827987|0|0
22.369071427|2|1|188396.986359725|188154.78246058|0|0
22.437071427|1|2|286337.476919006|283091.135562333|0|0
22.449071427|2|1|189523.538055808|185671.790643546|0|0
22.457071427|1|2|150272.510312591|146257.933856115|0|0
22.469071427|2|1|121993.719289069|119656.434739806|0|0
22.537071427|1|2|41281.134687737|40605.403653265|0|0
22.557071427|1|2|223917.351439383|221322.343626536|0|0
22.558071427|2|1|186462.044819902|186178.250998669|0|0
22.569071427|2|1|191515.892365832|188379.220099482|0|0
22.637071427|1|2|264448.632831646|260654.58917426|0|0
22.657071427|1|2|105622.531964202|102138.824555159|0|0
22.658071427|2|1|83237.8877084925|82937.6274239387|0|0
22.669071427|2|1|170252.126436531|169667.131120064|0|0
22.737071427|1|2|210364.285792448|205951.055789541|0|0
22.757071427|1|2|230193.947531572|229192.252356188|0|0
22.758071427|2|1|242144.343726982|237606.981844772|0|0
22.769071427|2|1|144449.525585012|143453.465110639|0|0
22.838071427|1|2|94013.9451414279|93410.8348720703|0|0
22.849071427|1|2|319263.510457536|314812.666696147|0|0
22.858071427|2|1|211271.275513308|209260.050647918|0|0
22.869071427|2|1|156891.535628497|154135.840025188|0|0
22.938071427|1|2|215110.686211522|213549.525307938|0|0
22.949071427|1|2|127162.938286862|125065.832320642|0|0
22.958071427|2|1|119311.390867321|116699.870451637|0|0
22.969071427|2|1|249239.943732578|247506.446203647|0|0
23.038071427|1|2|227842.540976932|224965.163732711|0|0
23.049071427|1|2|131356.128701457|126963.739022325|0|0
23.058071427|2|1|189932.911476672|186388.374493126|0|0
23.069071427|2|1|156897.2048899|152524.661364983|0|0
23.138071427|1|2|105671.751630159|103188.512427728|0|0
23.149071427|1|2|275062.265954887|269316.371215498|0|0
23.158071427|2|1|252475.299050434|251205.721064391|0|0
23.169071427|2|1|132246.217735602|128746.78125392|0|0
23.238071427|1|2|205165.397026843|196848.698392894|0|0
23.249071427|1|2|196348.797899035|195882.096307376|0|0
23.258071427|2|1|69242.7270420704|66258.9039617605|0|0
23.269071427|2|1|220769.06096668|217509.915483631|0|0
23.338071427|1|2|197071.558477952|193366.029690026|0|0
23.357071427|1|2|225253.232910451|222218.109626842|0|0
23.358071427|2|1|303573.802282503|301354.647925483|0|0
23.369071427|2|1|190619.915902372|187511.365535506|0|0
23.438071427|1|2|183583.402479755|181310.620041819|0|0
23.457071427|1|2|212261.63609179|209632.862652369|0|0
23.458071427|2|1|182681.559998104|182177.879835475|0|0
23.469071427|2|1|111627.272757295|110249.227439419|0|0
23.538071427|1|2|135781.233998218|132965.945244605|0|0
23.557071427|1|2|80029.2331362258|76135.1550588729|0|0
23.558071427|2|1|98878.6882062656|95861.7623160748|0|0
23.569071427|2|1|294933.5514814|293213.53577407|0|0
23.638071427|1|2|204487.368461619|204110.778102117|0|0
23.657071427|1|2|262198.47686703|260056.896420369|0|0
23.658071427|2|1|229418.651211906|226587.942522576|0|0
23.669071427|2|1|149142.260341072|140937.275162424|0|0
23.738071427|1|2|141708.320537217|140571.035107202|0|0
23.757071427|1|2|241986.36899774|239583.935247579|0|0
23.758071427|2|1|243360.030158866|239239.698320776|0|0
23.769071427|2|1|177052.404180386|173811.169630119|0|0
23.838071427|1|2|202937.071445823|199118.887418048|0|0
23.857071427|1|2|89864.6949137712|88924.1751016937|0|0
23.858071427|2|1|85539.1108176466|79790.632952914|0|0
23.869071427|2|1|198945.260683408|194663.491581687|0|0
23.938071427|1|2|122579.023307283|121612.278074213|0|0
23.957071427|1|2|215843.122944776|210814.625967702|0|0
23.958071427|2|1|233036.343215935|229149.656741778|0|0
23.969071427|2|1|203025.570717906|201048.34924016|0|0
24.038071427|1|2|278623.020729472|272648.888075729|0|0
24.049071427|2|1|175522.07287627|171570.603306756|0|0
24.057071427|1|2|192871.601924032|190265.556621785|0|0
24.078071427|2|1|263243.528432743|261356.533441742|0|0
24.138071427|1|2|115539.674821244|114732.710939826|0|0
24.149071427|2|1|181157.942320527|177133.032270376|0|0
24.157071427|1|2|143842.065999747|142271.978137793|0|0
24.178071427|2|1|127521.556773486|126296.953279796|0|0
24.238071427|1|2|165843.437606159|165006.937771221|0|0
24.249071427|2|1|188227.337263383|188037.373132156|0|0
24.257071427|1|2|205884.709182408|203671.406841835|0|0
24.278071427|2|1|121217.383857073|119900.608660749|0|0
24.338071427|1|2|157043.167514101|152070.7912394|0|0
24.346071427|1|2|153911.692317166|150878.781930367|0|0
24.349071427|2|1|122463.33176528|120531.41830116|0|0
24.378071427|2|1|344775.555666737|343289.136363555|0|0
24.438071427|1|2|114691.964982271|113871.190305193|0|0
24.446071427|1|2|218984.085743375|218899.814301011|0|0
24.449071427|2|1|228461.3972277|224680.445573052|0|0
24.478071427|2|1|132375.412550752|128662.579047252|0|0
24.538071427|1|2|205131.65718958|202166.938713619|0|0
24.546071427|1|2|140860.673832886|138303.78355533|0|0
24.549071427|2|1|184126.492600834|183323.211688862|0|0
24.578071427|2|1|102683.951860084|100157.207023536|0|0
24.638071427|1|2|301067.110167279|298333.012401114|0|0
24.646071427|1|2|150977.777211739|147647.350809534|0|0
24.649071427|2|1|105480.433270228|104298.559825156|0|0
24.678071427|2|1|274629.290932889|271276.986952107|0|0
24.738071427|1|2|58506.2858002711|55748.0341673328|0|0
24.746071427|1|2|176372.908070007|174879.329463598|0|0
24.749071427|2|1|244616.088980781|238545.619192732|0|0
24.778071427|2|1|175250.96014761|169805.662713139|0|0
24.838071427|1|2|249975.800228349|248900.241167593|0|0
24.846071427|1|2|253318.374530627|247690.442516232|0|0
24.849071427|2|1|187971.706270076|187839.971920232|0|0
24.878071427|2|1|82662.9824224082|82197.9398128344|0|0
24.939071427|1|2|271961.737137885|270691.546926257|0|0
24.978071427|2|1|329917.762656842|328261.398535473|0|0
25.039071427|1|2|102602.134127533|102046.818775482|0|0
25.078071427|2|1|130341.81882102|127085.604242627|0|0
25.139071427|1|2|173210.471529667|171704.493097828|0|0
25.178071427|2|1|131660.064256541|129471.469828529|0|0
25.239071427|1|2|250954.680444407|250776.754877314|0|0
25.278071427|2|1|174042.035906882|173357.332913344|0|0
25.339071427|1|2|94417.3436407547|93424.7115853072|0|0
25.378071427|2|1|260745.160747947|259539.52821457|0|0
25.438071427|1|2|223113.99647727|221743.231816469|0|0
25.448071427|1|2|324289.278471462|318339.307921232|0|0
25.449071427|2|1|262642.243831331|258922.448471856|0|0
25.478071427|2|1|104337.170956168|102008.335643009|0|0
25.538071427|1|2|184474.818744599|183376.379777506|0|0
25.548071427|1|2|68825.9803014573|64190.8699552419|0|0
25.549071427|2|1|43515.8988622302|41088.2329017294|0|0
25.566071427|2|1|213596.057735101|212970.409279823|0|0
25.638071427|1|2|160966.14723815|156849.064119615|0|0
25.648071427|1|2|236258.815683381|235536.327880921|0|0
25.649071427|2|1|290493.224870042|289120.585488872|0|0
25.666071427|2|1|132060.332242598|131371.739919262|0|0
25.738071427|1|2|162489.733159826|154749.767810007|0|0
25.748071427|1|2|215330.460092229|214400.2848436|0|0
25.749071427|2|1|206213.219208398|202529.431408572|0|0
25.766071427|2|1|154011.568812662|150125.041300347|0|0
25.838071427|1|2|228065.820382935|224898.641007476|0|0
25.848071427|1|2|115267.747013668|114402.819677453|0|0
25.849071427|2|1|106699.622915764|104017.584202365|0|0
25.866071427|2|1|189937.973440205|188085.374472503|0|0
25.938071427|1|2|151773.173728736|151347.931315647|0|0
25.948071427|1|2|153909.693519861|150907.599214074|0|0
25.949071427|2|1|185966.005762059|185941.660881375|0|0
25.966071427|2|1|208294.644808869|205407.857681756|0|0
26.038071427|1|2|186089.761570648|183049.800864527|0|0
26.048071427|1|2|325813.374817107|322128.817586012|0|0
26.049071427|2|1|227425.515579215|223695.173984007|0|0
26.066071427|2|1|109596.497295106|107850.759635441|0|0
26.138071427|1|2|159400.053765224|156706.489596249|0|0
26.148071427|1|2|81541.4581375262|81073.0290988581|0|0
26.149071427|2|1|111747.494512498|107435.232032899|0|0
26.166071427|2|1|262974.194963959|262549.517229085|0|0
26.238071427|1|2|157934.624276952|155708.483481875|0|0
26.248071427|1|2|183292.794448259|180575.337877469|0|0
26.249071427|2|1|187015.632523927|186713.221637111|0|0
26.266071427|2|1|115233.421352419|115059.204407276|0|0
26.338071427|1|2|185777.78496261|184011.662640669|0|0
26.348071427|1|2|194214.211643004|189481.908455011|0|0
26.349071427|2|1|158358.047720225|155515.683065981|0|0
26.367071427|2|1|155601.574035469|150793.504491154|0|0
26.438071427|1|2|179124.036494501|176506.673916266|0|0
26.448071427|1|2|157500.418567259|155749.268724922|0|0
26.449071427|2|1|185900.58191519|185571.154637341|0|0
26.467071427|2|1|281124.17634008|280008.478376127|0|0
26.538071427|1|2|191195.815547211|187143.149076378|0|0
26.548071427|1|2|174432.008919578|172560.219295126|0|0
26.549071427|2|1|132096.783665325|128635.979618388|0|0
26.567071427|2|1|106981.995320601|105642.965011641|0|0
26.638071427|1|2|149328.348182496|148445.950672299|0|0
26.646071427|1|2|307868.067135041|306253.08841867|0|0
26.649071427|2|1|213416.606793637|212734.107202536|0|0
26.667071427|2|1|186741.253811045|185585.236262942|0|0
26.738071427|1|2|134111.702437456|133992.92785479|0|0
26.746071427|1|2|123412.477094334|120443.759739156|0|0
26.749071427|2|1|158891.047422249|158019.704074006|0|0
26.767071427|2|1|272864.281735649|271524.504804738|0|0
26.838071427|1|2|265258.790359175|259480.96495666|0|0
26.846071427|1|2|154774.278586695|151376.368034646|0|0
26.857071427|2|1|333093.292895494|332242.582262846|0|0
26.869071427|2|1|87678.6609719146|84046.6116091785|0|0
26.938071427|1|2|137122.584430327|134386.354160645|0|0
26.946071427|1|2|185536.3517511|184667.975820168|0|0
26.957071427|2|1|141166.841883365|139824.417432529|0|0
26.969071427|2|1|208915.765498053|203996.297039609|0|0
27.038071427|1|2|149595.456937826|147468.946837183|0|0
27.046071427|1|2|221743.644990711|219882.023172708|0|0
27.057071427|2|1|138709.04505329|136343.962688292|0|0
27.069071427|2|1|232319.340528388|232059.272559286|0|0
27.145071427|1|2|79758.4033798576|78460.8840387495|0|0
27.169071427|2|1|104693.495784564|104032.147234306|0|0
27.245071427|1|2|213853.429744078|209457.348205578|0|0
27.269071427|2|1|158980.037268528|155276.414656811|0|0
27.345071427|1|2|173500.603225202|168538.997737201|0|0
27.369071427|2|1|237784.843647817|235309.726187485|0|0
27.445071427|1|2|187484.839340743|187139.553573702|0|0
27.469071427|2|1|187669.446287841|186756.675421068|0|0
27.545071427|1|2|123509.486660827|121307.903978087|0|0
27.569071427|2|1|118834.143758576|118671.622830055|0|0
27.645071427|1|2|226871.415854202|222127.044001204|0|0
27.669071427|2|1|176326.637392604|171730.243147488|0|0
27.745071427|1|2|178314.260355269|177454.659507372|0|0
27.769071427|2|1|211618.727402502|207214.823930801|0|0
27.845071427|1|2|115369.982959254|112133.663547677|0|0
27.869071427|2|1|127291.828576937|126999.854237544|0|0
27.937071427|1|2|60057.4988375196|57441.4104629761|0|0
27.947071427|1|2|299099.046183847|292420.436889946|0|0
27.957071427|2|1|165798.121216567|162892.850372642|0|0
27.969071427|2|1|181187.078181472|178956.732278198|0|0
28.037071427|1|2|222090.102927814|220918.415087074|0|0
28.047071427|1|2|174611.983961769|169197.38028184|0|0
28.057071427|2|1|149497.931394603|147584.163205255|0|0
28.068071427|2|1|205569.606778557|201845.561228361|0|0
28.137071427|1|2|216882.237553795|214520.002744687|0|0
28.147071427|1|2|109568.82291495|109123.665740532|0|0
28.157071427|2|1|270610.229839866|268143.810334092|0|0
28.168071427|2|1|163135.971833332|162473.466557102|0|0
28.237071427|1|2|124040.947431184|123263.341330093|0|0
28.247071427|1|2|268644.382397444|268255.42091764|0|0
28.257071427|2|1|169807.275277486|164682.532714162|0|0
28.268071427|2|1|117006.513831745|116649.121370445|0|0
28.337071427|1|2|212457.33154529|209064.061350314|0|0
28.347071427|1|2|153856.848558878|152720.398449555|0|0
28.357071427|2|1|80988.8566209071|78423.887842248|0|0
28.368071427|2|1|275085.816085227|272407.511001817|0|0
28.437071427|1|2|226657.72755245|217447.65327499|0|0
28.447071427|1|2|118504.747716025|114889.610112057|0|0
28.457071427|2|1|314289.433801982|312955.974853278|0|0
28.468071427|2|1|117477.041127875|115559.658588733|0|0
28.545071427|1|2|195037.138622263|189514.650841645|0|0
28.557071427|2|1|153375.22835713|149761.624638445|0|0
28.558071427|1|2|107912.223589153|104706.990194317|0|0
28.568071427|2|1|147799.736597896|144884.687721413|0|0
28.645071427|1|2|236316.935490024|235358.891283481|0|0
28.657071427|2|1|98601.2445071423|97769.2493524751|0|0
28.658071427|1|2|162435.447981527|156234.232849955|0|0
28.668071427|2|1|274234.23129648|272746.136851555|0|0
28.745071427|1|2|125441.066630823|124797.257480465|0|0
28.757071427|2|1|296507.554815508|292236.674349642|0|0
28.758071427|1|2|235720.057584049|230339.64234038|0|0
28.768071427|2|1|147440.807578433|142070.668446681|0|0
28.845071427|1|2|214233.262058168|210161.788063043|0|0
28.857071427|2|1|174151.871719728|172222.465259423|0|0
28.858071427|1|2|162772.447972812|158515.121036942|0|0
28.868071427|2|1|119717.968512413|114172.700995569|0|0
28.945071427|1|2|227380.196629865|222120.930415135|0|0
28.957071427|2|1|88418.4507196209|86981.072557525|0|0
28.958071427|1|2|142983.198931698|141889.164254199|0|0
28.968071427|2|1|308215.764973226|306819.191213843|0|0
29.045071427|1|2|105495.494351653|103434.043172045|0|0
29.058071427|1|2|282674.569675611|280390.512746557|0|0
29.064071427|2|1|279244.427361197|273239.827160135|0|0
29.069071427|2|1|104394.795346563|103116.716766767|0|0
29.145071427|1|2|190072.264035226|188827.632592412|0|0
29.158071427|1|2|96648.4451023572|93351.606411695|0|0
29.164071427|2|1|98078.0968324181|97582.1134256235|0|0
29.169071427|2|1|190315.238867258|187641.197593513|0|0
29.238071427|1|2|116679.017139075|114928.05044895|0|0
29.249071427|1|2|181267.444102749|179811.995501537|0|0
29.264071427|2|1|188324.56813234|185905.313744331|0|0
29.269071427|2|1|215513.722492796|215381.646534712|0|0
29.338071427|1|2|283568.20591619|282072.953007115|0|0
29.349071427|1|2|136689.534657|130543.56892635|0|0
29.364071427|2|1|249547.361143744|249015.09607515|0|0
29.369071427|2|1|105204.987078817|102924.543149174|0|0
29.438071427|1|2|142273.713447654|138207.131654481|0|0
29.449071427|1|2|186405.903550636|181935.018299501|0|0
29.464071427|2|1|131295.179160438|127627.302190121|0|0
29.469071427|2|1|271304.093600601|263414.667062288|0|0
29.538071427|1|2|143622.136203379|143527.78321285|0|0
29.549071427|1|2|175878.321906437|174949.674278478|0|0
29.564071427|2|1|102247.990656788|98574.5968793879|0|0
29.569071427|2|1|157449.544335736|153201.58140675|0|0
29.638071427|1|2|213517.713818374|207141.924117762|0|0
29.649071427|1|2|187964.473041132|186527.213058595|0|0
29.664071427|2|1|331264.258159698|330732.454334353|0|0
29.669071427|2|1|173730.942992397|171625.37776738|0|0
29.738071427|1|2|204160.675775054|199746.878326366|0|0
29.749071427|1|2|129394.813547343|129268.131474032|0|0
29.764071427|2|1|132078.219532268|130241.35463401|0|0
29.769071427|2|1|156200.646984958|156048.536738856|0|0
29.838071427|1|2|129560.755098905|126392.400810614|0|0
29.849071427|1|2|291298.968649684|290373.453900367|0|0
29.864071427|2|1|128135.146991934|126350.958475968|0|0
29.869071427|2|1|210331.814746906|208661.458200758|0|0
29.937071427|1|2|243146.137277339|240358.170087443|0|0
29.949071427|1|2|170713.189527667|164419.237443886|0|0
29.964071427|2|1|282032.839067797|281631.559311312|0|0
29.969071427|2|1|115606.41227743|114650.384053359|0|0
30.037071427|1|2|231011.647646456|229413.905841107|0|0
30.049071427|1|2|130877.60094388|129182.123773027|0|0
30.064071427|2|1|122540.953004937|119497.773653012|0|0
30.069071427|2|1|221464.004412957|219389.085043598|0|0
30.137071427|1|2|128704.076448811|125173.230987946|0|0
30.149071427|1|2|214154.189084448|213743.934009173|0|0
30.164071427|2|1|135324.931228359|133278.643147216|0|0
30.169071427|2|1|155302.443650655|152939.041612335|0|0
30.237071427|1|2|194778.582011439|189335.3939008|0|0
30.249071427|1|2|215356.453564326|213692.773403481|0|0
30.264071427|2|1|305573.090154967|301297.3791058|0|0
30.269071427|2|1|209349.755964011|202921.185098968|0|0
30.337071427|1|2|226425.697419212|220421.501913924|0|0
30.349071427|1|2|77829.1021943998|74871.6092830673|0|0
30.364071427|2|1|135186.294178284|131845.758455684|0|0
30.369071427|2|1|118596.336332176|116559.065657414|0|0
30.437071427|1|2|95068.9928999716|91968.0541882582|0|0
30.469071427|2|1|142418.07630699|139732.825894595|0|0
30.537071427|1|2|277225.803878194|273791.111134636|0|0
30.569071427|2|1|253433.971096617|252236.833521963|0|0
30.637071427|1|2|185758.789437511|179782.486274554|0|0
30.669071427|2|1|148006.479813818|147069.993591754|0|0
30.737071427|1|2|112093.664421357|107617.151708613|0|0
30.769071427|2|1|126579.032013758|121667.09238548|0|0
30.837071427|1|2|187092.307968178|186700.268603782|0|0
30.869071427|2|1|269194.624292509|264089.882373401|0|0
30.937071427|1|2|257172.288929391|256226.081842245|0|0
30.969071427|2|1|127354.080359202|123710.408388542|0|0
31.037071427|1|2|101572.783358195|98341.7500792273|0|0
31.069071427|2|1|145764.088326248|141686.455781601|0|0
31.137071427|1|2|225115.059753429|223777.067375129|0|0
31.169071427|2|1|290911.881354821|288985.339853511|0|0
31.237071427|1|2|128369.124040317|128075.460113646|0|0
31.269071427|2|1|169062.734801178|168854.308950425|0|0
31.337071427|1|2|210442.408925172|209763.941832312|0|0
31.369071427|2|1|53487.7443322187|52211.3642867277|0|0
31.437071427|1|2|130104.154811337|127722.464613903|0|0
31.445071427|1|2|307274.506793676|303520.492420304|0|0
31.458071427|2|1|112051.271298592|110557.241281535|0|0
31.469071427|2|1|369442.008121449|368847.349671856|0|0
31.537071427|1|2|183861.839469971|183501.495728012|0|0
31.545071427|1|2|146415.289694435|141908.194892761|0|0
31.558071427|2|1|270298.7958753|266676.831695198|0|0
31.569071427|2|1|110194.83288708|107665.213402227|0|0
31.637071427|1|2|192045.980054811|191633.575082683|0|0
31.645071427|1|2|122356.352811903|122140.587659705|0|0
31.658071427|2|1|173958.085240774|173668.284738079|0|0
31.669071427|2|1|245083.10208533|240526.414161397|0|0
31.737071427|1|2|148169.143870063|142620.575905028|0|0
31.745071427|1|2|221677.733539776|220580.623175038|0|0
31.758071427|2|1|79402.4742945643|77543.3516587132|0|0
31.769071427|2|1|188047.076080641|184949.858689321|0|0
31.837071427|1|2|143601.970715768|138775.259681063|0|0
31.845071427|1|2|189358.323106562|187395.758964668|0|0
31.858071427|2|1|281716.478340504|275459.229187079|0|0
31.869071427|2|1|170976.270958533|166411.686060813|0|0
31.937071427|1|2|295726.60100097|294307.270806416|0|0
31.945071427|1|2|146785.086864892|140773.225047907|0|0
31.958071427|2|1|169327.584472701|168010.694785901|0|0
31.969071427|2|1|134289.280119375|129462.594454519|0|0
32.037071427|1|2|92461.399638113|90098.9660082485|0|0
32.045071427|1|2|214198.147896944|209835.556051201|0|0
32.049071427|2|1|229783.002251975|227166.981159536|0|0
32.066071427|2|1|156323.499659069|156055.346967605|0|0
32.137071427|1|2|163499.8201661|160189.727425095|0|0
32.145071427|1|2|183775.543589024|183090.721100402|0|0
32.149071427|2|1|176963.367226001|171485.182910878|0|0
32.166071427|2|1|263741.347922157|260248.18609618|0|0
32.237071427|1|2|225362.035813678|225272.668759588|0|0
32.245071427|1|2|130669.55378828|128206.052305656|0|0
32.249071427|2|1|92674.9259826674|90716.8221409192|0|0
32.266071427|2|1|109132.774625557|108143.178651674|0|0
32.337071427|1|2|184954.952330226|184369.899405376|0|0
32.345071427|1|2|186973.404260899|181396.152369574|0|0
32.349071427|2|1|262044.509242289|261591.52369237|0|0
32.366071427|2|1|173446.590800008|172170.213260428|0|0
32.437071427|1|2|109737.881183436|107886.52381023|0|0
32.445071427|1|2|171792.059420437|168917.893606643|0|0
32.449071427|2|1|168384.676179807|166138.63494704|0|0
32.466071427|2|1|297533.692249365|296550.338231868|0|0
32.537071427|1|2|319835.33804757|314528.638074974|0|0
32.545071427|1|2|225289.596013232|222504.158206622|0|0
32.549071427|2|1|130856.389778314|129668.485079682|0|0
32.566071427|2|1|95955.74218763|91649.8671304651|0|0
32.637071427|1|2|86090.1888208466|85943.4885081124|0|0
32.645071427|1|2|107275.169235403|106486.074269622|0|0
32.649071427|2|1|274872.780515815|273290.937360867|0|0
32.666071427|2|1|162329.984320548|158479.254365086|0|0
32.737071427|1|2|161800.079002544|161504.388028208|0|0
32.745071427|1|2|217539.692572823|214294.349776977|0|0
32.749071427|2|1|145305.165413932|139541.380207663|0|0
32.766071427|2|1|246642.410197536|245795.229555667|0|0
32.837071427|1|2|296804.295233331|291696.883668489|0|0
32.845071427|1|2|166293.511564168|166144.848033682|0|0
32.849071427|2|1|104903.800047049|104754.658723802|0|0
32.866071427|2|1|149766.297452745|145864.455354806|0|0
32.937071427|1|2|136572.80864335|132664.306506847|0|0
32.949071427|2|1|317519.650706604|309306.605870062|0|0
32.957071427|1|2|203179.813211896|200327.443823782|0|0
32.966071427|2|1|118010.327500927|114071.287987882|0|0
33.037071427|1|2|110760.112548475|109566.520572874|0|0
33.049071427|2|1|163642.518625137|161203.675028147|0|0
33.057071427|1|2|109300.941169766|107770.755478378|0|0
33.066071427|2|1|292958.726573127|292821.917969967|0|0
33.137071427|1|2|308736.30949246|304613.526267674|0|0
33.149071427|2|1|109358.362327422|108720.611355416|0|0
33.157071427|1|2|193490.486616128|189675.138560315|0|0
33.166071427|2|1|99363.5015015784|99127.5732207744|0|0
33.237071427|1|2|123331.672859357|121178.185659897|0|0
33.249071427|2|1|268485.532233615|263388.130074452|0|0
33.257071427|1|2|269016.538784398|268651.988959181|0|0
33.266071427|2|1|166235.285872531|165557.359469957|0|0
33.337071427|1|2|123187.98536544|119342.125603727|0|0
33.349071427|2|1|165589.896286658|163015.814960512|0|0
33.357071427|1|2|83877.6637010385|82764.736242192|0|0
33.366071427|2|1|174738.318689801|172763.670414365|0|0
33.437071427|1|2|284801.481746287|280604.546198366|0|0
33.457071427|1|2|220500.604701021|217021.342596973|0|0
33.459071427|2|1|301993.5842886|299730.283146204|0|0
33.477071427|2|1|199688.310277025|197197.835820883|0|0
33.537071427|1|2|165767.081589437|165524.441230283|0|0
33.557071427|1|2|232963.536989715|228276.140912558|0|0
33.559071427|2|1|157126.681445607|151769.386962574|0|0
33.577071427|2|1|182635.797238866|178490.668002448|0|0
33.637071427|1|2|95478.2297253912|94120.7087875926|0|0
33.657071427|1|2|71879.7894215617|69414.5948286497|0|0
33.659071427|2|1|91700.7701984924|90517.2263233146|0|0
33.677071427|2|1|186503.146820331|185753.798223403|0|0
33.737071427|1|2|242805.122193692|240665.973077751|0|0
33.757071427|1|2|254539.8655257|249718.98528724|0|0
33.759071427|2|1|264873.51237241|261756.100998682|0|0
33.777071427|2|1|102327.693622919|100879.67024682|0|0
33.837071427|1|2|165143.23271338|164677.067015725|0|0
33.857071427|1|2|282043.280132101|276906.286097119|0|0
33.859071427|2|1|219874.984005372|218549.413669039|0|0
33.877071427|2|1|223148.181065707|216848.370871338|0|0
33.937071427|1|2|165481.011281235|160777.839578977|0|0
33.957071427|1|2|82324.0544352295|81646.6182710107|0|0
33.959071427|2|1|80613.5370260833|80342.1819323324|0|0
33.977071427|2|1|191707.780259203|188345.728946707|0|0
34.037071427|1|2|142625.887225676|137360.987972653|0|0
34.057071427|1|2|148068.773757448|146802.847766765|0|0
34.059071427|2|1|273123.83322074|267675.699747929|0|0
34.077071427|2|1|170729.041489127|170139.885663302|0|0
34.137071427|1|2|257471.983682658|256946.704036975|0|0
34.157071427|1|2|318755.285386947|315431.094299056|0|0
34.159071427|2|1|162617.582404363|159521.327505198|0|0
34.177071427|2|1|138939.78897831|137395.326373731|0|0
34.237071427|1|2|106601.678400576|105957.22493133|0|0
34.257071427|1|2|67096.9060022817|66249.3296818492|0|0
34.259071427|2|1|98591.3445920537|96865.7109312949|0|0
34.277071427|2|1|268227.933682507|263899.371708114|0|0
34.337071427|1|2|141844.404789652|140224.22274317|0|0
34.348071427|1|2|233782.199218532|233437.51863154|0|0
34.359071427|2|1|241958.222120855|237572.261895432|0|0
34.377071427|2|1|84075.7238331972|82143.0250827017|0|0
34.437071427|1|2|203678.507055372|202594.690725858|0|0
34.448071427|1|2|124708.346268592|124227.888963326|0|0
34.459071427|2|1|210777.204026359|207768.993679588|0|0
34.477071427|2|1|266289.658610883|263599.39051099|0|0
34.537071427|1|2|147750.233521401|145337.47392409|0|0
34.548071427|1|2|183579.432778007|180624.205307391|0|0
34.559071427|2|1|129138.887332886|127623.744033159|0|0
34.577071427|2|1|191663.744585395|191487.634940714|0|0
34.637071427|1|2|144788.600233865|143849.895956287|0|0
34.648071427|1|2|164861.449636673|164687.219707207|0|0
34.659071427|2|1|138837.490100144|133567.700865714|0|0
34.677071427|2|1|127345.998518468|121686.623893682|0|0
34.737071427|1|2|293407.192194357|292079.154062048|0|0
34.748071427|1|2|186100.244500837|184941.524905939|0|0
34.759071427|2|1|249818.321922723|245717.938143412|0|0
34.777071427|2|1|216885.894581219|210451.509143462|0|0
34.837071427|1|2|121035.78833797|116390.966327815|0|0
34.848071427|1|2|151985.717088357|145266.302311696|0|0
34.849071427|2|1|174839.688473319|168489.92347554|0|0
34.869071427|2|1|248101.01221844|243700.362043058|0|0
34.937071427|1|2|124850.119568769|121113.360436009|0|0
34.948071427|1|2|244010.206931211|237785.249894572|0|0
34.949071427|2|1|257098.961543272|248621.284801108|0|0
34.969071427|2|1|185683.310312024|182198.664532559|0|0
35.037071427|1|2|252304.811313533|251992.062745252|0|0
35.048071427|1|2|139590.408543477|138140.420380333|0|0
35.049071427|2|1|104835.968766198|104450.828237199|0|0
35.069071427|2|1|136088.47736899|136043.520951583|0|0
35.137071427|1|2|195418.924290929|193428.670456297|0|0
35.148071427|1|2|168378.116156562|166009.558042196|0|0
35.149071427|2|1|208348.026941854|204669.484357152|0|0
35.169071427|2|1|143140.712491748|139706.156954901|0|0
35.237071427|1|2|103971.721216308|100839.718163232|0|0
35.248071427|1|2|226956.856908588|225173.807089052|0|0
35.249071427|2|1|223848.280336781|222382.117441913|0|0
35.269071427|2|1|259992.453166673|254267.145238154|0|0
35.337071427|1|2|319175.072344803|312946.486761504|0|0
35.348071427|1|2|130069.462579018|129440.919584832|0|0
35.357071427|2|1|183041.345871504|181926.495110838|0|0
35.369071427|2|1|178586.829054432|175540.691750647|0|0
35.439071427|1|2|106176.595396331|104904.431021585|0|0
35.447071427|1|2|115190.419822826|113934.325478056|0|0
35.457071427|2|1|153017.684150272|152085.404769742|0|0
35.469071427|2|1|92823.8119732861|91454.6327371017|0|0
35.539071427|1|2|148517.485808202|148276.641665518|0|0
35.547071427|1|2|312022.472616783|309809.036677177|0|0
35.557071427|2|1|196712.173945105|193777.820964647|0|0
35.569071427|2|1|231159.938729671|228958.950609207|0|0
35.639071427|1|2|281572.013738606|275260.555187638|0|0
35.647071427|1|2|94215.1284957017|91574.3984987652|0|0
35.657071427|2|1|137294.303813857|131041.516052061|0|0
35.669071427|2|1|237910.208092912|236064.781064051|0|0
35.739071427|1|2|125350.181407673|122410.074401262|0|0
35.747071427|1|2|184697.41610713|181996.965658383|0|0
35.757071427|2|1|238105.061139993|236823.916480503|0|0
35.769071427|2|1|88133.6864087014|85301.1097125235|0|0
35.839071427|1|2|105318.03485731|105196.616626132|0|0
35.847071427|1|2|244512.868962861|242186.406921887|0|0
35.857071427|2|1|176779.000734567|174539.901392179|0|0
35.869071427|2|1|198314.033342456|195512.913245162|0|0
35.939071427|1|2|274391.521468307|271608.606540574|0|0
35.947071427|1|2|187489.787825968|181303.674596372|0|0
35.957071427|2|1|132507.651163366|130922.727557058|0|0
35.969071427|2|1|224536.680822955|223034.227065583|0|0
36.039071427|1|2|164953.52246817|163141.2447147|0|0
36.047071427|1|2|110426.765136076|106557.943744549|0|0
36.057071427|2|1|202049.327553173|201310.582916374|0|0
36.078071427|2|1|209572.996814847|206689.601810921|0|0
36.139071427|1|2|154847.981468261|153862.047777486|0|0
36.147071427|1|2|286433.522135031|284064.128153112|0|0
36.157071427|2|1|221926.84794964|214887.514209917|0|0
36.178071427|2|1|187352.573936617|183109.406715014|0|0
36.239071427|1|2|134192.26788405|130983.431171928|0|0
36.247071427|1|2|127633.972159432|125230.610892317|0|0
36.257071427|2|1|87207.4888103573|82899.6825427421|0|0
36.278071427|2|1|171598.734393822|170000.887524363|0|0
36.339071427|1|2|239240.918984696|236605.570673793|0|0
36.347071427|1|2|158058.741550556|157428.896822136|0|0
36.357071427|2|1|257878.043784316|256425.680089109|0|0
36.378071427|2|1|134144.761941647|129302.338757206|0|0
36.439071427|1|2|115907.973765048|113291.348232037|0|0
36.447071427|1|2|229231.340620652|227400.962666102|0|0
36.457071427|2|1|215237.08689784|214238.609812637|0|0
36.478071427|2|1|264039.436365697|261127.542490961|0|0
36.537071427|1|2|217534.328434223|216191.135816023|0|0
36.546071427|1|2|286738.48512599|281619.439799003|0|0
36.557071427|2|1|105624.191105241|104124.189109622|0|0
36.578071427|2|1|108282.313994927|104900.278752119|0|0
36.637071427|1|2|183228.276915082|179444.838272704|0|0
36.646071427|1|2|116377.860715006|113296.181092524|0|0
36.657071427|2|1|251302.892919794|250182.470043712|0|0
36.678071427|2|1|214064.804069792|212452.111793753|0|0
36.737071427|1|2|169250.510425833|163580.633030274|0|0
36.746071427|1|2|203812.80647129|200463.753769619|0|0
36.757071427|2|1|175528.555600518|171444.183578509|0|0
36.778071427|2|1|220996.301491214|219881.300010751|0|0
36.837071427|1|2|142410.820660301|141802.397735538|0|0
36.846071427|1|2|161171.910004514|160437.307242363|0|0
36.857071427|2|1|97370.2363187308|95413.7831471922|0|0
36.878071427|2|1|113908.992650277|109063.126904772|0|0
36.937071427|1|2|206771.476247275|206434.815637712|0|0
36.946071427|1|2|149861.004697987|149225.286115285|0|0
36.957071427|2|1|251118.452105512|246377.052093182|0|0
36.978071427|2|1|216630.347219934|208168.048964139|0|0
37.037071427|1|2|171960.540656573|166339.536683843|0|0
37.046071427|1|2|211729.160646152|206341.08420486|0|0
37.057071427|2|1|237133.870136339|232198.163224028|0|0
37.078071427|2|1|245836.265814441|242491.207143423|0|0
37.137071427|1|2|116536.103505333|113118.273392864|0|0
37.146071427|1|2|183575.862110411|180476.04726782|0|0
37.157071427|2|1|114778.952356504|112173.025736115|0|0
37.178071427|2|1|116007.668511738|115421.018502357|0|0
37.237071427|1|2|269055.795765956|268517.690991462|0|0
37.246071427|1|2|161616.756216941|159224.104316232|0|0
37.257071427|2|1|163121.732182953|159789.294137248|0|0
37.278071427|2|1|198807.400389548|197621.434832756|0|0
37.337071427|1|2|185235.757013496|182973.856896091|0|0
37.346071427|1|2|150946.005084228|150627.43995729|0|0
37.357071427|2|1|217409.962635481|215056.176658607|0|0
37.378071427|2|1|248794.748311824|244677.236433771|0|0
37.437071427|1|2|86744.2358898725|85018.8868558575|0|0
37.446071427|1|2|178623.197690862|178134.416586577|0|0
37.457071427|2|1|136939.916356477|136758.774586643|0|0
37.478071427|2|1|82832.3027631544|82566.7250481311|0|0
37.537071427|1|2|228496.495753991|222599.429080557|0|0
37.546071427|1|2|196679.370947044|192175.657851984|0|0
37.549071427|2|1|159700.661252486|158953.555260887|0|0
37.567071427|2|1|157937.652510391|154452.935757119|0|0
37.637071427|1|2|252608.610736447|252321.505613637|0|0
37.646071427|1|2|122901.334018354|121118.019722186|0|0
37.649071427|2|1|142151.155551756|140810.547765104|0|0
37.667071427|2|1|117896.163293535|114985.072469148|0|0
37.737071427|1|2|73920.8458667777|73491.3500567679|0|0
37.746071427|1|2|208766.857651404|207793.413751017|0|0
37.749071427|2|1|264656.955344051|264110.861867869|0|0
37.767071427|2|1|230966.041964435|228749.105442885|0|0
37.837071427|1|2|229749.056690736|225144.815627119|0|0
37.846071427|1|2|204868.407418188|199462.464041444|0|0
37.849071427|2|1|115529.129866994|111691.629717012|0|0
37.867071427|2|1|192125.670344252|185472.18223533|0|0
37.937071427|1|2|251140.075507136|243648.587578714|0|0
37.946071427|1|2|104833.235498115|103885.748736352|0|0
37.949071427|2|1|171182.175882854|164158.075572372|0|0
37.967071427|2|1|136537.641181005|132525.443823933|0|0
38.037071427|1|2|112758.307483895|110419.668809755|0|0
38.046071427|1|2|162397.475422363|159303.611683938|0|0
38.049071427|2|1|264753.34015052|262073.707637155|0|0
38.067071427|2|1|169234.56549764|169109.528378776|0|0
38.137071427|1|2|167479.970522337|167201.463418049|0|0
38.146071427|1|2|276291.624435895|272068.923683442|0|0
38.149071427|2|1|174116.095034086|173022.639471092|0|0
38.167071427|2|1|204880.701211558|201929.254985973|0|0
38.237071427|1|2|253743.358688695|253286.331933677|0|0
38.246071427|1|2|76720.7331887156|75953.9376891984|0|0
38.249071427|2|1|93785.1653713727|92427.6627989322|0|0
38.267071427|2|1|158687.119182985|154500.64061815|0|0
38.337071427|1|2|85533.4494543962|82982.5735041647|0|0
38.346071427|1|2|195529.386054452|192102.653208099|0|0
38.357071427|2|1|188332.937076258|185341.138350158|0|0
38.369071427|2|1|174403.333662521|174211.663438289|0|0
38.437071427|1|2|274753.041377754|271596.150753648|0|0
38.446071427|1|2|292735.973884307|287502.228766194|0|0
38.457071427|2|1|79797.2481812685|76898.3844571335|0|0
38.469071427|2|1|260082.742591457|255547.410712557|0|0
38.537071427|1|2|178102.038153502|176104.649499816|0|0
38.546071427|1|2|108202.30026411|107959.397655858|0|0
38.557071427|2|1|344966.778892835|344477.451509117|0|0
38.569071427|2|1|135819.083664697|129618.088690872|0|0
38.644071427|1|2|162207.643726016|160393.006450793|0|0
38.649071427|1|2|201936.755282079|200204.325169409|0|0
38.657071427|2|1|150494.39308865|149896.265041193|0|0
38.669071427|2|1|145453.459995573|143996.272541374|0|0
38.744071427|1|2|232665.930598627|230093.834832084|0|0
38.749071427|1|2|256207.173171537|253949.731211441|0|0
38.757071427|2|1|95596.7079379005|91112.6974393595|0|0
38.769071427|2|1|241036.883130735|239144.08475019|0|0
38.844071427|1|2|178487.290146567|173194.47532474|0|0
38.849071427|1|2|104217.217640899|102526.777654365|0|0
38.859071427|2|1|272118.285856138|269869.623069655|0|0
38.869071427|2|1|112344.011915728|106826.904422156|0|0
38.944071427|1|2|123061.487916503|116531.667017129|0|0
38.949071427|1|2|223139.198010982|218946.446608159|0|0
38.959071427|2|1|175417.447255424|175100.639556386|0|0
38.969071427|2|1|188710.761313131|187157.366426466|0|0
39.044071427|1|2|272601.574753763|271873.834926787|0|0
39.049071427|1|2|147794.680829123|147413.092092367|0|0
39.059071427|2|1|88415.5548174792|86883.3018591604|0|0
39.069071427|2|1|263237.245838439|260745.589209168|0|0
39.144071427|1|2|155992.443409522|155098.192445294|0|0
39.149071427|1|2|174833.66297185|173448.930157305|0|0
39.159071427|2|1|277585.751300458|274715.046767859|0|0
39.169071427|2|1|104514.397028103|101932.726760285|0|0
39.237071427|1|2|177030.592116391|173902.570095493|0|0
39.248071427|1|2|131880.435988096|131213.75457808|0|0
39.259071427|2|1|132005.362280399|129530.874644529|0|0
39.269071427|2|1|108266.050574142|107934.171443107|0|0
39.337071427|1|2|108128.243004378|108045.501171623|0|0
39.348071427|1|2|247376.26528426|245959.527729237|0|0
39.359071427|2|1|196466.683956433|193117.869429831|0|0
39.369071427|2|1|401683.468677967|400626.379149082|0|0
39.437071427|1|2|209599.663116423|208803.447103949|0|0
39.448071427|1|2|114380.793396154|111244.632548142|0|0
39.459071427|2|1|161097.527637323|160645.180834344|0|0
39.469071427|2|1|86840.6725012475|85402.5513184354|0|0
39.537071427|1|2|206812.295783644|200867.040570508|0|0
39.548071427|1|2|198874.061233401|195921.110090461|0|0
39.558071427|2|1|161026.551594867|155580.767885882|0|0
39.568071427|2|1|106561.335168155|104293.803155841|0|0
39.637071427|1|2|106348.095735915|104266.929187385|0|0
39.648071427|1|2|176185.221683076|175386.379861757|0|0
39.658071427|2|1|143735.196996182|140895.693564521|0|0
39.668071427|2|1|233348.251896416|230865.19978976|0|0
39.737071427|1|2|203356.472959867|200861.435736652|0|0
39.748071427|1|2|198755.825317577|194863.792197278|0|0
39.758071427|2|1|220683.466058216|218268.946894616|0|0
39.768071427|2|1|197402.185765288|195972.787798782|0|0
39.837071427|1|2|251499.958695159|250860.04925333|0|0
39.848071427|1|2|106892.484429371|104247.640941352|0|0
39.858071427|2|1|166473.089357188|165099.396492691|0|0
39.868071427|2|1|102775.974023891|98817.5036473442|0|0
39.937071427|1|2|81572.9287006292|79579.1296068837|0|0
39.948071427|1|2|208645.49664002|207813.374553685|0|0
39.958071427|2|1|163077.892734693|160486.325855314|0|0
39.968071427|2|1|266998.997062332|262179.896737709|0|0
40.037071427|1|2|182201.240537146|176816.882041225|0|0
40.048071427|1|2|209025.612020396|203841.273294315|0|0
40.058071427|2|1|164618.221002612|163313.749145349|0|0
40.068071427|2|1|162499.173390472|162295.764735916|0|0
40.137071427|1|2|296957.234375066|294925.353347727|0|0
40.148071427|1|2|122940.188997957|117335.502697474|0|0
40.158071427|2|1|174642.211115594|169513.747807527|0|0
40.168071427|2|1|118046.250541292|116862.419624426|0|0
40.237071427|1|2|113970.055916275|112705.533480002|0|0
40.248071427|1|2|221512.968345989|220751.109664232|0|0
40.258071427|2|1|168660.77293007|165775.334856018|0|0
40.268071427|2|1|204300.786266754|202639.813825678|0|0
40.337071427|1|2|133956.907612024|131157.992766784|0|0
40.348071427|1|2|215758.31693405|215542.260166014|0|0
40.358071427|2|1|182820.974836521|179681.228072053|0|0
40.368071427|2|1|186354.810168103|183105.180590351|0|0
40.437071427|1|2|304036.847205835|301067.14821771|0|0
40.448071427|1|2|81407.6640329615|81044.6944764487|0|0
40.458071427|2|1|174469.486076771|172857.250496789|0|0
40.468071427|2|1|145251.252900246|143419.228290209|0|0
40.537071427|1|2|76251.1466249638|73318.8561106233|0|0
40.548071427|1|2|204683.625636817|201813.867107851|0|0
40.558071427|2|1|213467.484623698|211723.125688154|0|0
40.568071427|2|1|188428.799481864|188184.730180341|0|0
40.639071427|1|2|240983.041511639|234384.783350916|0|0
40.647071427|1|2|290951.983056667|287527.166955219|0|0
40.658071427|2|1|82421.6248519836|82108.6627932813|0|0
40.668071427|2|1|172097.782206369|169606.975031846|0|0
40.739071427|1|2|210748.233165633|209033.263401109|0|0
40.747071427|1|2|106389.628326375|106165.841080948|0|0
40.749071427|2|1|89670.484504985|88888.6319252342|0|0
40.768071427|2|1|198253.295256916|196799.393524985|0|0
40.839071427|1|2|118654.154366642|116705.512956714|0|0
40.847071427|1|2|119448.170234894|114898.500815051|0|0
40.849071427|2|1|257665.970724417|255010.206737177|0|0
40.868071427|2|1|106286.831960656|104949.7788704|0|0
40.939071427|1|2|195210.855355388|189604.685483686|0|0
40.947071427|1|2|356474.688187789|355257.501943407|0|0
40.949071427|2|1|160299.875067004|158020.508662328|0|0
40.968071427|2|1|304683.397818197|301937.593004697|0|0
41.039071427|1|2|216199.09713125|213098.56505593|0|0
41.047071427|1|2|110345.315155613|109190.822750895|0|0
41.049071427|2|1|168636.488917191|168056.643301401|0|0
41.068071427|2|1|108090.276706483|107186.005089805|0|0
41.139071427|1|2|93798.8321505061|91601.4457929239|0|0
41.147071427|1|2|136530.335274653|133363.061882917|0|0
41.149071427|2|1|208685.289273367|206200.084773515|0|0
41.168071427|2|1|113963.953683932|111309.670850439|0|0
41.239071427|1|2|235284.771512762|231960.028928819|0|0
41.247071427|1|2|273595.329507606|271430.842958387|0|0
41.249071427|2|1|190112.811690119|182666.777300818|0|0
41.268071427|2|1|283100.167234776|276256.954172049|0|0
41.338071427|1|2|180513.19154002|178789.427989975|0|0
41.349071427|2|1|121291.428066999|118246.537308498|0|0
41.357071427|1|2|151588.634536368|150672.525146407|0|0
41.368071427|2|1|218942.536231755|215589.818474812|0|0
41.438071427|1|2|153186.218873733|149237.468837026|0|0
41.449071427|2|1|203892.409191266|203009.975349449|0|0
41.457071427|1|2|241973.725552927|241687.124717153|0|0
41.468071427|2|1|63373.6009013463|62817.1309652791|0|0
41.538071427|1|2|160543.260240639|157966.780436476|0|0
41.549071427|2|1|161291.901389122|159875.808801064|0|0
41.557071427|1|2|167235.371985857|166852.701612097|0|0
41.569071427|2|1|351463.145966241|342715.059208735|0|0
41.638071427|1|2|240813.558853835|237756.268335434|0|0
41.649071427|2|1|169862.849826901|168750.955325958|0|0
41.657071427|1|2|154303.149206008|147937.679517665|0|0
41.669071427|2|1|165738.735301419|161576.50202089|0|0
41.738071427|1|2|127874.096930988|123509.74661901|0|0
41.749071427|2|1|154494.182054661|150404.699837223|0|0
41.757071427|1|2|303841.523588002|294113.911756358|0|0
41.769071427|2|1|120000.767246462|119268.279950206|0|0
41.838071427|1|2|184031.042197612|182825.070044448|0|0
41.849071427|2|1|213784.717333851|208965.326281777|0|0
41.857071427|1|2|116842.926816661|116521.800287397|0|0
41.869071427|2|1|206657.873922776|206430.240340741|0|0
41.938071427|1|2|134801.78526669|131277.373763013|0|0
41.949071427|2|1|164030.495714748|163080.860466786|0|0
41.957071427|1|2|142827.553475753|141276.192979116|0|0
41.969071427|2|1|233203.612738866|231455.022195137|0|0
42.038071427|1|2|265395.24535788|263288.602096301|0|0
42.049071427|2|1|124836.477713114|122284.886312395|0|0
42.057071427|1|2|244475.171091234|240573.699266498|0|0
42.069071427|2|1|69006.32102146|66484.1595626081|0|0
42.138071427|1|2|122448.715135442|121456.990004121|0|0
42.149071427|2|1|208821.439469367|205372.775445871|0|0
42.157071427|1|2|155754.476569748|153230.481689358|0|0
42.169071427|2|1|303506.286915729|302868.04608779|0|0
42.238071427|1|2|164751.418404868|161130.504114338|0|0
42.249071427|2|1|198558.268153395|196671.895356082|0|0
42.257071427|1|2|178653.23957665|177454.470690385|0|0
42.269071427|2|1|162578.25487034|162297.256769457|0|0
42.338071427|1|2|216356.432804519|214007.046991578|0|0
42.349071427|2|1|74802.8665210752|71800.2861967618|0|0
42.357071427|1|2|196640.585682455|192769.78857131|0|0
42.368071427|2|1|133812.935417129|127995.364317273|0|0
42.438071427|1|2|171334.756631504|167735.948728833|0|0
42.449071427|2|1|230188.204888656|226040.479485898|0|0
42.457071427|1|2|155841.646661795|154039.484175008|0|0
42.468071427|2|1|187957.960321301|183759.737086856|0|0
42.538071427|1|2|117344.735221874|111623.513006033|0|0
42.549071427|2|1|225421.849053997|222709.351844647|0|0
42.557071427|1|2|146286.667092954|141136.244842281|0|0
42.568071427|2|1|207596.043744707|204617.372610992|0|0
42.638071427|1|2|266007.775765533|264837.650254555|0|0
42.648071427|1|2|132997.000853327|131590.44345121|0|0
42.649071427|2|1|128981.822865575|124933.59859672|0|0
42.668071427|2|1|123940.651311726|121440.619886266|0|0
42.738071427|1|2|127990.990123569|122200.624544273|0|0
42.748071427|1|2|147977.50783867|146457.189744569|0|0
42.749071427|2|1|158043.433315661|157241.102114255|0|0
42.768071427|2|1|212319.436104723|211249.656546914|0|0
42.838071427|1|2|183094.697847387|175849.953391692|0|0
42.848071427|1|2|305843.850530228|302049.032175847|0|0
42.849071427|2|1|315743.461352229|310618.955814821|0|0
42.868071427|2|1|180672.100234064|179123.022481881|0|0
42.938071427|1|2|244846.796147877|244527.531844117|0|0
42.948071427|1|2|114692.248802653|113633.456158209|0|0
42.949071427|2|1|61156.2053513106|59854.8178484065|0|0
42.968071427|2|1|148910.058883196|145345.345674696|0|0
43.038071427|1|2|167572.529479671|166587.617104061|0|0
43.048071427|1|2|113525.028878283|113377.452152226|0|0
43.049071427|2|1|245783.133347065|243438.117557234|0|0
43.068071427|2|1|173831.867191161|172884.153370251|0|0
43.138071427|1|2|112867.533374016|111112.709908219|0|0
43.148071427|1|2|301205.784408867|294560.835333408|0|0
43.149071427|2|1|214887.64038678|214097.09115872|0|0
43.168071427|2|1|187897.040119896|180579.801057367|0|0
43.238071427|1|2|309721.418663431|307188.259001878|0|0
43.248071427|1|2|139414.797263667|137171.798228872|0|0
43.249071427|2|1|126559.363639|124564.229251472|0|0
43.268071427|2|1|156360.809621262|153743.380623778|0|0
43.338071427|1|2|88327.1457117947|85870.2307563023|0|0
43.348071427|1|2|131073.854072851|129954.104788663|0|0
43.349071427|2|1|191480.152988839|188192.283766117|0|0
43.368071427|2|1|189253.507942787|188886.749850677|0|0
43.438071427|1|2|200317.589756576|198974.474178437|0|0
43.448071427|1|2|277783.444861258|277609.525442224|0|0
43.449071427|2|1|251827.116754394|243230.770867387|0|0
43.468071427|2|1|156955.266402388|154839.735963811|0|0
43.538071427|1|2|226557.082101103|222967.748086087|0|0
43.548071427|1|2|146814.28863609|142939.540453356|0|0
43.549071427|2|1|92069.4779337623|88939.1780657238|0|0
43.568071427|2|1|228602.9853032|226569.404127858|0|0
43.638071427|1|2|170280.105171149|164596.141519671|0|0
43.648071427|1|2|126878.158201902|121483.915491073|0|0
43.649071427|2|1|212908.304680281|209793.828555236|0|0
43.668071427|2|1|90764.1739912872|89236.5619412253|0|0
43.738071427|1|2|109467.581521209|108731.00697738|0|0
43.748071427|1|2|288633.434001294|287697.421923548|0|0
43.749071427|2|1|223751.410165165|223220.290566669|0|0
43.768071427|2|1|214981.897982934|210801.834223273|0|0
43.837071427|1|2|278162.018698858|276947.988934867|0|0
43.858071427|1|2|97776.0164693677|94497.7136752656|0|0
43.864071427|2|1|156148.678390118|153244.127544927|0|0
43.867071427|2|1|231944.147915193|230091.300496462|0|0
43.937071427|1|2|150854.082789388|147999.572589315|0|0
43.958071427|1|2|362470.899670628|358946.375676402|0|0
43.964071427|2|1|238609.894767241|236822.56526341|0|0
43.967071427|2|1|144990.704275024|139127.650679973|0|0
44.037071427|1|2|137642.577121346|134877.800482322|0|0
44.058071427|1|2|124628.214138877|123595.314198397|0|0
44.064071427|2|1|137326.182870568|133694.718744915|0|0
44.067071427|2|1|159762.089413127|153766.419218548|0|0
44.137071427|1|2|151895.405935958|151308.162428884|0|0
44.158071427|1|2|103330.447385914|102300.736947677|0|0
44.164071427|2|1|158272.333104631|152606.531724423|0|0
44.167071427|2|1|250725.742536856|250274.409504599|0|0
44.237071427|1|2|246215.492269086|244229.452440049|0|0
44.258071427|1|2|261653.858023902|257308.340959988|0|0
44.264071427|2|1|215831.116348638|214773.000306624|0|0
44.267071427|2|1|162513.339108457|160355.641570494|0|0
44.346071427|1|2|197211.350180903|194710.539190213|0|0
44.349071427|1|2|191042.513159053|184739.42249077|0|0
44.364071427|2|1|137907.270207579|137152.595578311|0|0
44.367071427|2|1|134684.588608849|133677.054390777|0|0
44.446071427|1|2|277476.36422781|275870.546741588|0|0
44.449071427|1|2|240313.418156184|238130.502658802|0|0
44.464071427|2|1|172840.960000867|166994.76746796|0|0
44.467071427|2|1|261154.79173705|259606.594699923|0|0
44.546071427|1|2|86994.6868788597|86862.1899639524|0|0
44.549071427|1|2|78973.9827710335|77979.6878189734|0|0
44.564071427|2|1|248273.297756634|243773.745184709|0|0
44.567071427|2|1|132447.724221994|130903.753349927|0|0
44.646071427|1|2|200040.746350557|198209.518229048|0|0
44.649071427|1|2|194906.27969796|192337.683097978|0|0
44.664071427|2|1|147657.908622188|145946.002965384|0|0
44.667071427|2|1|158994.705520687|157668.195623263|0|0
44.746071427|1|2|159419.416713551|159130.048839208|0|0
44.749071427|1|2|215572.326523864|215235.158569293|0|0
44.764071427|2|1|136718.420038809|133927.344113891|0|0
44.767071427|2|1|280540.956980391|275416.575570084|0|0
44.846071427|1|2|206395.376326421|203764.472485309|0|0
44.849071427|1|2|168266.056803068|167407.412482202|0|0
44.864071427|2|1|262214.56171386|259839.215493702|0|0
44.867071427|2|1|138438.037061796|131241.045467678|0|0
44.946071427|1|2|126300.306639808|123470.394770285|0|0
44.949071427|1|2|112118.339613098|111674.48659416|0|0
44.964071427|2|1|115281.60728957|113557.415203474|0|0
44.967071427|2|1|161809.943824433|160195.521891543|0|0
45.046071427|1|2|235879.940708702|229414.187673958|0|0
45.049071427|1|2|318438.204297599|312953.018862266|0|0
45.064071427|2|1|180639.361177309|179707.814597539|0|0
45.067071427|2|1|226271.817528438|224591.609309255|0|0
45.146071427|1|2|149944.138407898|148247.203217573|0|0
45.149071427|1|2|78872.5970890803|76349.7143006748|0|0
45.164071427|2|1|283251.008910326|282730.764114218|0|0
45.167071427|2|1|145878.652752735|145497.439019077|0|0
45.246071427|1|2|134189.936650172|131449.392923332|0|0
45.249071427|1|2|178227.259186214|177540.824140733|0|0
45.264071427|2|1|111228.922425804|106069.91648053|0|0
45.267071427|2|1|136231.293400798|135105.852391841|0|0
45.346071427|1|2|208071.008435284|202049.362247057|0|0
45.349071427|1|2|272024.47591974|268879.118147074|0|0
45.357071427|2|1|133142.51773431|130694.376463272|0|0
45.377071427|2|1|150018.278407958|146294.250873619|0|0
45.446071427|1|2|214186.277218149|212695.4305744|0|0
45.449071427|1|2|136903.852716743|132230.251695716|0|0
45.457071427|2|1|179423.064906284|177554.668347821|0|0
45.477071427|2|1|120488.664079787|116853.004596386|0|0
45.538071427|1|2|145804.171957057|145396.144031662|0|0
45.549071427|1|2|91104.4737622892|90864.7312404287|0|0
45.557071427|2|1|169304.080761763|168209.846212857|0|0
45.577071427|2|1|309744.150668351|307483.274252194|0|0
45.638071427|1|2|141431.867653823|139419.734332937|0|0
45.649071427|1|2|362826.147261378|356243.278720905|0|0
45.657071427|2|1|233968.645561137|227512.471416954|0|0
45.677071427|2|1|103375.519972492|98681.1623654645|0|0
45.738071427|1|2|262599.848791803|257461.147430952|0|0
45.749071427|1|2|118971.776563042|115037.679925142|0|0
45.757071427|2|1|107609.589322449|104074.422807987|0|0
45.777071427|2|1|144776.258516968|141051.438498797|0|0
45.838071427|1|2|201324.654929548|193007.624951263|0|0
45.849071427|1|2|163538.028965181|162569.162056919|0|0
45.857071427|2|1|219145.264057438|217433.334237696|0|0
45.877071427|2|1|266086.152980216|265539.397958394|0|0
45.938071427|1|2|88476.7614321075|85877.6192506371|0|0
45.949071427|1|2|221708.862440339|221465.844621259|0|0
45.957071427|2|1|180448.375755746|177840.035879136|0|0
45.977071427|2|1|152263.572062526|149732.776455724|0|0
46.038071427|1|2|244209.436886698|244035.37458823|0|0
46.049071427|1|2|164096.420275151|162409.403332985|0|0
46.057071427|2|1|129365.032641367|128030.996563801|0|0
46.077071427|2|1|114838.281597811|111607.721459401|0|0
46.138071427|1|2|200566.593949504|197248.559225168|0|0
46.149071427|1|2|104669.063118877|100986.305242515|0|0
46.157071427|2|1|239045.444216178|238574.78715958|0|0
46.177071427|2|1|196164.545468587|194563.982675769|0|0
46.238071427|1|2|117308.681963538|115225.196742656|0|0
46.249071427|1|2|354152.038218929|351741.259339839|0|0
46.257071427|2|1|200594.225010462|194626.199440479|0|0
46.277071427|2|1|171226.666566638|164524.179876962|0|0
46.338071427|1|2|205312.727018446|204548.933185069|0|0
46.349071427|1|2|104164.484933211|103631.789964104|0|0
46.357071427|2|1|97754.0621791302|96813.9756338904|0|0
46.377071427|2|1|139544.617113154|137797.012786631|0|0
46.438071427|1|2|173113.436308329|170154.370590622|0|0
46.449071427|1|2|127797.351827876|122667.217776168|0|0
46.457071427|2|1|264531.888245582|257599.883123657|0|0
46.477071427|2|1|175140.163872457|173139.395976016|0|0
46.538071427|1|2|164624.035647656|164223.739097051|0|0
46.549071427|1|2|247190.05340794|243512.708137005|0|0
46.557071427|2|1|189860.1072822|186472.592634368|0|0
46.577071427|2|1|222538.218079854|219491.075665922|0|0
46.638071427|1|2|162095.09654194|156968.187562127|0|0
46.649071427|1|2|167093.646659008|166546.300963467|0|0
46.657071427|2|1|122415.025512621|119377.517733484|0|0
46.677071427|2|1|148705.904277201|147791.56658728|0|0
46.738071427|1|2|179767.580011538|176826.744792557|0|0
46.749071427|1|2|114902.13228502|112786.995783143|0|0
46.757071427|2|1|235071.142513944|230300.126897938|0|0
46.777071427|2|1|115725.619126448|115382.740207909|0|0
46.838071427|1|2|204445.599242358|203721.747368849|0|0
46.849071427|1|2|224135.696955172|220350.447576608|0|0
46.857071427|2|1|216127.166026553|216011.285373594|0|0
46.877071427|2|1|256022.660057567|252220.77966743|0|0
46.938071427|1|2|133323.617328318|131066.349319876|0|0
46.949071427|1|2|191391.131191165|190562.087734895|0|0
46.967071427|2|1|182127.989729283|176747.860407455|0|0
46.978071427|2|1|230289.017534174|225313.157795015|0|0
47.037071427|1|2|178160.06430122|176316.270389993|0|0
47.046071427|1|2|136827.014606035|134663.171173511|0|0
47.067071427|2|1|277532.906010921|273532.607291858|0|0
47.078071427|2|1|74868.3507450262|72029.3224624541|0|0
47.137071427|1|2|190655.819689507|190115.303068693|0|0
47.146071427|1|2|142068.116944668|139632.437245504|0|0
47.167071427|2|1|95231.2148010776|93706.1326288454|0|0
47.178071427|2|1|289111.756059502|288353.555029206|0|0
47.237071427|1|2|98694.8258290276|96505.8416145379|0|0
47.246071427|1|2|267520.508592177|266462.448740858|0|0
47.267071427|2|1|236181.392280902|234396.791888585|0|0
47.278071427|2|1|171589.875110995|169695.695763332|0|0
47.337071427|1|2|264717.178949384|260455.00816659|0|0
47.346071427|1|2|115022.746399522|114972.927185273|0|0
47.367071427|2|1|203077.576859248|201982.467140309|0|0
47.378071427|2|1|117219.985103774|115173.575373125|0|0
47.437071427|1|2|174205.707257453|172827.82040527|0|0
47.446071427|1|2|189399.054670864|184074.352121623|0|0
47.467071427|2|1|91567.6063129963|91512.2985259264|0|0
47.478071427|2|1|227274.432088368|224314.138625501|0|0
47.537071427|1|2|133259.595228206|128500.44321442|0|0
47.546071427|1|2|174255.806345257|170208.597278644|0|0
47.567071427|2|1|247676.18074552|242327.952233643|0|0
47.578071427|2|1|235698.770814507|226143.91339456|0|0
47.637071427|1|2|208861.81590222|205340.610870808|0|0
47.646071427|1|2|177004.829400711|176252.330521078|0|0
47.667071427|2|1|226066.540979901|221730.121409571|0|0
47.678071427|2|1|114499.31763833|109838.479874623|0|0
47.737071427|1|2|234582.611797258|231119.005976483|0|0
47.748071427|1|2|101483.026675978|99894.266036206|0|0
47.767071427|2|1|107514.907356105|106737.056377869|0|0
47.778071427|2|1|231725.416534533|228085.656872943|0|0
47.837071427|1|2|68133.1670090256|67307.6906725689|0|0
47.848071427|1|2|247163.40730117|242670.372737578|0|0
47.867071427|2|1|173837.254211758|172209.579384467|0|0
47.878071427|2|1|198932.564242682|196753.229062352|0|0
47.937071427|1|2|239690.328429419|238617.270771656|0|0
47.948071427|1|2|178218.420507386|177068.399222848|0|0
47.957071427|2|1|129093.812126934|126765.742033934|0|0
47.969071427|2|1|172999.287598126|167237.033021489|0|0
48.037071427|1|2|277968.89692964|275828.847381227|0|0
48.048071427|1|2|89648.5229241364|86575.7652931842|0|0
48.057071427|2|1|200974.421177888|196674.33770512|0|0
48.069071427|2|1|179907.15067737|179052.051373066|0|0
48.137071427|1|2|82000.6944963957|78945.1577433917|0|0
48.148071427|1|2|294103.477821662|287355.076100842|0|0
48.157071427|2|1|185943.441084869|185180.214142857|0|0
48.169071427|2|1|116915.352486793|116287.179135093|0|0
48.237071427|1|2|167849.455104073|163861.677433716|0|0
48.249071427|1|2|141232.460057844|141114.538370783|0|0
48.257071427|2|1|149493.587703917|148269.95034918|0|0
48.269071427|2|1|242750.77761676|238918.349068909|0|0
48.337071427|1|2|287614.583015325|279618.760820383|0|0
48.349071427|1|2|74861.7069841769|74764.2047869974|0|0
48.357071427|2|1|155808.765161628|151116.0222676|0|0
48.369071427|2|1|141785.065311292|141158.646713699|0|0
48.437071427|1|2|108224.624488864|107966.881900058|0|0
48.449071427|1|2|328615.9944829|324005.412363296|0|0
48.457071427|2|1|253139.217939395|250039.735677992|0|0
48.469071427|2|1|170935.192779575|170536.410457426|0|0
48.537071427|1|2|175947.537048089|171961.158643226|0|0
48.549071427|1|2|171023.378466479|169689.573545495|0|0
48.557071427|2|1|92866.7633686265|89550.3939108067|0|0
48.569071427|2|1|193061.175951674|191915.888310591|0|0
48.637071427|1|2|233541.749037792|230876.606400866|0|0
48.649071427|1|2|101442.13406345|100176.191758973|0|0
48.657071427|2|1|215744.329696018|210242.15259937|0|0
48.669071427|2|1|213505.85026922|208611.133152536|0|0
48.737071427|1|2|139218.780395499|136627.166616655|0|0
48.749071427|1|2|221470.637267557|217227.978978632|0|0
48.757071427|2|1|209797.597620078|209684.850361895|0|0
48.769071427|2|1|97278.4819844102|91177.8946977635|0|0
48.837071427|1|2|192412.388672987|191169.133147618|0|0
48.849071427|1|2|215980.232579709|215538.475015327|0|0
48.857071427|2|1|172310.171283577|168722.879279673|0|0
48.869071427|2|1|256857.434692282|255965.578386723|0|0
48.937071427|1|2|191304.54628066|190900.327212611|0|0
48.949071427|1|2|100084.286249954|94841.1979542435|0|0
48.957071427|2|1|133725.548773785|132078.496244814|0|0
48.969071427|2|1|193753.745123034|193582.893278851|0|0
49.037071427|1|2|169217.637781096|168325.260074958|0|0
49.047071427|1|2|159240.45037859|156888.51482064|0|0
49.057071427|2|1|301344.668516079|300877.855291495|0|0
49.067071427|2|1|127810.372185792|127665.839862925|0|0
49.137071427|1|2|168625.071435899|167528.529533712|0|0
49.147071427|1|2|271004.389020617|265480.088567448|0|0
49.157071427|2|1|70994.7814072318|70677.4394287314|0|0
49.167071427|2|1|196267.564668631|194535.770818692|0|0
49.237071427|1|2|166329.070823635|165375.54360246|0|0
49.247071427|1|2|119608.742687445|118418.969868879|0|0
49.257071427|2|1|209731.3943379|207601.037208501|0|0
49.267071427|2|1|222644.251511803|219189.671324569|0|0
49.337071427|1|2|196849.169975747|192200.761890625|0|0
49.347071427|1|2|153203.753223649|152615.050179804|0|0
49.357071427|2|1|288756.495661729|284191.507128325|0|0
49.367071427|2|1|80552.6120017983|78056.7154393555|0|0
49.437071427|1|2|140384.286215618|134897.030574732|0|0
49.447071427|1|2|245572.952407961|239501.156599184|0|0
49.457071427|2|1|117455.296411385|111005.840009967|0|0
49.467071427|2|1|305457.610590653|301821.858909336|0|0
49.537071427|1|2|155479.994267502|155055.788966638|0|0
49.547071427|1|2|131396.213300482|128295.750565094|0|0
49.557071427|2|1|125418.712045646|123168.675407829|0|0
49.567071427|2|1|193995.258655468|187450.850188873|0|0
49.637071427|1|2|224881.86122299|223553.538211395|0|0
49.647071427|1|2|191579.267788422|190850.355349379|0|0
49.657071427|2|1|303543.439369009|303353.064972358|0|0
49.667071427|2|1|104821.781694614|104691.588006189|0|0
49.737071427|1|2|167938.129222655|165407.294774592|0|0
49.747071427|1|2|168931.912774187|168550.014384318|0|0
49.757071427|2|1|115043.667038882|112796.730361118|0|0
49.767071427|2|1|172832.754012705|167320.913834801|0|0
49.837071427|1|2|126870.77484132|125931.545301239|0|0
49.847071427|1|2|170496.227394289|169457.36195405|0|0
49.857071427|2|1|146791.184056671|146551.045680044|0|0
49.867071427|2|1|308756.477209948|307492.624962738|0|0
49.937071427|1|2|206770.537348974|203917.950399634|0|0
49.947071427|1|2|151020.850270591|147930.446472296|0|0
49.957071427|2|1|263831.325298745|260544.47126477|0|0
49.967071427|2|1|80497.5095945897|79767.9245051273|0|0
50.037071427|1|2|180619.010797109|180359.921082387|0|0
50.047071427|1|2|199498.807785709|199151.58396111|0|0
50.057071427|2|1|132002.996978201|131422.647656216|0|0
50.067071427|2|1|239628.493706217|236678.222563265|0|0
50.137071427|1|2|123096.866679512|120141.377515315|0|0
50.149071427|1|2|180507.959140197|178430.088575365|0|0
50.157071427|2|1|121931.52530058|120981.100912215|0|0
50.167071427|2|1|171744.167756418|171165.151162845|0|0
50.237071427|1|2|269104.033423602|263843.558441931|0|0
50.249071427|1|2|142544.18653812|137449.564724832|0|0
50.257071427|2|1|244473.841956623|238753.557245784|0|0
50.267071427|2|1|136411.157989144|133798.543648396|0|0
50.337071427|1|2|179261.010719612|177999.147329199|0|0
50.364071427|2|1|55679.0215945662|54948.6665236949|0|0
50.437071427|1|2|55539.0432544673|53556.191763421|0|0
50.464071427|2|1|220282.074525942|214868.891040098|0|0
50.537071427|1|2|328809.884681548|322950.111012402|0|0
50.564071427|2|1|276019.039751318|273807.695023423|0|0
50.637071427|1|2|192317.774332162|190844.992154429|0|0
50.664071427|2|1|99038.097012557|97158.9478253581|0|0
50.737071427|1|2|102668.910669052|101020.667644623|0|0
50.764071427|2|1|165634.209503346|161370.438403307|0|0
50.838071427|1|2|228195.492261207|224779.243373314|0|0
50.849071427|2|1|71116.7871375366|67911.7012294221|0|0
50.858071427|1|2|191433.518756118|187245.056719663|0|0
50.864071427|2|1|283469.178485669|281414.277127521|0|0
50.938071427|1|2|188661.546852865|185951.247866789|0|0
50.949071427|2|1|250893.816266102|246725.859340028|0|0
50.958071427|1|2|207700.911052065|202246.238639288|0|0
50.964071427|2|1|65436.4678946705|64998.2345221646|0|0
51.038071427|1|2|136130.513247792|132266.358834028|0|0
51.049071427|2|1|246313.921833815|245836.967009141|0|0
51.058071427|1|2|115769.249683917|111518.054794403|0|0
51.064071427|2|1|237866.464935885|234544.953818637|0|0
51.138071427|1|2|240302.217949508|233654.833374536|0|0
51.149071427|2|1|115520.076859714|111795.947634358|0|0
51.158071427|1|2|206304.104794137|202677.581386087|0|0
51.164071427|2|1|198863.286127982|197101.574230168|0|0
51.238071427|1|2|160759.4522115|159569.587057065|0|0
51.249071427|2|1|171368.258511844|168830.249462464|0|0
51.258071427|1|2|294092.600299879|293032.628231303|0|0
51.264071427|2|1|165318.442912396|163575.759262765|0|0
51.338071427|1|2|143838.097324191|139270.523671895|0|0
51.349071427|2|1|241995.128985886|238910.881533396|0|0
51.358071427|1|2|91495.4529235315|89051.4398762706|0|0
51.364071427|2|1|125123.540682266|124829.83784599|0|0
51.438071427|1|2|191327.762419593|190497.160384305|0|0
51.458071427|1|2|137883.963538832|137618.925077779|0|0
51.464071427|2|1|224393.257917527|222367.48751672|0|0
51.469071427|2|1|223011.732602118|222462.614163399|0|0
51.538071427|1|2|195338.02306104|194850.268675722|0|0
51.558071427|1|2|314990.983890146|313275.777969812|0|0
51.564071427|2|1|153442.463208158|152176.51277999|0|0
51.569071427|2|1|93579.7414600798|93079.2862599392|0|0
51.638071427|1|2|158247.852431061|155650.093018505|0|0
51.658071427|1|2|97477.3678610128|96252.589575925|0|0
51.664071427|2|1|140381.513286913|136604.000775646|0|0
51.669071427|2|1|252968.956576382|249179.696819751|0|0
51.738071427|1|2|174184.49630421|172048.798864883|0|0
51.758071427|1|2|151457.989588121|148939.01156282|0|0
51.764071427|2|1|206517.707316541|205687.45952719|0|0
51.769071427|2|1|238771.967636188|231036.95377807|0|0
51.838071427|1|2|155706.589521748|152299.825439022|0|0
51.858071427|1|2|322860.996561064|321469.479982275|0|0
51.864071427|2|1|186855.496590138|181624.680636726|0|0
51.869071427|2|1|89916.1962697049|87810.3527031114|0|0
51.938071427|1|2|187130.711186481|181697.549823843|0|0
51.958071427|1|2|93091.2476198876|89132.2682288745|0|0
51.964071427|2|1|99666.1648948552|98128.2140539577|0|0
51.969071427|2|1|180049.34892909|178901.504035155|0|0
52.039071427|1|2|184665.556823281|177820.373987783|0|0
52.057071427|1|2|108111.490204091|106314.234294396|0|0
52.064071427|2|1|224476.325330853|223228.419942172|0|0
52.069071427|2|1|290939.811999687|287676.665351284|0|0
52.139071427|1|2|258107.197631543|256888.403484785|0|0
52.157071427|1|2|255217.553617792|253852.796064279|0|0
52.164071427|2|1|243769.033030248|239792.269195104|0|0
52.169071427|2|1|75897.1270432187|75281.1923283646|0|0
52.239071427|1|2|117749.634482871|117166.297424798|0|0
52.257071427|1|2|193306.009416717|191240.715282646|0|0
52.264071427|2|1|95018.8652698467|94427.0954751816|0|0
52.269071427|2|1|245442.533954826|245176.284454076|0|0
52.339071427|1|2|162353.198104809|162026.375935027|0|0
52.357071427|1|2|101784.887840189|100860.059510188|0|0
52.364071427|2|1|133457.030102899|133277.49947594|0|0
52.369071427|2|1|189884.382156347|184679.880936529|0|0
52.439071427|1|2|249886.873672302|247114.037012641|0|0
52.457071427|1|2|274962.744461155|270649.54183599|0|0
52.464071427|2|1|343178.778510079|337200.915043811|0|0
52.469071427|2|1|140028.545048822|138921.006127966|0|0
52.539071427|1|2|113473.387058714|113337.101429899|0|0
52.557071427|1|2|135050.094421183|134866.729727564|0|0
52.564071427|2|1|73949.6547255237|73073.1137974484|0|0
52.569071427|2|1|142328.865081303|136388.291523565|0|0
52.639071427|1|2|176368.969058337|173788.932277122|0|0
52.657071427|1|2|139038.579801606|137169.574398765|0|0
52.664071427|2|1|199872.095897945|197831.589507653|0|0
52.669071427|2|1|279930.36181793|275108.014361698|0|0
52.739071427|1|2|287883.052455359|285900.42343036|0|0
52.757071427|1|2|225276.040553329|218502.017231936|0|0
52.759071427|2|1|138828.611435085|137366.519274707|0|0
52.768071427|2|1|142787.190875079|140161.800794177|0|0
52.839071427|1|2|116036.292282448|110246.077105434|0|0
52.857071427|1|2|171176.235312861|168262.351426107|0|0
52.859071427|2|1|217264.047996908|214376.667020222|0|0
52.868071427|2|1|160240.518113076|157833.862826305|0|0
52.944071427|1|2|247384.478180267|242856.129287885|0|0
52.958071427|1|2|152197.868024144|151673.282433848|0|0
52.959071427|2|1|146651.914228049|145043.187680965|0|0
52.968071427|2|1|167419.451697024|167222.421925428|0|0
53.044071427|1|2|171020.759429897|169676.962585786|0|0
53.058071427|1|2|166694.353431359|163262.52060199|0|0
53.059071427|2|1|198277.423095736|196745.352191129|0|0
53.068071427|2|1|181460.000388587|178162.806104908|0|0
53.144071427|1|2|177597.488005502|176568.089201033|0|0
53.158071427|1|2|217524.306349293|210256.073887258|0|0
53.159071427|2|1|166161.458804467|164296.378327311|0|0
53.168071427|2|1|177597.09644587|172095.286373929|0|0
53.244071427|1|2|107952.85813541|104831.745880684|0|0
53.258071427|1|2|130968.232712578|127881.419142678|0|0
53.259071427|2|1|177401.968774563|171976.575646363|0|0
53.268071427|2|1|167715.463553664|166626.774750173|0|0
53.344071427|1|2|272295.519576143|270604.248976924|0|0
53.358071427|1|2|186450.467006661|185788.66088025|0|0
53.359071427|2|1|161777.946635465|154901.87754189|0|0
53.368071427|2|1|201642.600551683|199425.262221|0|0
53.444071427|1|2|126931.296030133|122397.082759458|0|0
53.458071427|1|2|235889.400068849|234869.090184869|0|0
53.459071427|2|1|264009.29469664|262896.634010779|0|0
53.468071427|2|1|141170.807493825|140027.850708035|0|0
53.544071427|1|2|140563.090194403|139678.016428925|0|0
53.558071427|1|2|153413.408517559|149243.739752497|0|0
53.559071427|2|1|140437.938733519|139614.525197064|0|0
53.568071427|2|1|154498.367766883|153927.465715612|0|0
53.644071427|1|2|219471.448234928|218490.118541666|0|0
53.658071427|1|2|94823.38437153|93103.4294781823|0|0
53.659071427|2|1|127673.796820308|124688.303768039|0|0
53.668071427|2|1|229292.145859959|224430.49430954|0|0
53.744071427|1|2|223066.188410831|217501.272741219|0|0
53.758071427|1|2|308812.183936679|306729.331044016|0|0
53.759071427|2|1|282683.747768409|277525.064206174|0|0
53.768071427|2|1|135797.592324394|134427.310449524|0|0
53.844071427|1|2|77803.3321176966|74982.7802295114|0|0
53.858071427|1|2|154008.650076945|152768.568823627|0|0
53.859071427|2|1|132684.188342488|128007.805630365|0|0
53.868071427|2|1|146010.866958828|144396.481932612|0|0
53.944071427|1|2|248831.641110111|247955.775288707|0|0
53.949071427|2|1|151774.227646947|149491.880883992|0|0
53.958071427|1|2|108142.699308797|104914.16326469|0|0
53.967071427|2|1|269411.900504382|267347.793205484|0|0
54.044071427|1|2|203529.049665051|199798.07004915|0|0
54.049071427|2|1|149375.332509906|148711.920412134|0|0
54.058071427|1|2|300405.803609457|297871.745431763|0|0
54.067071427|2|1|175777.389286173|174293.933850827|0|0
54.147071427|1|2|178167.375695242|177395.98925982|0|0
54.149071427|2|1|275029.269598066|271925.682282987|0|0
54.157071427|1|2|193694.484033456|189417.779950908|0|0
54.167071427|2|1|93206.3842642196|89062.2992055274|0|0
54.247071427|1|2|245941.244256726|242409.525844109|0|0
54.249071427|2|1|100242.057657523|94710.8188761213|0|0
54.257071427|1|2|75679.3719741878|73805.4441868852|0|0
54.267071427|2|1|263126.365945724|260576.929886213|0|0
54.347071427|1|2|116132.24872017|114811.403380815|0|0
54.349071427|2|1|207285.738063926|206641.737052156|0|0
54.357071427|1|2|311753.096534236|308627.990039184|0|0
54.367071427|2|1|175518.42795894|174033.621144801|0|0
54.447071427|1|2|187651.129934411|184066.37072967|0|0
54.449071427|2|1|168828.17895793|164595.715503549|0|0
54.457071427|1|2|189719.57028914|182266.860411469|0|0
54.467071427|2|1|85445.9390754905|82618.4920503015|0|0
54.547071427|1|2|227995.303738661|227253.711668667|0|0
54.549071427|2|1|192558.155059982|191679.566525092|0|0
54.557071427|1|2|109452.018015683|107123.574359666|0|0
54.567071427|2|1|262424.988446986|260730.148547841|0|0
54.647071427|1|2|134672.386760674|130786.342040526|0|0
54.649071427|2|1|125334.699412985|125196.331434345|0|0
54.657071427|1|2|211375.524257382|209425.369654599|0|0
54.667071427|2|1|264182.684776016|263566.536481801|0|0
54.747071427|1|2|188437.651104022|185135.454418439|0|0
54.749071427|2|1|223343.133245662|218724.467704006|0|0
54.757071427|1|2|225859.381219668|223329.210233415|0|0
54.767071427|2|1|44260.0483865128|44034.5947532887|0|0
54.847071427|1|2|176308.473130317|172611.945023456|0|0
54.849071427|2|1|158110.537149302|155063.480031535|0|0
54.857071427|1|2|78055.1008982405|76776.4993440744|0|0
54.867071427|2|1|272539.740716579|271777.45441606|0|0
54.947071427|1|2|175281.859593008|169304.49268832|0|0
54.949071427|2|1|169997.829222151|165908.391095881|0|0
54.957071427|1|2|310322.442557192|305873.48364456|0|0
54.967071427|2|1|208348.261752451|205473.009518351|0|0
55.047071427|1|2|123020.025347573|121659.283585756|0|0
55.057071427|1|2|139534.768467171|138474.289667193|0|0
55.059071427|2|1|136135.168603414|131028.45301084|0|0
55.067071427|2|1|77843.9560582153|76526.7204601103|0|0
55.147071427|1|2|248218.330554629|247272.749697686|0|0
55.157071427|1|2|112954.147652009|111553.505285625|0|0
55.159071427|2|1|162893.36586708|162704.21855794|0|0
55.167071427|2|1|244136.735556284|242751.21101221|0|0
55.237071427|1|2|131438.427115295|127939.49677635|0|0
55.245071427|1|2|158571.63896232|156767.282670694|0|0
55.259071427|2|1|157815.410485737|157680.554986362|0|0
55.267071427|2|1|182734.033521978|179719.50067537|0|0
55.337071427|1|2|297825.621718792|297650.344689513|0|0
55.345071427|1|2|155808.454521902|154758.021468644|0|0
55.359071427|2|1|230012.670547194|224322.899659017|0|0
55.367071427|2|1|134968.690091378|132211.28829156|0|0
55.437071427|1|2|101423.118654455|98359.9580190039|0|0
55.445071427|1|2|150844.540240262|147075.46267428|0|0
55.459071427|2|1|131659.169821635|128986.810882103|0|0
55.467071427|2|1|212290.951494929|210960.221105932|0|0
55.537071427|1|2|148337.194181332|145007.126608854|0|0
55.545071427|1|2|232472.961795601|227439.785403415|0|0
55.559071427|2|1|197073.158534387|193704.460819762|0|0
55.567071427|2|1|223550.096887666|218758.551944585|0|0
55.637071427|1|2|300648.997597622|299485.734780689|0|0
55.645071427|1|2|170960.906925343|170739.850149802|0|0
55.659071427|2|1|180781.238766071|178093.672229146|0|0
55.667071427|2|1|91648.6762056661|90552.9165195061|0|0
55.737071427|1|2|117881.002581073|112703.509675078|0|0
55.745071427|1|2|113521.631362209|113331.370803246|0|0
55.759071427|2|1|174283.173775822|170382.793199843|0|0
55.767071427|2|1|190724.692711648|187951.321772123|0|0
55.837071427|1|2|151613.030469027|148180.894509912|0|0
55.845071427|1|2|212059.716727856|211874.653881294|0|0
55.859071427|2|1|108770.073147247|105066.128626689|0|0
55.867071427|2|1|213153.528344662|208067.029898594|0|0
55.937071427|1|2|278657.720916549|275558.027458825|0|0
55.945071427|1|2|194359.41680987|190990.957846974|0|0
55.959071427|2|1|300305.905585681|299703.169827075|0|0
55.967071427|2|1|145186.963269102|144777.515185083|0|0
56.037071427|1|2|134128.885252396|132096.421072961|0|0
56.045071427|1|2|108674.803736121|107930.209875425|0|0
56.059071427|2|1|162890.145693225|161978.486453973|0|0
56.067071427|2|1|152623.314334506|151443.134251069|0|0
56.137071427|1|2|148795.517787565|148210.687147175|0|0
56.145071427|1|2|252577.365196889|252563.931359248|0|0
56.159071427|2|1|98363.6555495996|95043.2453016392|0|0
56.167071427|2|1|207712.014510387|204104.959029754|0|0
56.238071427|1|2|230796.802043481|230243.994696599|0|0
56.277071427|2|1|201273.431180146|199388.203843822|0|0
56.338071427|1|2|123113.863944941|121358.840634929|0|0
56.377071427|2|1|156367.085011422|152836.508678056|0|0
56.438071427|1|2|148674.180717896|147631.060917515|0|0
56.477071427|2|1|170860.342854007|166288.023504401|0|0
56.538071427|1|2|279848.687616737|274342.732957093|0|0
56.577071427|2|1|142812.955241729|142100.807141385|0|0
56.638071427|1|2|112294.407026935|107645.156522865|0|0
56.677071427|2|1|230813.761387787|229983.564862729|0|0
56.738071427|1|2|142955.705330891|141564.431427216|0|0
56.777071427|2|1|161206.850855888|158684.483202542|0|0
56.838071427|1|2|225610.081513639|221845.724903076|0|0
56.877071427|2|1|135552.431830681|134421.418878807|0|0
56.938071427|1|2|193585.305043954|190280.434161663|0|0
56.977071427|2|1|171582.483735795|166807.518698531|0|0
57.038071427|1|2|125268.66786698|124577.693455067|0|0
57.077071427|2|1|260164.870947162|259159.72082569|0|0
57.138071427|1|2|160831.492894751|156563.704075396|0|0
57.177071427|2|1|96104.2502379541|92980.6017204595|0|0
57.238071427|1|2|253448.840057771|247029.255484599|0|0
57.277071427|2|1|201357.741896229|195444.855352827|0|0
57.338071427|1|2|97408.9489976275|97069.2587981898|0|0
57.377071427|2|1|257653.063082376|256982.767704849|0|0
57.438071427|1|2|192396.019099978|190524.411568962|0|0
57.457071427|2|1|199057.225146442|195601.855382902|0|0
57.458071427|1|2|218544.020401135|216091.142233507|0|0
57.465071427|2|1|223783.539530122|220603.259721312|0|0
57.538071427|1|2|251662.991053425|250508.652716956|0|0
57.557071427|2|1|267276.69768917|262934.853377777|0|0
57.558071427|1|2|225275.086021763|220599.242536734|0|0
57.565071427|2|1|180598.721912206|178925.851480926|0|0
57.639071427|1|2|98155.0473725253|97735.9758283952|0|0
57.647071427|1|2|172966.851652659|172274.205099958|0|0
57.657071427|2|1|102419.937194886|101798.952341101|0|0
57.665071427|2|1|83976.7621985156|83550.2792162532|0|0
57.739071427|1|2|142809.769240349|140276.733866929|0|0
57.747071427|1|2|212137.362911097|207762.604891738|0|0
57.757071427|2|1|161037.291754273|160530.637271581|0|0
57.765071427|2|1|360723.4041814|355168.273305209|0|0
57.839071427|1|2|285945.677157389|283122.390798442|0|0
57.847071427|1|2|143267.176049817|141293.74268249|0|0
57.857071427|2|1|211580.202030877|208933.538504449|0|0
57.865071427|2|1|123154.407900759|121001.013980834|0|0
57.939071427|1|2|92114.1144312854|90375.6891067361|0|0
57.947071427|1|2|115024.023124656|113135.89455278|0|0
57.957071427|2|1|153138.407471185|150924.878460354|0|0
57.965071427|2|1|134058.374624339|130017.584490141|0|0
58.039071427|1|2|225255.798380993|223328.625964176|0|0
58.047071427|1|2|274339.979372767|272835.310608011|0|0
58.057071427|2|1|157692.402021783|154135.274439957|0|0
58.065071427|2|1|264877.500132005|261919.92720489|0|0
58.139071427|1|2|254089.664078498|254056.16683494|0|0
58.147071427|1|2|171660.464726044|170095.144950091|0|0
58.157071427|2|1|203180.543815651|201871.417967523|0|0
58.165071427|2|1|169315.845960798|166356.25343504|0|0
58.239071427|1|2|109542.207832619|104726.032893081|0|0
58.247071427|1|2|102701.940919936|101011.64678857|0|0
58.257071427|2|1|161066.921476762|157708.271876322|0|0
58.265071427|2|1|79056.8972267068|75809.2204091058|0|0
58.339071427|1|2|163590.002801936|160562.164007202|0|0
58.347071427|1|2|251551.964776242|250740.487590062|0|0
58.357071427|2|1|154891.820737276|152081.615747948|0|0
58.365071427|2|1|306901.524819107|304735.871377049|0|0
58.439071427|1|2|276513.697399879|276407.687083432|0|0
58.447071427|1|2|157564.8550555|155338.304082747|0|0
58.457071427|2|1|139864.77090387|138846.793271827|0|0
58.465071427|2|1|170058.694936538|168867.884704862|0|0
58.539071427|1|2|96297.6459328104|94233.4553415682|0|0
58.547071427|1|2|137275.478188065|132057.436122957|0|0
58.549071427|2|1|239700.327421064|239115.397217705|0|0
58.568071427|2|1|199741.587617297|195128.471340328|0|0
58.639071427|1|2|173763.824876114|170800.859072022|0|0
58.647071427|1|2|251398.738469094|249263.416215291|0|0
58.649071427|2|1|182909.168532028|182668.540325085|0|0
58.668071427|2|1|161500.115704525|159012.860587306|0|0
58.737071427|1|2|323532.687043394|321428.314544121|0|0
58.749071427|2|1|109301.098264485|107948.985039556|0|0
58.758071427|1|2|248725.641019741|247563.86586704|0|0
58.768071427|2|1|192564.537425347|192072.059421148|0|0
58.837071427|1|2|163598.544025224|160310.574434091|0|0
58.849071427|2|1|240781.053960828|233102.717149582|0|0
58.858071427|1|2|213690.200502919|209685.50995352|0|0
58.868071427|2|1|114210.063960928|112855.710392899|0|0
58.937071427|1|2|90170.8698672601|88393.952638625|0|0
58.949071427|2|1|252597.985557228|244909.012714224|0|0
58.958071427|1|2|106789.315030444|100312.549785846|0|0
58.968071427|2|1|212546.459401121|211093.070269967|0|0
59.037071427|1|2|252730.037523649|247955.000822365|0|0
59.049071427|2|1|112653.444016679|111702.868487503|0|0
59.058071427|1|2|250800.108219627|248037.603545353|0|0
59.068071427|2|1|234842.116829101|232440.139670941|0|0
59.137071427|1|2|190084.195801796|189393.236954281|0|0
59.149071427|2|1|163676.323674786|163076.15977158|0|0
59.158071427|1|2|228196.82825511|226633.255055242|0|0
59.168071427|2|1|118936.49450022|113584.933745376|0|0
59.237071427|1|2|133685.937146264|133436.630622323|0|0
59.249071427|2|1|221211.185006899|218593.643928661|0|0
59.257071427|1|2|99011.5904353278|96513.7672766135|0|0
59.268071427|2|1|143342.038979976|140342.573423516|0|0
59.337071427|1|2|164971.879293118|163587.179339718|0|0
59.349071427|2|1|123468.870716504|123424.267912089|0|0
59.357071427|1|2|156205.576503253|154550.039852293|0|0
59.368071427|2|1|261051.298828906|259692.103851564|0|0
59.437071427|1|2|234582.87517373|232061.543193429|0|0
59.457071427|1|2|278742.352933619|270740.591846943|0|0
59.464071427|2|1|185572.204083056|182758.261920274|0|0
59.477071427|2|1|112137.299399638|108537.0505802|0|0
59.537071427|1|2|106145.143512087|103523.453070988|0|0
59.557071427|1|2|135155.453895377|131031.491598164|0|0
59.564071427|2|1|172497.271981425|167075.734460021|0|0
59.577071427|2|1|304452.702500591|301686.435715143|0|0
59.637071427|1|2|213481.85838757|209011.373553729|0|0
59.657071427|1|2|164147.851483388|162583.810036298|0|0
59.664071427|2|1|141049.847399302|140900.228130293|0|0
59.677071427|2|1|120228.791248565|117756.355587999|0|0
59.737071427|1|2|167729.598566203|166609.721749169|0|0
59.757071427|1|2|268137.247515148|265405.968172152|0|0
59.764071427|2|1|246926.505232583|246530.342101613|0|0
59.777071427|2|1|169156.674806354|167549.592039829|0|0
59.837071427|1|2|179189.329784586|174821.692884883|0|0
59.857071427|1|2|127844.587471672|125187.045037419|0|0
59.864071427|2|1|132481.53981234|126616.784909521|0|0
59.877071427|2|1|226024.371177316|224953.867455573|0|0
59.937071427|1|2|128035.822948564|124701.897059357|0|0
59.957071427|1|2|127132.22810403|124143.815335757|0|0
59.964071427|2|1|205085.548606697|198499.501435023|0|0
59.977071427|2|1|126135.516670039|123875.315459872|0|0
60.037071427|1|2|220673.789804341|218783.789505318|0|0
60.057071427|1|2|261539.031723857|260340.595559658|0|0
60.064071427|2|1|174932.844864938|173931.933295945|0|0
60.077071427|2|1|179775.467677066|173544.083645254|0|0
60.137071427|1|2|174725.80427453|173635.380471681|0|0
60.157071427|1|2|154626.349460205|153777.819536126|0|0
60.164071427|2|1|175440.252582678|174454.335297356|0|0
60.177071427|2|1|277080.894849236|274598.589695839|0|0
60.237071427|1|2|134763.956843093|130593.537733274|0|0
60.257071427|1|2|142007.9823311|138416.088427305|0|0
60.264071427|2|1|146406.111039178|143891.487371631|0|0
60.277071427|2|1|117128.362202278|115247.015353482|0|0
60.337071427|1|2|239669.631563075|238173.848159964|0|0
60.357071427|1|2|210042.820006165|208499.16154648|0|0
60.364071427|2|1|318809.42448954|314103.641294467|0|0
60.377071427|2|1|170726.618537779|167437.178383203|0|0
60.437071427|1|2|165553.600922085|165345.636184979|0|0
60.457071427|1|2|146221.777564023|143214.039164557|0|0
60.464071427|2|1|79021.6903349031|77097.5562357612|0|0
60.477071427|2|1|262077.991177106|258162.745251317|0|0
60.537071427|1|2|86654.9408669145|85226.6301704652|0|0
60.557071427|1|2|181995.528369254|177803.582445698|0|0
60.559071427|2|1|162946.094372036|159728.018081367|0|0
60.577071427|2|1|113962.181894291|111271.808812597|0|0
60.637071427|1|2|242529.564304484|239040.252873949|0|0
60.657071427|1|2|151117.71199868|149483.356380192|0|0
60.659071427|2|1|149219.266395955|148802.793968065|0|0
60.677071427|2|1|150615.929147815|150023.134585092|0|0
60.737071427|1|2|212140.02411067|208935.641920676|0|0
60.757071427|1|2|213404.738787387|211507.48667326|0|0
60.759071427|2|1|258264.58325622|255801.552789586|0|0
60.777071427|2|1|301558.903183838|300636.180435961|0|0
60.837071427|1|2|95707.5168294711|93984.6416264177|0|0
60.857071427|1|2|161096.764399341|158149.642986545|0|0
60.859071427|2|1|106923.756782589|104828.330445088|0|0
60.877071427|2|1|108936.902985534|103925.923713942|0|0
60.937071427|1|2|241525.600665682|240524.817133367|0|0
60.957071427|1|2|162516.074156409|162421.605058655|0|0
60.959071427|2|1|197308.859159997|193107.436498589|0|0
60.977071427|2|1|178486.448531968|174033.844203226|0|0
61.037071427|1|2|230272.234174609|228230.281852123|0|0
61.049071427|2|1|217576.815566535|217435.725216385|0|0
61.057071427|1|2|164270.199120442|158235.205945658|0|0
61.065071427|2|1|76286.0268742206|74344.8438759133|0|0
61.137071427|1|2|75609.997180483|72893.5111436545|0|0
61.149071427|2|1|210974.204406661|210614.286183683|0|0
61.157071427|1|2|216772.600686089|212819.011677656|0|0
61.165071427|2|1|225329.991718741|224772.569045653|0|0
61.237071427|1|2|254224.172140232|245600.46647108|0|0
61.249071427|2|1|130442.223529693|128727.445543236|0|0
61.257071427|1|2|154540.811456407|150732.19929499|0|0
61.265071427|2|1|150649.693573622|148362.238800315|0|0
61.337071427|1|2|232041.446167042|229280.891396991|0|0
61.349071427|2|1|169204.009350742|163263.330143489|0|0
61.357071427|1|2|225468.994116654|221471.564162818|0|0
61.365071427|2|1|184314.58492378|183818.900733758|0|0
61.437071427|1|2|115729.498518745|114975.117842309|0|0
61.449071427|2|1|284263.713994382|277582.451467354|0|0
61.457071427|1|2|169638.646667923|168689.941140143|0|0
61.465071427|2|1|169872.32893175|168372.387960031|0|0
61.537071427|1|2|164614.172550257|161434.483780655|0|0
61.549071427|2|1|115202.154379308|114747.655868876|0|0
61.557071427|1|2|91054.8562105006|90666.457660836|0|0
61.565071427|2|1|206489.453259938|202372.085956939|0|0
61.637071427|1|2|272710.702373882|271981.83887556|0|0
61.649071427|2|1|156083.78510977|155092.319084462|0|0
61.657071427|1|2|318744.913750849|315604.147380614|0|0
61.665071427|2|1|121460.052569917|120428.522163826|0|0
61.737071427|1|2|97754.7633692488|95522.7290351938|0|0
61.749071427|2|1|205924.358759951|204463.918569894|0|0
61.757071427|1|2|148046.688943586|145429.298821718|0|0
61.765071427|2|1|171860.507859525|168147.487135983|0|0
61.837071427|1|2|226076.466487237|220746.790213611|0|0
61.849071427|2|1|170384.314777621|170345.080683461|0|0
61.857071427|1|2|103477.211432041|102590.825989882|0|0
61.865071427|2|1|225053.410498527|216931.361578743|0|0
61.937071427|1|2|160403.037100698|158845.489143589|0|0
61.949071427|2|1|101739.89677327|99111.7098346468|0|0
61.957071427|1|2|285242.440000322|277814.040552776|0|0
61.967071427|2|1|235374.558429595|234881.238367275|0|0
62.037071427|1|2|142515.333104935|139014.937832572|0|0
62.049071427|2|1|251666.150255464|250770.733555331|0|0
62.057071427|1|2|162108.417454748|159428.067985934|0|0
62.067071427|2|1|85576.9915820465|85474.9643569691|0|0
62.137071427|1|2|187122.845484039|183165.677061421|0|0
62.149071427|2|1|181878.10771799|177775.068811827|0|0
62.157071427|1|2|116342.481002193|115972.828118432|0|0
62.167071427|2|1|274244.045135209|267232.172425624|0|0
62.237071427|1|2|202595.371805294|200867.413223654|0|0
62.249071427|2|1|136181.673884187|131456.522725282|0|0
62.257071427|1|2|259663.826374965|259030.441561245|0|0
62.267071427|2|1|197104.957959503|191559.735515104|0|0
62.337071427|1|2|153361.384286173|151807.65204192|0|0
62.349071427|2|1|135529.457042606|134036.83326784|0|0
62.357071427|1|2|181221.508761636|177189.96680744|0|0
62.367071427|2|1|137086.52474367|135396.173315981|0|0
62.438071427|1|2|143490.819881603|140268.709315666|0|0
62.467071427|2|1|181315.308958982|176596.866143262|0|0
62.538071427|1|2|236778.766429975|236114.282043389|0|0
62.567071427|2|1|261471.467306156|257924.528844384|0|0
62.638071427|1|2|206425.265789708|202916.715504904|0|0
62.667071427|2|1|76152.4779347777|73245.9192756576|0|0
62.738071427|1|2|66603.0383579725|62708.5930723914|0|0
62.767071427|2|1|284706.76502194|283530.636572772|0|0
62.838071427|1|2|300428.160056105|298399.381007932|0|0
62.867071427|2|1|191761.813227746|190947.321086144|0|0
62.938071427|1|2|202636.652489041|198727.253789864|0|0
62.967071427|2|1|103647.361757613|99040.2232263803|0|0
63.038071427|1|2|70494.3762660071|67309.7951323639|0|0
63.067071427|2|1|207677.482180921|201673.095617452|0|0
63.138071427|1|2|273920.994050298|273538.85975774|0|0
63.167071427|2|1|234712.966385608|231890.686631721|0|0
63.238071427|1|2|211445.758196349|209178.913677826|0|0
63.267071427|2|1|126033.882704651|123394.080941472|0|0
63.338071427|1|2|85208.5483290188|82094.9027072698|0|0
63.364071427|2|1|155607.56336814|155357.521633134|0|0
63.438071427|1|2|241666.271105613|240660.331707918|0|0
63.464071427|2|1|304070.913184834|301627.576814064|0|0
63.538071427|1|2|248547.80845334|244384.611240484|0|0
63.564071427|2|1|97136.2630533948|91552.8633682863|0|0
63.638071427|1|2|85367.3170219568|84242.3680406897|0|0
63.664071427|2|1|190282.500533766|189388.664456586|0|0
63.738071427|1|2|197885.079178119|190980.16522486|0|0
63.746071427|1|2|256146.501054349|253046.082399905|0|0
63.749071427|2|1|189644.790891621|185268.006070964|0|0
63.764071427|2|1|224058.430507765|220125.494389755|0|0
63.838071427|1|2|276650.836287181|271373.342086212|0|0
63.846071427|1|2|141000.428850027|139670.399775074|0|0
63.849071427|2|1|68744.749995214|66772.029655668|0|0
63.864071427|2|1|138102.829781225|137358.159286389|0|0
63.938071427|1|2|102711.221379218|102538.19112363|0|0
63.946071427|1|2|93152.589234477|91339.1845402048|0|0
63.949071427|2|1|260799.420873704|259547.551758043|0|0
63.964071427|2|1|130445.927149293|130019.314334911|0|0
64.038071427|1|2|203163.712552242|200434.835729066|0|0
64.046071427|1|2|354909.101743389|346121.985024612|0|0
64.049071427|2|1|256606.875328376|250837.410994465|0|0
64.064071427|2|1|266165.380603567|260495.844801529|0|0
64.138071427|1|2|177073.697127431|172804.260578334|0|0
64.146071427|1|2|113030.168301138|110155.778111987|0|0
64.149071427|2|1|57189.5872257429|54177.449523048|0|0
64.164071427|2|1|140886.074896948|138523.746806751|0|0
64.238071427|1|2|127926.640242315|125695.677477818|0|0
64.246071427|1|2|149352.245355287|148974.076862523|0|0
64.249071427|2|1|265546.719669172|264971.140183006|0|0
64.264071427|2|1|128450.467898195|126155.216964579|0|0
64.338071427|1|2|224634.42118249|223209.929100673|0|0
64.346071427|1|2|245611.034411027|244214.814783425|0|0
64.349071427|2|1|180956.452343623|178403.961959561|0|0
64.364071427|2|1|189192.600835243|185226.313989229|0|0
64.438071427|1|2|191590.38855267|191286.091791791|0|0
64.446071427|1|2|192811.023610796|189741.108608774|0|0
64.449071427|2|1|136594.354116049|133197.231381208|0|0
64.464071427|2|1|208623.864169189|207803.854332381|0|0
64.538071427|1|2|140150.40717785|137087.498810444|0|0
64.546071427|1|2|82176.0023057879|78030.1069839203|0|0
64.549071427|2|1|155086.424260098|153690.85879554|0|0
64.564071427|2|1|156546.297262467|154412.604454177|0|0
64.637071427|1|2|181202.627907191|177424.340304632|0|0
64.648071427|1|2|238722.287225895|238116.51683277|0|0
64.649071427|2|1|266000.443357937|263412.307470158|0|0
64.664071427|2|1|144787.546607772|144535.62175951|0|0
64.737071427|1|2|193531.274589961|192281.12701144|0|0
64.748071427|1|2|110198.148125177|108542.506686863|0|0
64.749071427|2|1|103385.032987326|103184.657923081|0|0
64.764071427|2|1|226350.729432519|225994.882067462|0|0
64.837071427|1|2|156214.313269221|153240.12195902|0|0
64.848071427|1|2|198525.684346897|196882.032592084|0|0
64.849071427|2|1|179478.240941527|178750.970881353|0|0
64.867071427|2|1|107803.329460601|105285.983103595|0|0
64.937071427|1|2|164498.968741032|163242.679443032|0|0
64.948071427|1|2|150560.810533442|149303.974409503|0|0
64.949071427|2|1|178048.387673876|172804.714061054|0|0
64.967071427|2|1|171705.65041186|168439.47708983|0|0
65.037071427|1|2|156285.067227088|152508.22917976|0|0
65.048071427|1|2|208696.924373614|207376.684398111|0|0
65.049071427|2|1|187475.720023531|183927.698416889|0|0
65.067071427|2|1|278676.973949814|277706.45561214|0|0
65.137071427|1|2|214452.343137853|212095.249361101|0|0
65.148071427|1|2|117688.703454171|114376.156620215|0|0
65.149071427|2|1|90645.7892409062|90400.218756767|0|0
65.167071427|2|1|86799.1259591641|85178.5484208233|0|0
65.237071427|1|2|176946.042175389|175580.742595412|0|0
65.248071427|1|2|233538.606693642|227107.378027587|0|0
65.249071427|2|1|279841.082974554|275996.942507903|0|0
65.267071427|2|1|200997.309247937|200212.279860628|0|0
65.337071427|1|2|119543.506165655|117956.767018071|0|0
65.348071427|1|2|185511.79595213|183697.770000989|0|0
65.349071427|2|1|164594.515066824|163080.609675907|0|0
65.367071427|2|1|264275.203794786|262527.963166353|0|0
65.437071427|1|2|238844.080949387|233911.498407271|0|0
65.448071427|1|2|100494.191661708|97771.9681885273|0|0
65.449071427|2|1|126789.713677944|123937.554397602|0|0
65.467071427|2|1|114915.37543464|110720.907597236|0|0
65.537071427|1|2|157228.476755504|154977.436531522|0|0
65.548071427|1|2|206120.567830221|200835.036496059|0|0
65.549071427|2|1|193707.166671122|191725.564433576|0|0
65.567071427|2|1|180839.360796649|174531.689715525|0|0
65.637071427|1|2|128547.633108484|125344.196088507|0|0
65.648071427|1|2|263576.006069223|262470.626035429|0|0
65.649071427|2|1|255161.953468586|255068.331295421|0|0
65.667071427|2|1|197868.730531349|196616.720851906|0|0
65.737071427|1|2|238928.642610907|236065.767238365|0|0
65.748071427|1|2|91196.8914384087|90329.5638461384|0|0
65.749071427|2|1|53052.0391550981|50157.0198389758|0|0
65.767071427|2|1|165763.083764215|165276.875183703|0|0
65.845071427|1|2|119762.459812937|119657.811688132|0|0
65.849071427|2|1|288072.750269821|282953.926831746|0|0
65.858071427|1|2|231130.251622375|224805.867982282|0|0
65.868071427|2|1|179545.30011152|178451.855290711|0|0
65.945071427|1|2|255994.621546103|251119.233346813|0|0
65.949071427|2|1|244884.455321633|242909.066107225|0|0
65.958071427|1|2|112686.911045603|112079.196739823|0|0
65.968071427|2|1|192283.62233842|191796.032136367|0|0
66.045071427|1|2|168935.327889121|167966.865036341|0|0
66.049071427|2|1|62627.4259417938|60165.5157758506|0|0
66.058071427|1|2|202411.311659662|202050.49309621|0|0
66.068071427|2|1|178365.975884936|173176.086309885|0|0
66.145071427|1|2|91198.2584046573|90830.5015737609|0|0
66.149071427|2|1|204794.91653921|200997.185147105|0|0
66.158071427|1|2|201603.327379032|199261.554539495|0|0
66.168071427|2|1|154847.383501086|152274.259067794|0|0
66.245071427|1|2|248318.084353775|243140.159509795|0|0
66.249071427|2|1|286726.744719825|284570.277180606|0|0
66.258071427|1|2|102730.55941049|102494.208563249|0|0
66.268071427|2|1|135898.961492524|135705.922099432|0|0
66.345071427|1|2|201094.120205025|198744.337457875|0|0
66.358071427|1|2|214468.90006743|213362.144519505|0|0
66.359071427|2|1|212067.66066929|205084.667475621|0|0
66.377071427|2|1|188473.411437166|182379.520502323|0|0
66.445071427|1|2|110289.500881372|109416.473196657|0|0
66.458071427|1|2|273123.797037715|268776.254879391|0|0
66.459071427|2|1|295544.798231354|290991.524859009|0|0
66.477071427|2|1|213368.295367868|210713.755790898|0|0
66.545071427|1|2|230097.980963825|228563.889338182|0|0
66.558071427|1|2|83708.058240504|82024.268932768|0|0
66.559071427|2|1|71858.3635758587|69817.7558777469|0|0
66.577071427|2|1|118171.111396878|116604.86534673|0|0
66.645071427|1|2|210414.786789682|209317.162485431|0|0
66.658071427|1|2|195522.212760715|187945.352530338|0|0
66.659071427|2|1|210221.916099313|207262.900500372|0|0
66.677071427|2|1|181872.464665081|179040.427697197|0|0
66.745071427|1|2|71797.7925485243|69009.517547814|0|0
66.758071427|1|2|245250.167882644|240658.867919316|0|0
66.759071427|2|1|245462.031322706|244135.936194822|0|0
66.777071427|2|1|196027.876098586|195805.597719864|0|0
66.845071427|1|2|317803.174868454|317314.458640375|0|0
66.858071427|1|2|137030.914428172|133931.987986844|0|0
66.859071427|2|1|99038.9382531738|96507.0892652407|0|0
66.877071427|2|1|186093.916758339|185194.123430665|0|0
66.945071427|1|2|189961.308332258|188437.616045344|0|0
66.958071427|1|2|182867.769410093|182797.583317251|0|0
66.959071427|2|1|204439.322759302|201375.382426968|0|0
66.977071427|2|1|123688.364385131|120554.8479887|0|0
67.045071427|1|2|71607.0464393009|68201.8967780907|0|0
67.058071427|1|2|258624.072798904|255932.05054001|0|0
67.065071427|2|1|228601.691658319|223780.460975925|0|0
67.077071427|2|1|149462.036889908|143377.39529399|0|0
67.145071427|1|2|265945.928304618|263308.609258422|0|0
67.158071427|1|2|78916.1337503835|76588.1052334579|0|0
67.165071427|2|1|79275.9879920747|78033.7979398544|0|0
67.177071427|2|1|228514.383234461|224420.626653119|0|0
67.245071427|1|2|217614.219356555|214595.299574577|0|0
67.258071427|1|2|259181.693204966|253298.091951166|0|0
67.265071427|2|1|226469.794466553|224581.795720988|0|0
67.277071427|2|1|152798.221662976|151580.39084805|0|0
67.338071427|1|2|266939.813176538|266653.636889591|0|0
67.349071427|1|2|127709.789737679|127058.979772166|0|0
67.365071427|2|1|221289.716659125|216358.542649789|0|0
67.377071427|2|1|158962.239273643|157169.346844784|0|0
67.438071427|1|2|84247.0632602151|82286.4222985255|0|0
67.449071427|1|2|255644.879501134|254883.503602062|0|0
67.465071427|2|1|100705.702674999|100541.632226333|0|0
67.477071427|2|1|200800.014623507|194320.221801239|0|0
67.538071427|1|2|185239.519457809|185072.04017389|0|0
67.549071427|1|2|150821.820680132|149728.462813255|0|0
67.565071427|2|1|197806.02234753|197560.17902267|0|0
67.577071427|2|1|164015.555933786|159573.92268672|0|0
67.638071427|1|2|219428.609531256|214188.042700568|0|0
67.649071427|1|2|139159.15708194|133976.753392221|0|0
67.665071427|2|1|267209.77158616|260084.661699159|0|0
67.677071427|2|1|174877.376642605|171306.351095221|0|0
67.738071427|1|2|169733.767553588|165852.227771286|0|0
67.749071427|1|2|188198.387300916|184032.794610052|0|0
67.758071427|2|1|113638.749978551|110727.537499459|0|0
67.767071427|2|1|132848.794715413|127509.580926199|0|0
67.839071427|1|2|166122.7983092|163077.996677688|0|0
67.848071427|1|2|223790.338247817|223376.227887552|0|0
67.858071427|2|1|195720.072845321|195163.656463802|0|0
67.867071427|2|1|252586.152558477|251213.059478248|0|0
67.939071427|1|2|267754.291357963|263203.147189597|0|0
67.948071427|1|2|113860.345797721|109949.662774882|0|0
67.958071427|2|1|188241.699015389|184711.964198294|0|0
67.967071427|2|1|187118.822840947|183939.997276548|0|0
68.039071427|1|2|80543.6056142319|79946.0788407368|0|0
68.048071427|1|2|151870.073138776|147048.498973386|0|0
68.058071427|2|1|185154.520113039|179360.198163376|0|0
68.067071427|2|1|150060.283222478|146904.630508671|0|0
68.139071427|1|2|223299.429462576|221747.165783129|0|0
68.148071427|1|2|307079.75271307|304773.705392518|0|0
68.158071427|2|1|140752.517349318|139852.277580199|0|0
68.167071427|2|1|207887.905149934|203763.153238062|0|0
68.239071427|1|2|270962.027703608|267986.242421622|0|0
68.248071427|1|2|110271.627728021|106250.041019684|0|0
68.258071427|2|1|156922.136499165|156673.734995261|0|0
68.267071427|2|1|163504.985704586|162147.55989218|0|0
68.339071427|1|2|90342.4490923566|86317.2252940381|0|0
68.348071427|1|2|134222.071390204|132120.382960382|0|0
68.358071427|2|1|233885.797054643|231285.791077726|0|0
68.367071427|2|1|133457.611121665|132554.598642248|0|0
68.439071427|1|2|182619.534606136|181089.36627673|0|0
68.448071427|1|2|262557.758220659|259696.628004971|0|0
68.458071427|2|1|128845.500764109|127441.586620528|0|0
68.467071427|2|1|248057.047792033|243837.440791039|0|0
68.539071427|1|2|262067.330269976|258703.455627258|0|0
68.548071427|1|2|167749.654285416|166574.234646732|0|0
68.558071427|2|1|148658.249186305|146441.493082455|0|0
68.567071427|2|1|150522.788880223|143659.830138069|0|0
68.639071427|1|2|89397.0390147639|88320.9987553426|0|0
68.648071427|1|2|111403.89573541|110296.771132674|0|0
68.666071427|2|1|150032.823518095|148834.613343062|0|0
68.669071427|2|1|157776.879500673|151698.412947934|0|0
68.739071427|1|2|205226.1083057|201714.434811412|0|0
68.748071427|1|2|301596.932004904|297329.5600964|0|0
68.766071427|2|1|223054.298573542|221202.627217705|0|0
68.769071427|2|1|212822.535331749|210183.737447759|0|0
68.839071427|1|2|247167.302053184|242522.718727793|0|0
68.848071427|1|2|119798.017473786|119446.345199355|0|0
68.866071427|2|1|169667.154609961|168820.654299437|0|0
68.869071427|2|1|183181.574585161|182985.781565555|0|0
68.944071427|1|2|104618.973199081|103102.842889096|0|0
68.958071427|1|2|284862.52461444|283151.064753589|0|0
68.966071427|2|1|130479.309054355|128883.897774843|0|0
68.969071427|2|1|99116.2213546432|98882.401448979|0|0
69.044071427|1|2|184315.719703722|181657.290750763|0|0
69.058071427|1|2|148863.686223514|146954.842406286|0|0
69.066071427|2|1|168762.654180037|163814.600085944|0|0
69.069071427|2|1|235219.483719066|230834.411225209|0|0
69.144071427|1|2|314302.184345839|309310.3791228|0|0
69.158071427|1|2|125552.686141375|124177.935779068|0|0
69.166071427|2|1|194053.292982167|192494.818780613|0|0
69.169071427|2|1|240714.522221351|235827.241391798|0|0
69.244071427|1|2|80905.7802484664|75089.7728613057|0|0
69.258071427|1|2|301891.854850154|301814.438222562|0|0
69.266071427|2|1|215445.001936192|214434.405583217|0|0
69.269071427|2|1|100677.643487579|100348.044185353|0|0
69.344071427|1|2|181771.851331477|179004.48787243|0|0
69.358071427|1|2|148354.308493854|142787.713934707|0|0
69.366071427|2|1|104307.534385439|102082.968161007|0|0
69.369071427|2|1|173541.203241878|172961.9008989|0|0
69.444071427|1|2|263718.97443341|263458.186052664|0|0
69.458071427|1|2|122005.781709131|117376.445768326|0|0
69.466071427|2|1|218263.026162059|215337.737346205|0|0
69.469071427|2|1|268338.992944733|264153.748969158|0|0
69.544071427|1|2|129925.492323398|127608.535537018|0|0
69.558071427|1|2|245617.424693657|243956.837166448|0|0
69.566071427|2|1|161063.357525827|157727.344263722|0|0
69.569071427|2|1|81099.5345556472|78787.0282205838|0|0
69.644071427|1|2|113082.481484699|113052.897621106|0|0
69.658071427|1|2|187434.129934149|184163.155016281|0|0
69.666071427|2|1|171583.505817771|168119.063752938|0|0
69.669071427|2|1|275266.11247332|271900.891827243|0|0
69.744071427|1|2|374107.125168137|370400.428065888|0|0
69.758071427|1|2|111449.054853209|109825.981803763|0|0
69.766071427|2|1|192514.676684233|189481.030192494|0|0
69.769071427|2|1|194389.667354551|189005.688528757|0|0
69.838071427|1|2|178562.434793021|173397.605721142|0|0
69.849071427|2|1|152637.861363114|150010.514338858|0|0
69.858071427|1|2|301154.821690079|297026.836078531|0|0
69.877071427|2|1|159934.709557473|159416.404268094|0|0
69.938071427|1|2|213641.288976488|206761.746134095|0|0
69.949071427|2|1|231568.295678852|229747.446487835|0|0
69.958071427|1|2|120922.769849327|119037.322585184|0|0
69.977071427|2|1|185871.53621563|184825.827690401|0|0
70.038071427|1|2|136873.458562657|135492.823038291|0|0
70.049071427|2|1|169015.886691721|167559.102344887|0|0
70.058071427|1|2|135399.278469485|134480.78084969|0|0
70.077071427|2|1|226216.750109547|223496.26713469|0|0
70.138071427|1|2|203789.518974479|203504.021810758|0|0
70.149071427|2|1|136345.377139337|130895.758419996|0|0
70.158071427|1|2|224894.504524554|220134.724691949|0|0
70.177071427|2|1|72200.5518121514|68685.5701038341|0|0
70.238071427|1|2|156710.857958572|156461.998893135|0|0
70.249071427|2|1|166791.170930377|164072.617447843|0|0
70.258071427|1|2|202473.41379861|199880.900836957|0|0
70.277071427|2|1|258643.991987734|258301.334800865|0|0
70.338071427|1|2|138070.594840863|136895.524697293|0|0
70.349071427|2|1|195469.572643692|192559.049908886|0|0
70.358071427|1|2|119458.891451643|116822.282889483|0|0
70.377071427|2|1|231976.838787687|231595.631492884|0|0
70.438071427|1|2|271948.683527902|270512.108872525|0|0
70.449071427|2|1|203048.950376833|202029.043519398|0|0
70.458071427|1|2|201438.508740361|193377.388673535|0|0
70.477071427|2|1|97772.4265542715|95660.1276474921|0|0
70.538071427|1|2|177880.185603393|173369.008020989|0|0
70.549071427|2|1|113315.015285548|113171.621802635|0|0
70.558071427|1|2|210010.597662283|205404.312231656|0|0
70.577071427|2|1|206638.276372066|203457.92862649|0|0
70.638071427|1|2|91530.8315323649|88987.7289765053|0|0
70.649071427|2|1|233827.79096374|230749.225008272|0|0
70.658071427|1|2|117628.611867551|116675.107291306|0|0
70.677071427|2|1|232966.089682745|228051.01650118|0|0
70.738071427|1|2|292254.38578212|283318.74115307|0|0
70.749071427|2|1|174675.496701239|174252.457011714|0|0
70.758071427|1|2|161708.220564728|160428.753920179|0|0
70.765071427|2|1|279075.20424363|277344.155272504|0|0
70.838071427|1|2|159259.80544267|156081.706030519|0|0
70.849071427|2|1|103639.880312525|103606.505257354|0|0
70.858071427|1|2|234330.683820167|231092.746748958|0|0
70.865071427|2|1|143228.245225252|140758.568878278|0|0
70.938071427|1|2|124934.796988307|122906.528125561|0|0
70.949071427|2|1|254019.653008529|245798.675510844|0|0
70.958071427|1|2|187616.092205708|186739.322234592|0|0
70.965071427|2|1|112968.055616288|110448.09197733|0|0
71.038071427|1|2|256375.270958507|253910.523045925|0|0
71.049071427|2|1|239882.29582259|232457.663447735|0|0
71.058071427|1|2|80111.6227723013|79810.4769454531|0|0
71.065071427|2|1|336540.392117761|336171.655196649|0|0
71.138071427|1|2|320623.318254156|314197.579461888|0|0
71.146071427|1|2|124550.388692111|121871.023015629|0|0
71.149071427|2|1|116200.232005607|114304.325281758|0|0
71.165071427|2|1|80054.8000103632|78860.7983195878|0|0
71.238071427|1|2|62607.9578496254|61483.7980609197|0|0
71.246071427|1|2|205432.025800884|202094.311376488|0|0
71.249071427|2|1|194034.406489559|193198.003072407|0|0
71.265071427|2|1|155485.850854274|153259.371660208|0|0
71.338071427|1|2|224098.573252764|223020.694905291|0|0
71.346071427|1|2|249316.480912518|248387.92003833|0|0
71.349071427|2|1|229968.926401959|229577.447454558|0|0
71.365071427|2|1|242428.995314356|242029.259121667|0|0
71.438071427|1|2|234262.302093291|231023.58921347|0|0
71.446071427|1|2|114599.968438695|109713.451813945|0|0
71.449071427|2|1|84970.1971638851|83691.312142134|0|0
71.465071427|2|1|204584.802955739|203635.246385377|0|0
71.538071427|1|2|121741.808784316|118535.750983199|0|0
71.546071427|1|2|194292.298459939|190078.18726388|0|0
71.549071427|2|1|291677.143263481|288971.635923161|0|0
71.565071427|2|1|82368.9369362524|81135.4174517595|0|0
71.638071427|1|2|158155.554894444|156772.669389455|0|0
71.646071427|1|2|240461.552149196|239850.817740921|0|0
71.649071427|2|1|184315.025816465|178307.542465746|0|0
71.665071427|2|1|243464.631299569|236917.432456134|0|0
71.737071427|1|2|300029.492162438|297980.94165571|0|0
71.758071427|1|2|252665.452659852|250628.117685948|0|0
71.759071427|2|1|289245.085922997|287605.240593539|0|0
71.777071427|2|1|170186.12403371|166913.393624156|0|0
71.837071427|1|2|106638.805066146|104495.444182956|0|0
71.858071427|1|2|247841.150729876|246873.87243942|0|0
71.859071427|2|1|174171.512556077|171843.711130279|0|0
71.877071427|2|1|222973.587159731|217383.498546855|0|0
71.937071427|1|2|194717.514681188|193824.969886113|0|0
71.958071427|1|2|78002.3101550146|77391.246753811|0|0
71.959071427|2|1|102500.483918603|102171.442251987|0|0
71.977071427|2|1|142511.680606903|141578.401248169|0|0
72.037071427|1|2|141083.966516416|139597.317632137|0|0
72.058071427|1|2|266178.061374501|262270.385744598|0|0
72.059071427|2|1|292004.47818929|289528.867212844|0|0
72.077071427|2|1|142862.970879018|142010.407064782|0|0
72.137071427|1|2|210356.452845238|208079.100587112|0|0
72.158071427|1|2|179427.488964197|178107.364188327|0|0
72.159071427|2|1|161479.68268915|155656.660392421|0|0
72.177071427|2|1|175787.790555889|171584.492911661|0|0
72.237071427|1|2|176026.46374621|171051.971617876|0|0
72.258071427|1|2|75748.6776348274|75070.4456691606|0|0
72.259071427|2|1|101263.114809609|100492.256196042|0|0
72.277071427|2|1|228715.144621879|227010.732939029|0|0
72.337071427|1|2|181231.574847071|176165.67171857|0|0
72.358071427|1|2|294534.005506758|289536.151182499|0|0
72.359071427|2|1|254816.041666707|253086.096347862|0|0
72.377071427|2|1|125760.04013587|125160.3308253|0|0
72.437071427|1|2|159386.527778151|159293.234937137|0|0
72.458071427|1|2|222079.83890774|217190.828962281|0|0
72.459071427|2|1|193367.837127743|190496.035896752|0|0
72.477071427|2|1|179217.232358936|178446.727958506|0|0
72.537071427|1|2|162938.556460547|160749.837256064|0|0
72.558071427|1|2|93589.3879121981|91313.640962736|0|0
72.559071427|2|1|88511.9731760281|87801.042368551|0|0
72.577071427|2|1|226552.281193185|222345.799271339|0|0
72.638071427|1|2|183798.120710955|177570.979660559|0|0
72.647071427|1|2|138384.039963305|135651.465333837|0|0
72.659071427|2|1|263867.526372221|257530.130382718|0|0
72.677071427|2|1|112683.646989039|108812.412994473|0|0
72.738071427|1|2|243276.044365764|238478.787927251|0|0
72.747071427|1|2|184729.570890618|181863.578991553|0|0
72.759071427|2|1|185258.677372151|182335.12506506|0|0
72.777071427|2|1|172256.755138465|171286.808202914|0|0
72.838071427|1|2|132564.307287576|131475.215858883|0|0
72.847071427|1|2|195583.267210069|194355.084337161|0|0
72.859071427|2|1|104950.344525116|103548.537794252|0|0
72.877071427|2|1|299011.349116863|298620.040267987|0|0
72.938071427|1|2|158711.447945221|156423.938228576|0|0
72.947071427|1|2|147660.871583934|147378.758522801|0|0
72.959071427|2|1|184497.298394447|180626.919563926|0|0
72.977071427|2|1|88725.0715337426|85219.7094955179|0|0
73.038071427|1|2|238398.723051747|236392.800973783|0|0
73.047071427|1|2|134109.573492106|132156.349920863|0|0
73.049071427|2|1|99920.3352564326|98278.0829051142|0|0
73.068071427|2|1|91975.7070535318|91201.5999367062|0|0
73.138071427|1|2|109209.423234479|107807.639830592|0|0
73.147071427|1|2|225788.028638382|219605.959963257|0|0
73.149071427|2|1|233015.411331879|230747.584905683|0|0
73.168071427|2|1|220711.184475734|220109.876271159|0|0
73.238071427|1|2|204120.464637556|203342.415417938|0|0
73.247071427|1|2|186798.701967385|184469.37404829|0|0
73.249071427|2|1|192873.468753056|190576.555511794|0|0
73.268071427|2|1|181778.441343199|179781.563029223|0|0
73.338071427|1|2|280925.321240428|280644.630273676|0|0
73.347071427|1|2|140938.537435918|139399.741029631|0|0
73.349071427|2|1|118471.419970712|116331.680497348|0|0
73.368071427|2|1|159524.107374751|158522.446245647|0|0
73.438071427|1|2|85858.1834503453|81564.0417404009|0|0
73.447071427|1|2|163873.867300128|162464.842792464|0|0
73.449071427|2|1|244786.461555046|243924.316136783|0|0
73.468071427|2|1|180304.238359338|177937.488693939|0|0
73.538071427|1|2|184185.314754406|179037.431973527|0|0
73.547071427|1|2|257068.979212434|251862.897833421|0|0
73.564071427|2|1|272172.814331139|270516.332415995|0|0
73.569071427|2|1|232013.472343525|229077.756145674|0|0
73.638071427|1|2|252598.838381228|250210.923522347|0|0
73.647071427|1|2|74133.6170085743|71808.6423850977|0|0
73.664071427|2|1|218176.416149947|214580.424434015|0|0
73.669071427|2|1|166271.383246459|166191.660764782|0|0
73.738071427|1|2|136405.055588149|133736.873899216|0|0
73.747071427|1|2|253808.414244344|252298.175181122|0|0
73.764071427|2|1|100402.749853994|96870.0099180966|0|0
73.769071427|2|1|121532.716527665|119998.228928847|0|0
73.837071427|1|2|116669.443579093|112592.665657728|0|0
73.857071427|1|2|145144.436909613|142919.131470216|0|0
73.864071427|2|1|193784.807923951|191640.465894326|0|0
73.869071427|2|1|200017.77423947|197029.047161352|0|0
73.937071427|1|2|309901.722606151|303859.247994062|0|0
73.957071427|1|2|191687.24764293|190940.287487696|0|0
73.964071427|2|1|261185.231287422|257624.667881289|0|0
73.969071427|2|1|205589.758931904|204675.489235004|0|0
74.037071427|1|2|141258.750530608|139376.72771929|0|0
74.057071427|1|2|179682.188034918|178730.002681605|0|0
74.064071427|2|1|98184.7592273875|97423.2268113303|0|0
74.069071427|2|1|110713.696610095|107455.48821217|0|0
74.137071427|1|2|137508.539405091|135988.597806456|0|0
74.157071427|1|2|186413.740317345|182194.280367207|0|0
74.164071427|2|1|197073.439385745|193447.641992027|0|0
74.169071427|2|1|208050.680482537|203528.051624643|0|0
74.237071427|1|2|208914.912109593|203587.627266703|0|0
74.257071427|1|2|121416.177910458|115244.004596948|0|0
74.264071427|2|1|189766.627342996|186290.078162596|0|0
74.269071427|2|1|255083.041203025|253704.345817921|0|0
74.337071427|1|2|195604.595869033|190958.123275949|0|0
74.357071427|1|2|265048.999752067|264713.837679146|0|0
74.364071427|2|1|130633.413959946|130155.402415062|0|0
74.369071427|2|1|79447.7569294537|76461.1338560294|0|0
74.437071427|1|2|178684.088710846|174631.87389541|0|0
74.457071427|1|2|165780.59962008|164074.580110292|0|0
74.464071427|2|1|187118.736922501|185813.953030085|0|0
74.469071427|2|1|229270.303200363|227016.113233814|0|0
74.537071427|1|2|187723.288131262|182079.894188792|0|0
74.557071427|1|2|151075.630539717|148530.040762007|0|0
74.564071427|2|1|202412.107414056|199299.147093427|0|0
74.569071427|2|1|220364.67807729|219866.228115865|0|0
74.645071427|1|2|108980.727141361|107832.966016022|0|0
74.649071427|1|2|210258.509547545|205854.530298854|0|0
74.664071427|2|1|161635.697117491|161208.15517655|0|0
74.669071427|2|1|111136.148893191|109364.087572844|0|0
74.745071427|1|2|242448.425931891|236773.665044931|0|0
74.749071427|1|2|206274.712704773|204376.516825509|0|0
74.764071427|2|1|119809.699671915|119621.676821517|0|0
74.769071427|2|1|238331.769883877|234496.400615456|0|0
74.845071427|1|2|182149.451102929|181219.685120194|0|0
74.849071427|1|2|140858.310185004|140005.497726735|0|0
74.857071427|2|1|85331.4410248135|84512.7920977868|0|0
74.867071427|2|1|253170.420855183|246694.211513883|0|0
74.945071427|1|2|110813.628367415|110670.86504273|0|0
74.949071427|1|2|161837.409681249|159531.961785088|0|0
74.957071427|2|1|374511.216209064|373157.007517218|0|0
74.967071427|2|1|142071.971443998|139238.489710587|0|0
75.045071427|1|2|284500.614378756|280947.491174728|0|0
75.049071427|1|2|190193.583533082|188978.027243602|0|0
75.057071427|2|1|90661.065011622|88720.0965563977|0|0
75.067071427|2|1|152034.769948021|149833.27337365|0|0
75.145071427|1|2|155515.632016278|155311.469461877|0|0
75.149071427|1|2|159995.629609354|157392.166615442|0|0
75.157071427|2|1|169996.142195867|167156.744418185|0|0
75.167071427|2|1|283297.42823465|280967.928948995|0|0
75.245071427|1|2|93207.9381573284|91542.4034642063|0|0
75.249071427|1|2|154274.968091362|151652.307855518|0|0
75.257071427|2|1|236286.331831386|236212.252367776|0|0
75.267071427|2|1|137870.939711165|135323.079278535|0|0
75.345071427|1|2|266303.469793512|260054.182307786|0|0
75.349071427|1|2|216672.327404514|212894.268820457|0|0
75.357071427|2|1|151141.044841067|146553.40175207|0|0
75.367071427|2|1|96961.0071218374|95846.2120723425|0|0
75.445071427|1|2|169625.569324782|168197.657549119|0|0
75.449071427|1|2|167792.151378005|162309.494262365|0|0
75.457071427|2|1|121076.637146925|116641.396987716|0|0
75.467071427|2|1|355535.179899819|351788.411936354|0|0
75.545071427|1|2|146992.971770034|145515.271126488|0|0
75.549071427|1|2|133519.019964137|133223.499569295|0|0
75.557071427|2|1|259482.694382549|258540.775457576|0|0
75.567071427|2|1|119706.76796979|118368.95551103|0|0
75.645071427|1|2|174017.867903011|172678.598069423|0|0
75.649071427|1|2|205612.250382322|202007.243666859|0|0
75.657071427|2|1|151979.872537996|149313.163324758|0|0
75.667071427|2|1|110965.330929006|107259.881608999|0|0
75.737071427|1|2|94075.0269208401|91350.6458965082|0|0
75.767071427|2|1|290198.652152066|288791.014405369|0|0
75.837071427|1|2|311445.068804668|310182.909847731|0|0
75.867071427|2|1|151452.376653009|147636.245767937|0|0
75.937071427|1|2|197886.350721981|195290.996940466|0|0
75.967071427|2|1|117503.3427588|112214.261030107|0|0
76.037071427|1|2|68128.4487365752|66436.6077107783|0|0
76.066071427|2|1|212734.400070397|212063.681655973|0|0
76.137071427|1|2|223224.372123247|219665.862349395|0|0
76.166071427|2|1|181161.694539425|180635.604776879|0|0
76.237071427|1|2|277172.482751776|276316.343130222|0|0
76.266071427|2|1|131104.526761841|127887.524393934|0|0
76.337071427|1|2|65598.559099903|64016.4534712583|0|0
76.366071427|2|1|207382.73044315|206437.013385829|0|0
76.437071427|1|2|232483.63568629|227540.995089598|0|0
76.466071427|2|1|197867.592114908|193491.840403149|0|0
76.537071427|1|2|254705.318410705|254617.703645633|0|0
76.566071427|2|1|141898.356356165|139263.130491125|0|0
76.637071427|1|2|67078.6366546952|66608.6419245548|0|0
76.666071427|2|1|144836.388496016|142882.938069061|0|0
76.737071427|1|2|172991.779572644|171437.291603074|0|0
76.745071427|1|2|312527.743304459|311271.985298853|0|0
76.757071427|2|1|124559.404566351|122193.303863556|0|0
76.766071427|2|1|226082.014616241|219826.199020919|0|0
76.837071427|1|2|233890.091809125|233646.564747469|0|0
76.845071427|1|2|98751.1524509753|97697.2750059885|0|0
76.857071427|2|1|220951.572196051|215974.469752907|0|0
76.866071427|2|1|145672.153947502|142987.938321915|0|0
76.937071427|1|2|89731.4019321318|86502.1539639527|0|0
76.945071427|1|2|128133.99249207|123186.696404086|0|0
76.957071427|2|1|202130.958202269|201310.6075136|0|0
76.966071427|2|1|173761.456957863|173503.257061111|0|0
77.037071427|1|2|254965.824656713|253235.847047348|0|0
77.045071427|1|2|297471.717233572|293739.824218267|0|0
77.057071427|2|1|96744.7532275647|96243.3860982302|0|0
77.066071427|2|1|188358.800076553|185722.639431196|0|0
77.137071427|1|2|172093.120004127|170204.386307744|0|0
77.145071427|1|2|169198.251833098|168543.853370105|0|0
77.159071427|2|1|277397.882678617|277213.79582908|0|0
77.168071427|2|1|113504.981264584|111622.923287825|0|0
77.237071427|1|2|152386.268363917|149505.308119531|0|0
77.245071427|1|2|98913.0795748912|97243.5404866549|0|0
77.259071427|2|1|124026.025866271|119518.128011472|0|0
77.268071427|2|1|114464.4597662|112556.712256949|0|0
77.337071427|1|2|143511.834319888|140296.214647646|0|0
77.345071427|1|2|320914.051022578|318874.02134573|0|0
77.359071427|2|1|157606.71742103|151200.46558422|0|0
77.368071427|2|1|343197.819191738|333980.033249497|0|0
77.437071427|1|2|222155.517115837|220873.658467234|0|0
77.445071427|1|2|107394.642308161|105999.389581055|0|0
77.459071427|2|1|244754.927574265|243820.742697555|0|0
77.468071427|2|1|119792.867579371|116858.324749378|0|0
77.537071427|1|2|153523.256057204|149016.659833955|0|0
77.545071427|1|2|145753.073686853|145001.554293354|0|0
77.559071427|2|1|170672.384972802|169860.621408451|0|0
77.568071427|2|1|138490.477628696|137162.208110805|0|0
77.637071427|1|2|139001.382282976|135205.20641446|0|0
77.645071427|1|2|267240.128739815|266239.557206169|0|0
77.659071427|2|1|113273.45929798|110303.969173749|0|0
77.668071427|2|1|280276.495215425|274690.951589214|0|0
77.737071427|1|2|217169.88214641|215191.661409121|0|0
77.745071427|1|2|172819.29881557|167125.679909764|0|0
77.759071427|2|1|258633.315425256|256604.629312688|0|0
77.768071427|2|1|154235.70018054|152818.144412824|0|0
77.837071427|1|2|195083.811174756|194145.779208598|0|0
77.845071427|1|2|128071.052517711|123094.299708506|0|0
77.859071427|2|1|121467.888295947|119095.119959865|0|0
77.868071427|2|1|68331.9439672157|66840.6571283744|0|0
77.939071427|1|2|96466.6655368845|94261.8052374929|0|0
77.947071427|1|2|206798.2869332|203321.061593383|0|0
77.959071427|2|1|197620.650751637|193794.958149134|0|0
77.968071427|2|1|377643.684999299|375855.608174972|0|0
78.039071427|1|2|308596.006455499|307865.10603275|0|0
78.047071427|1|2|174810.110448489|170748.941367862|0|0
78.059071427|2|1|142371.95442023|141199.873527661|0|0
78.068071427|2|1|123205.351216568|122858.017093165|0|0
78.139071427|1|2|189036.549846072|185373.387329356|0|0
78.147071427|1|2|150944.715858108|146312.554356957|0|0
78.159071427|2|1|239068.14835198|234228.026336928|0|0
78.168071427|2|1|129893.670877514|127043.550287732|0|0
78.239071427|1|2|95873.1638705517|91582.2087958418|0|0
78.247071427|1|2|202552.4329321|201838.316831105|0|0
78.259071427|2|1|138142.086140028|137889.100944952|0|0
78.268071427|2|1|215211.620696151|214938.586934895|0|0
78.339071427|1|2|250259.100431073|246621.367791481|0|0
78.347071427|1|2|166118.226278496|165712.292597572|0|0
78.359071427|2|1|168475.503307095|168431.601804003|0|0
78.368071427|2|1|195888.122004865|194661.273649235|0|0
78.439071427|1|2|201557.334462188|197121.203226928|0|0
78.447071427|1|2|125014.914585322|123574.595708014|0|0
78.457071427|2|1|155953.032458536|153522.024501337|0|0
78.465071427|2|1|67196.8057939397|65069.5860999017|0|0
78.539071427|1|2|82688.6536860217|82393.4528197412|0|0
78.547071427|1|2|185926.628380312|184890.23455885|0|0
78.557071427|2|1|145793.445266033|145339.776987507|0|0
78.565071427|2|1|230021.376910451|228640.782054922|0|0
78.639071427|1|2|310504.037606647|310245.335042557|0|0
78.647071427|1|2|280755.732499138|278874.127561013|0|0
78.657071427|2|1|143302.250876379|142114.477999316|0|0
78.665071427|2|1|188499.634555117|187240.780699868|0|0
78.739071427|1|2|164302.729925807|157795.790427685|0|0
78.747071427|1|2|80850.9503188278|80111.6201178777|0|0
78.757071427|2|1|255768.775571859|249976.819605007|0|0
78.765071427|2|1|135559.237726588|133422.805346482|0|0
78.838071427|1|2|112241.134278799|110483.91370714|0|0
78.857071427|2|1|137602.434213295|137442.935441094|0|0
78.858071427|1|2|125038.036462705|122278.44220758|0|0
78.865071427|2|1|163058.159160456|160763.60058084|0|0
78.938071427|1|2|170169.951712413|167446.606947369|0|0
78.957071427|2|1|153599.470331745|149507.183406543|0|0
78.958071427|1|2|144370.585277388|140910.209601311|0|0
78.965071427|2|1|292782.97484299|286932.894467583|0|0
79.038071427|1|2|280547.878115346|279931.126951507|0|0
79.057071427|2|1|199234.509401837|195774.61917149|0|0
79.058071427|1|2|227530.72903536|223167.335850194|0|0
79.065071427|2|1|93319.1467242925|90837.5528796546|0|0
79.138071427|1|2|81249.3321185711|78757.6767626373|0|0
79.157071427|2|1|224580.239677371|220957.340446371|0|0
79.158071427|1|2|199544.657168818|196720.380220357|0|0
79.165071427|2|1|155336.395892167|151744.744840652|0|0
79.238071427|1|2|257521.18195168|252373.322101677|0|0
79.257071427|2|1|89963.9877217973|86412.0952735028|0|0
79.258071427|1|2|94384.087363592|90385.4095249666|0|0
79.265071427|2|1|215469.798069731|211064.343566418|0|0
79.338071427|1|2|169073.534735833|168991.098692211|0|0
79.357071427|2|1|236346.258478885|235689.597198098|0|0
79.358071427|1|2|297208.233282237|294803.352987093|0|0
79.365071427|2|1|193474.501273582|193262.210012321|0|0
79.438071427|1|2|120212.83619512|118994.673111268|0|0
79.449071427|2|1|247579.044370418|246253.306605973|0|0
79.458071427|1|2|176325.114643689|175885.859871173|0|0
79.467071427|2|1|79245.1064250984|79205.4135526395|0|0
79.538071427|1|2|173407.61376244|169216.120548578|0|0
79.549071427|2|1|140940.91968575|137885.283461473|0|0
79.558071427|1|2|83883.6463625839|80338.8487956889|0|0
79.567071427|2|1|309106.724405443|304977.64040524|0|0
79.638071427|1|2|249976.349317273|247548.116799334|0|0
79.649071427|2|1|195975.390549024|194460.268874299|0|0
79.658071427|1|2|284121.105451716|277540.543746317|0|0
79.667071427|2|1|164803.491608047|163560.617524135|0|0
79.737071427|1|2|131682.110072575|128909.628013804|0|0
79.749071427|2|1|190291.002621999|186417.130625137|0|0
79.757071427|1|2|214678.280242035|211742.987216332|0|0
79.767071427|2|1|92038.5047916062|88465.0637352608|0|0
79.837071427|1|2|134036.185696297|131455.591768056|0|0
79.849071427|2|1|180219.624410288|173706.898722737|0|0
79.857071427|1|2|109342.086681196|108223.882686753|0|0
79.867071427|2|1|225839.710416907|219314.301566106|0|0
79.937071427|1|2|216349.407441|212379.646966313|0|0
79.949071427|2|1|133549.695216766|132738.093664123|0|0
79.957071427|1|2|217433.291090981|214437.36208332|0|0
79.967071427|2|1|263788.81114833|262075.905961485|0|0
80.037071427|1|2|185977.766208721|181472.203814069|0|0
80.049071427|2|1|196975.139964748|196792.996553496|0|0
80.057071427|1|2|241853.319957|236524.181397147|0|0
80.067071427|2|1|71246.8059193446|69919.8314741652|0|0
80.137071427|1|2|110760.012267268|110411.700957222|0|0
80.149071427|2|1|171210.413125118|167031.91618859|0|0
80.157071427|1|2|88049.2527760355|86763.3729959011|0|0
80.167071427|2|1|240372.353426453|236177.551086231|0|0
80.237071427|1|2|197953.268534581|196195.806195124|0|0
80.249071427|2|1|170188.100997958|168626.806664281|0|0
80.257071427|1|2|245608.289492927|243979.032082831|0|0
80.267071427|2|1|241510.126272713|241259.322130582|0|0
80.337071427|1|2|223677.156016055|219504.060870412|0|0
80.349071427|2|1|150628.805483658|150147.973773334|0|0
80.357071427|1|2|191968.817979497|187807.877911099|0|0
80.367071427|2|1|62754.33339588|62482.9244705813|0|0
80.437071427|1|2|137501.762786948|136690.744956768|0|0
80.449071427|2|1|199819.287748467|198300.22778772|0|0
80.457071427|1|2|110039.516483747|106446.883112562|0|0
80.467071427|2|1|235855.201558984|234182.960166903|0|0
80.537071427|1|2|115454.694020879|114305.637283454|0|0
80.549071427|2|1|187156.104203044|185837.299761503|0|0
80.557071427|1|2|245585.88416512|244273.305217857|0|0
80.567071427|2|1|262990.008177776|262279.410669237|0|0
80.637071427|1|2|303553.310244338|297547.6952758|0|0
80.649071427|2|1|111593.554340965|106951.578976089|0|0
80.657071427|1|2|185281.654882367|183215.701625067|0|0
80.667071427|2|1|88603.3719280464|85871.2527860624|0|0
80.737071427|1|2|91823.0264456155|91122.1087374473|0|0
80.749071427|2|1|214416.755627011|213001.181121764|0|0
80.757071427|1|2|114330.715280099|114141.032013451|0|0
80.767071427|2|1|224053.368110995|221784.278703585|0|0
80.846071427|1|2|250439.616000112|245523.076317878|0|0
80.869071427|2|1|153796.610590459|152884.107855178|0|0
80.946071427|1|2|143266.748360161|141569.305527847|0|0
80.969071427|2|1|175842.750822422|170235.262943439|0|0
81.046071427|1|2|165349.294089352|164352.484797213|0|0
81.069071427|2|1|174016.213294865|170587.776649888|0|0
81.146071427|1|2|181675.685490883|176733.900484122|0|0
81.169071427|2|1|168242.735972977|166405.451614262|0|0
81.246071427|1|2|199951.157613308|197778.402002803|0|0
81.269071427|2|1|146620.640774429|143758.153843803|0|0
81.346071427|1|2|86146.0633900034|82373.4320244351|0|0
81.369071427|2|1|197871.728643366|196639.004158851|0|0
81.446071427|1|2|322677.693779385|320881.059945083|0|0
81.469071427|2|1|186708.222109344|185426.769737233|0|0
81.546071427|1|2|145097.042446191|144215.042837468|0|0
81.569071427|2|1|172563.219619918|167897.085485127|0|0
81.646071427|1|2|129099.813781385|127369.344450356|0|0
81.669071427|2|1|132945.22882793|131797.141351255|0|0
81.746071427|1|2|213710.472671225|210687.664226331|0|0
81.769071427|2|1|209139.146189435|201337.345130553|0|0
81.846071427|1|2|199380.679560728|196239.294943415|0|0
81.869071427|2|1|194659.153973981|192003.606180268|0|0
81.946071427|1|2|115427.591680821|110317.841025182|0|0
81.969071427|2|1|139896.047915971|139512.423160367|0|0
82.037071427|1|2|142385.786229316|142309.690155368|0|0
82.049071427|2|1|259821.151509292|255577.373409488|0|0
82.058071427|1|2|139535.238753651|137441.445807225|0|0
82.069071427|2|1|200968.056742956|199460.639556852|0|0
82.137071427|1|2|238619.674091577|233193.715335999|0|0
82.157071427|2|1|91669.1720743627|91627.3216918739|0|0
82.158071427|1|2|178226.877754311|174343.417321139|0|0
82.169071427|2|1|171308.036495521|171138.076018187|0|0
82.237071427|1|2|212782.368287745|209583.904292893|0|0
82.257071427|2|1|269061.33616308|264940.878720208|0|0
82.258071427|1|2|245721.049621192|239156.672711319|0|0
82.269071427|2|1|80147.3929966181|78783.3987319193|0|0
82.337071427|1|2|98152.0631645463|97481.2200418173|0|0
82.357071427|2|1|203790.952506878|201680.914797873|0|0
82.358071427|1|2|88177.2207111559|87650.9049508525|0|0
82.369071427|2|1|275850.108045042|271569.166947918|0|0
82.437071427|1|2|225626.768528296|220887.037485035|0|0
82.457071427|2|1|137304.601336721|131888.62157467|0|0
82.458071427|1|2|259954.088657906|257177.09825287|0|0
82.469071427|2|1|219326.686591975|215010.545015464|0|0
82.537071427|1|2|154156.356431768|149773.902086536|0|0
82.557071427|2|1|244729.531379553|236677.949162077|0|0
82.558071427|1|2|214128.573933976|211428.959719201|0|0
82.569071427|2|1|96549.3368463119|94743.7771749931|0|0
82.637071427|1|2|159461.108198119|157887.189424919|0|0
82.657071427|2|1|182296.507257514|181912.326150461|0|0
82.658071427|1|2|109551.80482364|104056.861365222|0|0
82.669071427|2|1|229968.784575861|227486.101390644|0|0
82.737071427|1|2|183628.32898765|180846.009861022|0|0
82.757071427|2|1|93682.042930161|91562.6916729965|0|0
82.758071427|1|2|208588.570600963|207507.968669264|0|0
82.769071427|2|1|199966.538667236|198983.456918164|0|0
82.839071427|1|2|234406.851664355|230610.151014053|0|0
82.857071427|2|1|299758.617457266|295761.068686701|0|0
82.858071427|1|2|251186.041813276|244940.783646568|0|0
82.869071427|2|1|90257.5177113891|87572.6424063619|0|0
82.939071427|1|2|116302.89127577|115601.541944154|0|0
82.957071427|2|1|153153.412196587|150647.840250056|0|0
82.958071427|1|2|108883.115363037|108331.976675542|0|0
82.969071427|2|1|294108.079419676|292832.4427417|0|0
83.039071427|1|2|140015.102515324|136742.228707781|0|0
83.057071427|2|1|148728.125232239|147647.665807209|0|0
83.058071427|1|2|168163.422844695|167629.306152031|0|0
83.069071427|2|1|173313.008834694|172813.994564262|0|0
83.139071427|1|2|279068.079800229|276960.20001274|0|0
83.157071427|2|1|202610.259420251|201667.719460058|0|0
83.158071427|1|2|206663.154321553|202486.298863884|0|0
83.169071427|2|1|100800.173053001|98006.4686199976|0|0
83.239071427|1|2|157456.175997496|155309.941909003|0|0
83.257071427|2|1|193174.352189319|190857.956005102|0|0
83.258071427|1|2|169462.716795895|167510.365253219|0|0
83.269071427|2|1|207718.909455815|204842.460001248|0|0
83.339071427|1|2|132565.811576516|130974.925201594|0|0
83.349071427|2|1|233271.625113025|233025.96842952|0|0
83.358071427|1|2|162951.974782093|162753.964889668|0|0
83.367071427|2|1|216475.40483008|215676.036908244|0|0
83.439071427|1|2|254710.530557592|252183.419704719|0|0
83.449071427|2|1|131343.921229025|127192.954559961|0|0
83.458071427|1|2|163998.657053402|162828.828499948|0|0
83.467071427|2|1|150639.892612715|150082.804767239|0|0
83.539071427|1|2|132402.296746003|127598.765507753|0|0
83.549071427|2|1|166475.41395078|159984.746588863|0|0
83.558071427|1|2|189948.574303021|188465.777880884|0|0
83.567071427|2|1|142772.765982607|140360.201247253|0|0
83.639071427|1|2|189397.068022789|182976.298169716|0|0
83.649071427|2|1|259298.576087506|253514.681899717|0|0
83.658071427|1|2|146296.153224691|141940.536317076|0|0
83.667071427|2|1|262943.485941102|260564.805763867|0|0
83.739071427|1|2|240165.99708223|239428.923312116|0|0
83.749071427|2|1|115446.899812794|112426.507297026|0|0
83.758071427|1|2|148534.498761978|147221.977484489|0|0
83.767071427|2|1|146474.02988411|143862.991346199|0|0
83.845071427|1|2|152901.881681852|149717.435787633|0|0
83.867071427|2|1|136885.457880581|135165.899008184|0|0
83.945071427|1|2|156379.614393794|156145.074796623|0|0
83.967071427|2|1|206922.219823386|200991.590055133|0|0
84.045071427|1|2|258842.984369319|255683.119453693|0|0
84.067071427|2|1|161640.07910012|159638.614694643|0|0
84.145071427|1|2|110756.298056844|105314.000190763|0|0
84.167071427|2|1|180952.505351155|179225.939765921|0|0
84.245071427|1|2|212716.582152024|210837.504981086|0|0
84.267071427|2|1|154465.788777969|152594.580079835|0|0
84.345071427|1|2|170716.564513754|168424.939621279|0|0
84.367071427|2|1|204126.665751593|203371.489866187|0|0
84.445071427|1|2|160667.366709405|158896.586964864|0|0
84.449071427|1|2|181647.736504941|180572.307248362|0|0
84.457071427|2|1|229175.497149185|226270.642175706|0|0
84.469071427|2|1|102302.448166419|102008.476880748|0|0
84.539071427|1|2|125150.282051035|122056.370447979|0|0
84.569071427|2|1|188376.326127859|186970.665640448|0|0
84.639071427|1|2|216449.842626018|215762.815294881|0|0
84.669071427|2|1|252729.282304843|251731.456482135|0|0
84.739071427|1|2|173223.078344375|168509.747654002|0|0
84.769071427|2|1|148366.01512769|143850.987865631|0|0
84.839071427|1|2|155195.419197113|151092.841869268|0|0
84.869071427|2|1|136891.433114166|129551.926612933|0|0
84.939071427|1|2|183093.561750767|182749.081692882|0|0
84.969071427|2|1|285349.503157225|281474.434127593|0|0
85.039071427|1|2|176144.911002121|174889.928380109|0|0
85.069071427|2|1|143856.710283582|141100.648238727|0|0
85.139071427|1|2|175115.750493593|174696.238015537|0|0
85.169071427|2|1|144848.854904625|144386.665556451|0|0
85.239071427|1|2|120227.760517884|116620.249324737|0|0
85.269071427|2|1|262274.409826596|262089.357797326|0|0
85.339071427|1|2|228764.279436862|226727.776278104|0|0
85.369071427|2|1|135268.094066221|128564.339933761|0|0
85.439071427|1|2|212569.076276229|210632.002457915|0|0
85.449071427|2|1|153684.424573614|149691.451489406|0|0
85.457071427|1|2|258540.616073992|255746.373156594|0|0
85.469071427|2|1|238779.240040288|232921.286892943|0|0
85.545071427|1|2|239977.830465076|234668.474819741|0|0
85.549071427|2|1|235653.453864674|235230.221115568|0|0
85.557071427|1|2|87426.4080830767|87248.9075634802|0|0
85.569071427|2|1|232625.970261065|230943.369192062|0|0
85.645071427|1|2|147848.866881138|147802.033087451|0|0
85.649071427|2|1|146803.060863361|142952.017589231|0|0
85.657071427|1|2|253684.973876083|248356.139738773|0|0
85.669071427|2|1|124146.567704459|121764.59025365|0|0
85.745071427|1|2|115589.826166144|114180.99744498|0|0
85.749071427|2|1|153305.910988824|147566.502777513|0|0
85.757071427|1|2|158418.67911523|155933.060743729|0|0
85.769071427|2|1|145935.406541007|141457.552176085|0|0
85.845071427|1|2|256177.141756589|254459.246080782|0|0
85.849071427|2|1|227598.836948296|226422.646712816|0|0
85.857071427|1|2|192983.44912229|192317.950412795|0|0
85.869071427|2|1|282751.564518876|282470.13558404|0|0
85.945071427|1|2|136856.613726061|134416.012069835|0|0
85.949071427|2|1|166939.809691648|166329.024065878|0|0
85.957071427|1|2|128635.392245528|128448.623024593|0|0
85.969071427|2|1|79590.1792817896|78150.5522589006|0|0
86.045071427|1|2|185164.809014774|180547.967692334|0|0
86.049071427|2|1|132389.652455741|131134.125384686|0|0
86.057071427|1|2|226853.246023213|221921.264938208|0|0
86.069071427|2|1|190429.092607885|189813.410795253|0|0
86.145071427|1|2|179480.997394618|177546.66003362|0|0
86.149071427|2|1|285000.407073857|280510.025361092|0|0
86.157071427|1|2|145019.629210432|140593.157365616|0|0
86.169071427|2|1|197560.916278006|195831.487736737|0|0
86.245071427|1|2|170502.924951647|168073.004567087|0|0
86.249071427|2|1|109540.684200006|109305.588794542|0|0
86.257071427|1|2|172128.566446021|171671.003991943|0|0
86.269071427|2|1|213759.656900306|211000.488029486|0|0
86.345071427|1|2|131251.195127634|128338.360917047|0|0
86.349071427|2|1|139906.347778109|138139.407163573|0|0
86.357071427|1|2|158585.667447906|156572.598286926|0|0
86.369071427|2|1|94726.8893420188|94637.8414199397|0|0
86.446071427|1|2|200768.259569859|196843.516981748|0|0
86.457071427|1|2|277198.714865844|274470.19679933|0|0
86.464071427|2|1|118925.993067817|115687.247047861|0|0
86.478071427|2|1|162339.229541007|161101.070168698|0|0
86.546071427|1|2|264992.5694832|264665.75303882|0|0
86.557071427|1|2|97366.5255796248|95569.3569854489|0|0
86.564071427|2|1|249387.409316746|242618.118496025|0|0
86.578071427|2|1|97114.2714568659|95543.5148124904|0|0
86.646071427|1|2|90201.8511062072|88943.9520890459|0|0
86.657071427|1|2|217182.709983745|212220.604457283|0|0
86.664071427|2|1|178466.041966985|177876.660312577|0|0
86.678071427|2|1|250009.242785505|246978.985532927|0|0
86.746071427|1|2|172511.073445799|171334.360100804|0|0
86.757071427|1|2|180027.178573601|179727.262928189|0|0
86.764071427|2|1|94980.5178273373|93510.7773886325|0|0
86.778071427|2|1|170933.924779107|165545.585092923|0|0
86.846071427|1|2|312776.532811313|309138.625815581|0|0
86.857071427|1|2|121798.065430784|120139.613438566|0|0
86.864071427|2|1|249497.211907147|245027.207263997|0|0
86.878071427|2|1|144728.577406348|143288.302326819|0|0
86.944071427|1|2|178416.561440243|177531.551804684|0|0
86.949071427|1|2|103372.300830631|102981.948957331|0|0
86.964071427|2|1|191867.455528164|186483.26014695|0|0
86.978071427|2|1|160687.347290445|159180.048044482|0|0
87.044071427|1|2|92617.1387472575|91398.8163997406|0|0
87.049071427|1|2|268252.606408801|265607.666052378|0|0
87.064071427|2|1|180264.251433467|177441.905741054|0|0
87.078071427|2|1|228362.545011604|224445.795455606|0|0
87.144071427|1|2|291321.074698599|287844.727399596|0|0
87.149071427|1|2|171219.271308821|171178.006236337|0|0
87.164071427|2|1|119622.70143483|117321.161122818|0|0
87.178071427|2|1|134357.908460228|130956.14556187|0|0
87.244071427|1|2|184655.789925598|183217.863280655|0|0
87.268071427|2|1|287753.030111605|284571.851148335|0|0
87.344071427|1|2|83143.9293760984|81527.5466833277|0|0
87.368071427|2|1|80892.9073504851|80087.7894009|0|0
87.437071427|1|2|197829.168411207|197153.537062855|0|0
87.449071427|2|1|181700.964736034|181097.674041561|0|0
87.457071427|1|2|101596.283002452|99332.4715566363|0|0
87.468071427|2|1|246184.640533675|245828.103027928|0|0
87.537071427|1|2|173594.256288547|173416.503092289|0|0
87.549071427|2|1|117322.770407724|115950.792142556|0|0
87.557071427|1|2|183970.29333785|181688.652107585|0|0
87.568071427|2|1|193808.20729742|189366.925603036|0|0
87.637071427|1|2|145226.215307577|140688.65474486|0|0
87.649071427|2|1|198825.321229873|196598.684335681|0|0
87.657071427|1|2|286654.456966289|285130.035007359|0|0
87.668071427|2|1|120284.096351981|118477.222491856|0|0
87.737071427|1|2|191934.196775553|187203.634622335|0|0
87.749071427|2|1|213970.392621291|210974.546529183|0|0
87.757071427|1|2|64385.6494368331|62657.519790535|0|0
87.768071427|2|1|193936.966698095|187833.140746318|0|0
87.837071427|1|2|169922.785165336|169106.202234333|0|0
87.849071427|2|1|126994.613858557|125849.761394432|0|0
87.857071427|1|2|231362.380552454|228129.042917111|0|0
87.868071427|2|1|297896.173667749|291670.970045529|0|0
87.937071427|1|2|197459.277941754|195004.007746668|0|0
87.966071427|2|1|105589.052616333|103087.296825395|0|0
88.037071427|1|2|142788.539535067|136294.804881964|0|0
88.066071427|2|1|169944.546024407|162783.361603271|0|0
88.138071427|1|2|262343.215181772|258730.820293256|0|0
88.157071427|2|1|224515.104609181|217243.188424634|0|0
88.158071427|1|2|137409.755298381|133888.380347793|0|0
88.166071427|2|1|268868.482502785|266996.215113619|0|0
88.238071427|1|2|202058.539041634|201642.503366991|0|0
88.257071427|2|1|179248.569037897|175446.291081328|0|0
88.258071427|1|2|225086.186534277|220471.340703134|0|0
88.266071427|2|1|132769.913991312|131065.432903251|0|0
88.338071427|1|2|74158.5629007988|72745.0723051798|0|0
88.357071427|2|1|183684.333469515|182099.598050244|0|0
88.358071427|1|2|168935.365856277|162816.086520475|0|0
88.366071427|2|1|138605.81264059|136774.305666804|0|0
88.438071427|1|2|241258.005655391|238079.029723965|0|0
88.457071427|2|1|170782.518132025|170006.860073391|0|0
88.458071427|1|2|171121.480987553|168727.191490957|0|0
88.466071427|2|1|306457.728302141|306044.526684777|0|0
88.538071427|1|2|253268.078863099|251107.030310636|0|0
88.568071427|2|1|112999.35975964|111206.008594762|0|0
88.638071427|1|2|76853.7335865671|74989.4530692252|0|0
88.648071427|1|2|188771.350900378|185044.375275683|0|0
88.658071427|2|1|166918.936158521|165344.226653371|0|0
88.668071427|2|1|202017.912917879|201125.461826251|0|0
88.738071427|1|2|233669.559380979|232698.221081242|0|0
88.748071427|1|2|260160.749224877|258643.90600848|0|0
88.758071427|2|1|170670.791896487|169714.946422337|0|0
88.768071427|2|1|161995.488824759|158598.530531883|0|0
88.838071427|1|2|263003.17784119|261937.05670031|0|0
88.848071427|1|2|70045.1536055855|69144.4272174911|0|0
88.858071427|2|1|199505.577429245|197130.067294928|0|0
88.868071427|2|1|163953.352039003|162962.977948108|0|0
88.938071427|1|2|89626.329907906|86270.1158611288|0|0
88.948071427|1|2|250335.13532009|245220.681881674|0|0
88.958071427|2|1|191609.292234582|185036.387882984|0|0
88.968071427|2|1|205300.669706377|203454.230017965|0|0
89.038071427|1|2|184886.534532928|183320.358618828|0|0
89.048071427|1|2|243738.658880647|242382.810432852|0|0
89.058071427|2|1|144926.520662309|142677.699588489|0|0
89.077071427|2|1|109260.481655472|108592.683310761|0|0
89.138071427|1|2|246533.441559251|243918.995306918|0|0
89.148071427|1|2|61997.2805647945|59995.4450411301|0|0
89.158071427|2|1|158431.7610107|153368.86987196|0|0
89.177071427|2|1|191503.840902247|189960.836942377|0|0
89.238071427|1|2|110936.954458977|109074.847385284|0|0
89.248071427|1|2|213463.263761356|209544.935765017|0|0
89.258071427|2|1|285465.867741101|284390.955436669|0|0
89.277071427|2|1|208075.234068683|204180.796716035|0|0
89.338071427|1|2|237168.128831929|232958.247027982|0|0
89.348071427|1|2|295659.03780187|294694.572186633|0|0
89.358071427|2|1|88160.1689207363|87779.6464863274|0|0
89.377071427|2|1|118911.017608239|116806.475510037|0|0
89.438071427|1|2|185086.282273081|179271.908970027|0|0
89.448071427|1|2|78989.4495695911|78163.8625811476|0|0
89.458071427|2|1|198534.237843749|193313.990944551|0|0
89.477071427|2|1|193933.851103356|190607.364350256|0|0
89.538071427|1|2|132673.207861335|132220.142633994|0|0
89.548071427|1|2|185485.435835164|185358.297011538|0|0
89.558071427|2|1|241296.88062021|237496.629564629|0|0
89.577071427|2|1|198802.623111941|197027.958015267|0|0
89.638071427|1|2|166871.562635436|166336.184252637|0|0
89.648071427|1|2|275129.086109113|270913.236293715|0|0
89.658071427|2|1|98298.8687382249|94011.8755990062|0|0
89.677071427|2|1|158596.864406352|157920.827121287|0|0
89.738071427|1|2|254382.766299019|248186.754491965|0|0
89.748071427|1|2|95192.7270303599|91043.8919069664|0|0
89.758071427|2|1|205420.956989582|200321.014312651|0|0
89.777071427|2|1|136509.409754455|131089.466757567|0|0
89.838071427|1|2|99468.2099880625|97076.5812729662|0|0
89.848071427|1|2|169219.150298331|168508.596047397|0|0
89.858071427|2|1|300670.381568915|299769.273375638|0|0
89.877071427|2|1|230854.866940848|225063.16534503|0|0
89.938071427|1|2|227668.713687921|224148.685480769|0|0
89.948071427|1|2|274615.916843818|271769.706646967|0|0
89.958071427|2|1|88445.3980392687|86972.9682216595|0|0
89.977071427|2|1|137288.979852635|137216.370168408|0|0
90.038071427|1|2|169280.605928262|166689.449522904|0|0
90.048071427|1|2|74804.330298999|73668.0565960848|0|0
90.058071427|2|1|145220.279394627|144033.280416914|0|0
90.077071427|2|1|159825.397500276|158331.309903443|0|0
90.138071427|1|2|198519.292891036|198166.611297879|0|0
90.148071427|1|2|225421.144983944|225302.875164268|0|0
90.158071427|2|1|320722.525270364|320331.466575292|0|0
90.177071427|2|1|190183.028794208|188172.120844876|0|0
90.238071427|1|2|118411.348918145|115247.027304911|0|0
90.248071427|1|2|196164.658947809|192824.616923996|0|0
90.257071427|2|1|100420.195371017|99781.9576377589|0|0
90.267071427|2|1|119140.212292007|118948.630915884|0|0
90.338071427|1|2|197718.142976477|193489.748369628|0|0
90.348071427|1|2|167552.047788083|164525.649702299|0|0
90.357071427|2|1|233987.357477697|228878.164005486|0|0
90.367071427|2|1|285408.149919326|281934.82252972|0|0
90.438071427|1|2|166534.868663514|165505.720446402|0|0
90.448071427|1|2|121226.266929866|121184.788169706|0|0
90.457071427|2|1|204794.182100675|201667.210512601|0|0
90.467071427|2|1|134109.12672732|133900.291683821|0|0
90.538071427|1|2|213859.026904858|212840.195448426|0|0
90.548071427|1|2|222761.448635242|218615.48611155|0|0
90.557071427|2|1|163602.142329289|159220.950010131|0|0
90.567071427|2|1|121680.793099947|121135.956413977|0|0
90.638071427|1|2|111046.66593635|109245.098028416|0|0
90.648071427|1|2|168383.482567943|162325.674931258|0|0
90.657071427|2|1|147553.596268588|143491.83851178|0|0
90.667071427|2|1|332265.21661995|330694.689830542|0|0
90.738071427|1|2|279312.223438593|274294.348168596|0|0
90.748071427|1|2|125580.463464686|124746.068874772|0|0
90.757071427|2|1|230121.183384681|227701.39940988|0|0
90.767071427|2|1|125338.592895761|122389.118009076|0|0
90.838071427|1|2|114117.222177657|113236.860230232|0|0
90.848071427|1|2|203176.365077192|201831.370932518|0|0
90.857071427|2|1|124782.169744192|121368.986766073|0|0
90.867071427|2|1|101461.521692566|96338.0196789519|0|0
90.938071427|1|2|137242.055890981|136492.94119806|0|0
90.947071427|1|2|194439.686474408|191861.389672623|0|0
90.957071427|2|1|180098.380337699|178731.451340736|0|0
90.967071427|2|1|275603.791705712|271924.8385406|0|0
91.038071427|1|2|266628.083295672|261893.136050309|0|0
91.047071427|1|2|152392.26901825|145791.939379944|0|0
91.057071427|2|1|199821.403892976|199047.975194245|0|0
91.069071427|2|1|177829.724104521|177712.081214268|0|0
91.138071427|1|2|198034.902949676|192002.670505531|0|0
91.147071427|1|2|179082.971027361|175070.34946263|0|0
91.157071427|2|1|173060.722643727|169595.761971928|0|0
91.169071427|2|1|136495.831552662|130500.15911284|0|0
91.238071427|1|2|106239.406065597|103233.516764009|0|0
91.247071427|1|2|154689.37945946|153861.960333085|0|0
91.257071427|2|1|132491.479292373|130384.502011205|0|0
91.269071427|2|1|225189.499913562|222547.608252416|0|0
91.338071427|1|2|253164.491538683|249670.184206017|0|0
91.347071427|1|2|228639.503753272|226838.416623036|0|0
91.357071427|2|1|163138.430201203|161207.941586864|0|0
91.369071427|2|1|164655.238609901|162334.717546024|0|0
91.438071427|1|2|181450.142432106|180788.577806229|0|0
91.447071427|1|2|98492.4376692069|97812.1507054984|0|0
91.457071427|2|1|235243.977753589|234937.552991686|0|0
91.469071427|2|1|171267.223000852|167262.631540408|0|0
91.538071427|1|2|129552.124818799|124346.20564844|0|0
91.547071427|1|2|278372.505125691|277188.52406323|0|0
91.557071427|2|1|146008.755275889|144884.122784431|0|0
91.569071427|2|1|146460.389575256|144539.325118712|0|0
91.638071427|1|2|245452.093134718|243137.576479254|0|0
91.647071427|1|2|152943.270127035|150292.747971947|0|0
91.657071427|2|1|125878.054467512|121849.743691834|0|0
91.669071427|2|1|218120.247214223|214516.544474342|0|0
91.738071427|1|2|191348.974553256|186660.39130791|0|0
91.747071427|1|2|115234.233581713|115051.671777301|0|0
91.764071427|2|1|106331.665251163|105681.037210703|0|0
91.769071427|2|1|156466.167370748|153637.740751198|0|0
91.837071427|1|2|135943.873470315|133501.761247379|0|0
91.848071427|1|2|264305.395129736|262283.929004865|0|0
91.864071427|2|1|211759.07114591|208677.873608239|0|0
91.869071427|2|1|170155.940733078|167315.801178661|0|0
91.937071427|1|2|293852.072999619|288914.868250625|0|0
91.948071427|1|2|142764.210871017|140114.874641171|0|0
91.964071427|2|1|181938.778941165|181582.519922665|0|0
91.969071427|2|1|199110.842471839|193592.930397697|0|0
92.037071427|1|2|133096.421339343|132604.840421339|0|0
92.048071427|1|2|128911.151052705|128107.5087958|0|0
92.064071427|2|1|135437.438731113|133681.420697831|0|0
92.069071427|2|1|124785.529509379|121496.879889038|0|0
92.137071427|1|2|96687.6211179149|95517.0999604428|0|0
92.148071427|1|2|328336.703511518|325954.730670184|0|0
92.164071427|2|1|195139.871671586|187847.03332156|0|0
92.169071427|2|1|203628.038769164|201066.532814971|0|0
92.237071427|1|2|285541.145974878|280506.576406262|0|0
92.248071427|1|2|92665.9722016902|86947.997492062|0|0
92.264071427|2|1|180374.384689317|176073.427967179|0|0
92.269071427|2|1|271088.072526581|270720.904611043|0|0
92.337071427|1|2|155549.648948214|153910.638937115|0|0
92.348071427|1|2|181919.402248802|180692.875340624|0|0
92.364071427|2|1|207778.750400583|206675.821714544|0|0
92.369071427|2|1|76670.312309599|73893.6127300546|0|0
92.437071427|1|2|156900.857807441|154734.525055087|0|0
92.448071427|1|2|224803.807166581|221161.11980397|0|0
92.464071427|2|1|115874.015889722|113128.955958498|0|0
92.469071427|2|1|213326.561269449|212190.955863233|0|0
92.537071427|1|2|180058.418730455|179937.745608445|0|0
92.548071427|1|2|164367.47889693|163932.826144042|0|0
92.564071427|2|1|193984.264684262|191391.881749042|0|0
92.569071427|2|1|232322.828654447|232118.128852533|0|0
92.637071427|1|2|177918.553417886|176326.842390761|0|0
92.648071427|1|2|111949.257784801|111568.342363495|0|0
92.664071427|2|1|183470.104396467|182933.810163386|0|0
92.669071427|2|1|108438.231534202|108005.370477943|0|0
92.737071427|1|2|138139.919343288|135243.831772506|0|0
92.748071427|1|2|297838.587820688|292238.145693044|0|0
92.764071427|2|1|174548.200002219|172542.05483596|0|0
92.769071427|2|1|191608.42857939|185654.199277629|0|0
92.837071427|1|2|182583.340121346|181421.655848751|0|0
92.848071427|1|2|108840.831514234|106360.377502677|0|0
92.864071427|2|1|131148.674215796|129843.089841509|0|0
92.869071427|2|1|306251.612453762|296845.8830227|0|0
92.937071427|1|2|197419.216059711|195021.859843787|0|0
92.948071427|1|2|149536.359408518|146690.069401015|0|0
92.964071427|2|1|287587.743108343|280096.40236377|0|0
92.969071427|2|1|106664.2673255|105079.12410869|0|0
93.047071427|1|2|231249.790963002|226835.84401205|0|0
93.058071427|1|2|135381.528135627|129610.197550909|0|0
93.064071427|2|1|97704.0429607546|96273.4032269341|0|0
93.069071427|2|1|158904.223611102|157830.413270336|0|0
93.147071427|1|2|194210.675732616|193166.470014244|0|0
93.158071427|1|2|141748.494066811|138674.262267991|0|0
93.164071427|2|1|193632.943857401|190607.401745592|0|0
93.169071427|2|1|235985.484539574|232813.427141861|0|0
93.247071427|1|2|110988.150034707|108802.55285798|0|0
93.278071427|2|1|177886.391047979|177408.178869412|0|0
93.347071427|1|2|170900.517022139|168395.615644651|0|0
93.378071427|2|1|298584.493743004|296988.405912439|0|0
93.447071427|1|2|211883.909965235|211341.278391814|0|0
93.478071427|2|1|86682.4488145192|83338.1041748378|0|0
93.547071427|1|2|186030.574215511|183285.742950485|0|0
93.578071427|2|1|200448.591179665|199168.880277922|0|0
93.647071427|1|2|101858.704771598|98502.7596204013|0|0
93.678071427|2|1|245439.03597674|241297.348555707|0|0
93.747071427|1|2|255022.030153583|254391.937308066|0|0
93.778071427|2|1|106799.936531157|104459.922806304|0|0
93.847071427|1|2|145030.692136988|144687.281398194|0|0
93.878071427|2|1|198368.545673368|196527.103577103|0|0
93.947071427|1|2|134902.692804037|134309.849800705|0|0
93.978071427|2|1|233773.452329991|229175.200041881|0|0
94.047071427|1|2|232135.277481094|226368.291503183|0|0
94.078071427|2|1|110734.316544962|110340.670983082|0|0
94.147071427|1|2|233151.796852204|227148.245214475|0|0
94.168071427|2|1|180789.435713349|177027.568802088|0|0
94.247071427|1|2|87145.9454708217|86717.4065768401|0|0
94.268071427|2|1|156389.019678612|152623.225730726|0|0
94.337071427|1|2|63538.146212914|63263.836700068|0|0
94.348071427|1|2|189233.290417059|187219.07053457|0|0
94.358071427|2|1|198113.320844732|193092.38413874|0|0
94.368071427|2|1|179644.336049861|177299.206708835|0|0
94.437071427|1|2|297888.464221729|294846.953375125|0|0
94.448071427|1|2|246987.56344516|246285.93743761|0|0
94.458071427|2|1|71321.3024155282|69804.5454349621|0|0
94.468071427|2|1|197557.013206247|192456.89155859|0|0
94.537071427|1|2|189095.454956263|186707.615933826|0|0
94.548071427|1|2|110894.265197231|109741.249781616|0|0
94.558071427|2|1|276998.006708033|275551.099798456|0|0
94.568071427|2|1|165704.106861877|161928.19428781|0|0
94.637071427|1|2|131422.71453166|127667.15035536|0|0
94.648071427|1|2|220237.568447001|219645.792032197|0|0
94.658071427|2|1|209935.743802743|207234.04902863|0|0
94.668071427|2|1|94671.3990929917|93413.9322566158|0|0
94.737071427|1|2|175947.699769225|171942.004830211|0|0
94.748071427|1|2|237028.952886133|231898.395594711|0|0
94.758071427|2|1|98813.1540181199|95462.0258190384|0|0
94.768071427|2|1|316426.058182376|314885.194831203|0|0
94.837071427|1|2|261438.349455631|258826.205418622|0|0
94.846071427|1|2|135443.109810077|129691.384852462|0|0
94.858071427|2|1|227122.473659844|225091.60737011|0|0
94.868071427|2|1|148925.477623711|144781.776451704|0|0
94.937071427|1|2|133227.213942974|129350.163974359|0|0
94.946071427|1|2|149540.05257241|143075.163336987|0|0
94.958071427|2|1|211221.822879069|207156.060888558|0|0
94.968071427|2|1|151721.091349034|150410.469141546|0|0
95.037071427|1|2|159125.257380722|156389.528410686|0|0
95.046071427|1|2|243753.418876266|242288.272438902|0|0
95.058071427|2|1|88081.9218273793|87182.2597818669|0|0
95.068071427|2|1|186610.045121024|185997.230802938|0|0
95.137071427|1|2|200005.191051715|193984.750451599|0|0
95.146071427|1|2|178487.594024225|176180.305998842|0|0
95.158071427|2|1|271484.056850389|265018.491256961|0|0
95.168071427|2|1|215650.398855196|213345.070007905|0|0
95.237071427|1|2|198665.583558879|192540.987687668|0|0
95.246071427|1|2|117769.290342962|117063.007100112|0|0
95.258071427|2|1|222760.379194291|218062.029858814|0|0
95.268071427|2|1|121704.970934109|115878.672847171|0|0
95.337071427|1|2|107661.775263923|106695.147315847|0|0
95.346071427|1|2|300884.496406444|297900.138872983|0|0
95.358071427|2|1|103050.336484304|102673.16152641|0|0
95.368071427|2|1|295885.131127309|290711.533212034|0|0
95.437071427|1|2|221075.401653505|217899.356283922|0|0
95.446071427|1|2|107980.143122463|105894.16818619|0|0
95.458071427|2|1|204433.908503738|203367.718813256|0|0
95.468071427|2|1|149426.866352968|146859.05493572|0|0
95.538071427|1|2|218083.612636705|214427.443684579|0|0
95.547071427|1|2|161053.956778627|160898.363095196|0|0
95.558071427|2|1|209555.412817697|205864.954833836|0|0
95.568071427|2|1|131412.340351088|130945.093365641|0|0
95.638071427|1|2|138306.46429598|137364.647653394|0|0
95.647071427|1|2|211277.238411268|211248.992428577|0|0
95.649071427|2|1|225808.02443135|222703.427607565|0|0
95.665071427|2|1|160862.478665903|158291.88847455|0|0
95.738071427|1|2|175119.275990338|173054.17793888|0|0
95.747071427|1|2|144315.55490669|140806.349814476|0|0
95.749071427|2|1|158614.256041656|157517.050517834|0|0
95.765071427|2|1|270770.395379858|270441.604800087|0|0
95.838071427|1|2|242234.597245643|235426.027391136|0|0
95.847071427|1|2|174145.371000397|171752.561211023|0|0
95.849071427|2|1|141762.087704931|138087.68299272|0|0
95.865071427|2|1|103196.947845945|102260.992729616|0|0
95.938071427|1|2|107230.313187342|106717.859901643|0|0
95.947071427|1|2|178573.944428516|177455.374484049|0|0
95.949071427|2|1|209127.299112918|207220.923334494|0|0
95.965071427|2|1|181185.765328436|176788.054143283|0|0
96.038071427|1|2|193038.395365867|186391.168310759|0|0
96.047071427|1|2|179207.791311465|173455.308534952|0|0
96.049071427|2|1|174684.745912138|169799.215786825|0|0
96.065071427|2|1|286364.301262972|279105.169159255|0|0
96.138071427|1|2|260340.972592972|258918.578991218|0|0
96.147071427|1|2|159054.908510668|156674.192473274|0|0
96.149071427|2|1|127190.220534409|122660.458337752|0|0
96.165071427|2|1|114804.891924198|114696.630528818|0|0
96.238071427|1|2|106955.488325927|104799.880407854|0|0
96.247071427|1|2|154633.44820553|150154.411560249|0|0
96.249071427|2|1|222002.58540302|219624.745232114|0|0
96.265071427|2|1|125096.148763344|124029.7081596|0|0
96.338071427|1|2|183212.708907011|180051.363778887|0|0
96.347071427|1|2|236727.4444564|236232.31812713|0|0
96.349071427|2|1|235168.127385416|232984.505101923|0|0
96.365071427|2|1|313637.766449431|309435.281581617|0|0
96.438071427|1|2|271625.938750192|270943.927159206|0|0
96.447071427|1|2|138451.476889535|136031.957338914|0|0
96.449071427|2|1|94996.4101895011|93891.6677147861|0|0
96.465071427|2|1|106015.445499311|104532.157293057|0|0
96.538071427|1|2|71222.396150991|69064.9718283143|0|0
96.547071427|1|2|186358.992479862|185618.296948787|0|0
96.549071427|2|1|259048.846286267|257247.760892988|0|0
96.565071427|2|1|183828.80620153|181603.186650351|0|0
96.638071427|1|2|245783.293066573|237765.436017077|0|0
96.647071427|1|2|195341.403374068|193880.528048351|0|0
96.649071427|2|1|157358.829154133|156901.370237111|0|0
96.665071427|2|1|199115.016741511|192781.900035912|0|0
96.738071427|1|2|237829.386736755|233586.707593092|0|0
96.747071427|1|2|133021.998766705|129691.611716632|0|0
96.758071427|2|1|263241.228687575|261212.377399429|0|0
96.768071427|2|1|162415.686024351|159308.596726475|0|0
96.838071427|1|2|135108.330231309|134625.523894195|0|0
96.847071427|1|2|221343.598289924|213008.229951806|0|0
96.858071427|2|1|194760.591900625|192849.516407644|0|0
96.868071427|2|1|93153.1571397703|91459.9880329374|0|0
96.939071427|1|2|194689.963128427|190583.076777939|0|0
96.949071427|1|2|262588.971086748|262376.383413384|0|0
96.958071427|2|1|93949.7067986311|89058.2908646774|0|0
96.968071427|2|1|247366.249175972|242683.752567476|0|0
97.039071427|1|2|263119.401792408|263013.112243982|0|0
97.049071427|1|2|97083.9924103383|96754.8579026111|0|0
97.058071427|2|1|247088.889536963|242464.197896674|0|0
97.068071427|2|1|196660.084956106|195063.712485443|0|0
97.139071427|1|2|87044.2024751912|85014.5558824053|0|0
97.149071427|1|2|250154.314665278|249060.673222377|0|0
97.158071427|2|1|214946.550209377|212633.192873669|0|0
97.168071427|2|1|130300.85592207|128841.067095239|0|0
97.239071427|1|2|176062.26658382|171678.349956323|0|0
97.249071427|1|2|165360.031418957|163631.061306035|0|0
97.258071427|2|1|89036.1670927017|86234.6852784776|0|0
97.268071427|2|1|155225.972690846|151490.36449772|0|0
97.339071427|1|2|203960.197118364|201128.217198733|0|0
97.349071427|1|2|115467.550714582|113424.550980872|0|0
97.358071427|2|1|250841.844128983|249549.220383922|0|0
97.368071427|2|1|279611.139315878|278368.532516993|0|0
97.439071427|1|2|223743.106978663|219839.325192159|0|0
97.449071427|1|2|244913.232279834|236472.77058549|0|0
97.458071427|2|1|243065.411984034|240567.685822153|0|0
97.468071427|2|1|58056.9900733008|55840.7927230404|0|0
97.539071427|1|2|93532.3342556626|92401.1783192639|0|0
97.549071427|1|2|222140.426697486|217140.989748964|0|0
97.558071427|2|1|55525.9222069667|54915.7972241607|0|0
97.568071427|2|1|271007.350855749|270623.888932389|0|0
97.639071427|1|2|222862.548865921|218270.968805456|0|0
97.649071427|1|2|125910.347308583|124702.95263538|0|0
97.658071427|2|1|264564.650229855|264241.334715417|0|0
97.668071427|2|1|220045.403897234|219467.348878391|0|0
97.739071427|1|2|168002.847925594|165727.704294837|0|0
97.749071427|1|2|156812.122982111|153380.937206518|0|0
97.758071427|2|1|229417.65749972|224854.306559191|0|0
97.768071427|2|1|105493.022226058|102508.769786027|0|0
97.839071427|1|2|152041.019421565|151364.77124653|0|0
97.849071427|1|2|214039.194702282|211754.115275419|0|0
97.858071427|2|1|76290.8907945822|75282.6842452243|0|0
97.868071427|2|1|177708.26097274|173275.557698728|0|0
97.939071427|1|2|146712.823174297|143606.615351527|0|0
97.949071427|1|2|141535.971715805|141344.298077757|0|0
97.958071427|2|1|230499.02778674|229882.736356011|0|0
97.968071427|2|1|285406.590519849|281140.497253143|0|0
98.046071427|1|2|163290.705152088|160939.885962898|0|0
98.067071427|2|1|96973.2892579219|95188.8510427665|0|0
98.146071427|1|2|194303.036465797|193695.383188373|0|0
98.167071427|2|1|199381.200323748|196652.136425598|0|0
98.246071427|1|2|145156.050950446|142466.546244048|0|0
98.267071427|2|1|248545.293113215|242885.403473814|0|0
98.346071427|1|2|157688.156809319|154683.079292776|0|0
98.367071427|2|1|91296.5757549705|88057.1501125514|0|0
98.446071427|1|2|259565.493156004|255738.835699793|0|0
98.467071427|2|1|166457.570362642|165864.617864239|0|0
98.537071427|1|2|99618.4363050938|97927.0641534756|0|0
98.557071427|2|1|161445.334127941|157480.184443681|0|0
98.558071427|1|2|167430.942599294|162636.966211526|0|0
98.567071427|2|1|333988.324389891|332959.706413829|0|0
98.637071427|1|2|258883.718487114|257101.465647486|0|0
98.657071427|2|1|211831.972050453|208918.880022621|0|0
98.658071427|1|2|183481.822476147|180739.665235808|0|0
98.667071427|2|1|85445.9954874782|83915.3900413535|0|0
98.737071427|1|2|174334.361179209|171424.317899907|0|0
98.757071427|2|1|175336.279898998|174355.544790559|0|0
98.758071427|1|2|173344.253050992|170523.206994969|0|0
98.767071427|2|1|169710.732846931|168556.61284612|0|0
98.837071427|1|2|112009.199436684|108794.577374787|0|0
98.857071427|2|1|132283.621316001|131246.266114907|0|0
98.858071427|1|2|167969.488361967|163718.603599914|0|0
98.867071427|2|1|196599.542996646|194066.472898586|0|0
98.937071427|1|2|264330.628391115|263866.461605954|0|0
98.957071427|2|1|201387.941370899|199973.871807545|0|0
98.958071427|1|2|158477.494716949|158070.858502592|0|0
98.967071427|2|1|189848.593457936|187569.833649768|0|0
99.037071427|1|2|174911.444248664|172867.393014051|0|0
99.057071427|2|1|156805.310460435|152467.190752354|0|0
99.058071427|1|2|215578.570240254|212785.69507713|0|0
99.067071427|2|1|140925.989477184|135856.937082896|0|0
99.137071427|1|2|73794.5710162816|72831.2663894026|0|0
99.157071427|2|1|181121.950592855|177527.745957569|0|0
99.158071427|1|2|153414.763859951|151596.540566252|0|0
99.167071427|2|1|233026.36319536|225811.359878417|0|0
99.237071427|1|2|322935.335094209|315765.006225694|0|0
99.257071427|2|1|181165.406358993|178650.866448704|0|0
99.258071427|1|2|137146.534590813|135746.846235455|0|0
99.268071427|2|1|138785.650931122|136762.522341045|0|0
99.337071427|1|2|201133.247143031|198405.561537302|0|0
99.357071427|2|1|200416.356320536|196300.426763062|0|0
99.358071427|1|2|222344.473199588|218654.953942177|0|0
99.368071427|2|1|134248.682435897|132213.127519407|0|0
99.437071427|1|2|85933.4265289461|84472.4850882|0|0
99.457071427|2|1|137629.596524077|136755.600846046|0|0
99.458071427|1|2|177958.75489352|175205.191580147|0|0
99.468071427|2|1|190078.046240909|186841.135874812|0|0
99.537071427|1|2|215951.823364764|213567.384679091|0|0
99.557071427|2|1|138615.131699005|138542.623169629|0|0
99.558071427|1|2|139074.143930431|135586.44409833|0|0
99.568071427|2|1|208625.54175051|206566.893152789|0|0
99.637071427|1|2|290049.816281158|289361.836585888|0|0
99.657071427|2|1|283128.822339806|276114.604619809|0|0
99.658071427|1|2|216952.701065805|211347.140809618|0|0
99.668071427|2|1|142523.312204018|139052.104996261|0|0
99.737071427|1|2|72273.032299467|69732.1646784901|0|0
99.757071427|2|1|143780.79485484|137160.842499105|0|0
99.758071427|1|2|194520.062223837|193784.371978735|0|0
99.768071427|2|1|163619.326693529|163082.509564706|0|0
99.837071427|1|2|252376.962823021|245799.067375603|0|0
99.857071427|2|1|173900.468639244|172941.307833176|0|0
99.858071427|1|2|120860.380283782|116147.319760994|0|0
99.868071427|2|1|210388.33490155|209229.000512427|0|0
99.937071427|1|2|167236.987748616|165770.375045027|0|0
99.957071427|2|1|233597.671268685|231074.249614682|0|0
99.958071427|1|2|280434.454045736|277088.954613659|0|0
99.968071427|2|1|146371.277305973|144343.025670137|0|0
100.037071427|1|2|120078.655276223|119792.729471781|0|0
100.057071427|2|1|142403.290337154|140860.198058812|0|0
100.058071427|1|2|151518.342737411|147370.438917091|0|0
100.068071427|2|1|127056.654539867|126796.69824882|0|0
100.137071427|1|2|212724.719994118|208491.39776704|0|0
100.157071427|2|1|101653.891292487|98958.8453384045|0|0
100.158071427|1|2|150743.532700639|149071.344254106|0|0
100.168071427|2|1|304963.671082501|301142.578837695|0|0
100.237071427|1|2|216340.475458964|212903.438068331|0|0
100.257071427|2|1|362066.683466294|359672.195461542|0|0
100.258071427|1|2|239229.027806429|235379.010093938|0|0
100.268071427|2|1|130766.306126297|123798.701357938|0|0
100.337071427|1|2|124723.689833171|124560.28889569|0|0
100.357071427|2|1|133313.480174484|131722.49908|0|0
100.358071427|1|2|170914.532269199|166488.216141048|0|0
100.368071427|2|1|166953.524684477|164632.14826663|0|0
100.437071427|1|2|165965.100281266|163366.775833586|0|0
100.457071427|2|1|104886.932352275|103086.424442683|0|0
100.458071427|1|2|128502.689620603|122255.260386893|0|0
100.468071427|2|1|205435.080637592|202030.844316363|0|0
100.544071427|1|2|146679.135701991|146258.463839678|0|0
100.568071427|2|1|185330.34156432|184102.690979916|0|0
100.644071427|1|2|125648.115581663|124702.382788329|0|0
100.649071427|2|1|201481.189314609|196893.120227141|0|0
100.657071427|1|2|205385.390141409|200615.455183246|0|0
100.678071427|2|1|265394.999662169|264104.971626341|0|0
100.744071427|1|2|249522.091528708|248515.815851437|0|0
100.749071427|2|1|137820.040930919|135934.214003091|0|0
100.757071427|1|2|89189.6902921003|85031.3695992788|0|0
100.778071427|2|1|180265.189817966|177632.471343288|0|0
100.844071427|1|2|145049.74428549|144817.67380602|0|0
100.849071427|2|1|207108.70747138|204819.957486256|0|0
100.857071427|1|2|254931.465200019|253952.902381232|0|0
100.878071427|2|1|87079.9889001713|86068.1944054795|0|0
100.944071427|1|2|135343.469265361|134701.342338239|0|0
100.949071427|2|1|145891.152082938|143493.335807296|0|0
100.957071427|1|2|184957.048089503|184814.504582677|0|0
100.978071427|2|1|333084.130415229|332247.93049652|0|0
101.044071427|1|2|277234.349308184|276257.836935558|0|0
101.049071427|2|1|253916.331503144|250161.981253351|0|0
101.057071427|1|2|146617.583594056|142853.220756409|0|0
101.078071427|2|1|95800.2255123837|93598.9587197342|0|0
101.144071427|1|2|142506.657751874|138394.731164411|0|0
101.149071427|2|1|98788.8477674325|96304.32644773|0|0
101.157071427|1|2|195069.869871519|192401.378011971|0|0
101.178071427|2|1|169003.023495395|167380.908819914|0|0
101.238071427|1|2|171210.09033441|169805.001025469|0|0
101.278071427|2|1|269799.392862857|265668.820006865|0|0
101.338071427|1|2|114038.369012234|110022.773062133|0|0
101.378071427|2|1|167943.229094671|163437.942852371|0|0
101.438071427|1|2|262425.241392491|258782.779870655|0|0
101.449071427|1|2|173274.115627534|172216.959378967|0|0
101.457071427|2|1|218489.733808028|216188.927910793|0|0
101.468071427|2|1|145029.813076931|144411.942583576|0|0
101.538071427|1|2|222247.664711265|218390.961927629|0|0
101.549071427|1|2|91958.9171926432|91319.7109808714|0|0
101.557071427|2|1|132007.101171059|129229.55600634|0|0
101.568071427|2|1|121056.799859668|119949.240933518|0|0
101.638071427|1|2|84842.9225558735|80905.1953514318|0|0
101.649071427|1|2|316141.823031821|309453.607409488|0|0
101.657071427|2|1|187915.5642446|185244.564996822|0|0
101.668071427|2|1|235252.088375913|233996.883259957|0|0
101.738071427|1|2|249201.198428826|248165.926019326|0|0
101.749071427|1|2|129851.003827605|127644.141203375|0|0
101.757071427|2|1|139654.551821783|139216.476012492|0|0
101.768071427|2|1|178666.150089719|178154.586252707|0|0
101.838071427|1|2|189467.374154202|187699.334516395|0|0
101.849071427|1|2|141575.256206239|139246.059387662|0|0
101.857071427|2|1|254586.508173229|251582.882876424|0|0
101.868071427|2|1|146324.698686242|141685.891394619|0|0
101.937071427|1|2|87865.6247841622|86018.8363793346|0|0
101.948071427|1|2|226667.993749906|223739.428906928|0|0
101.957071427|2|1|139200.149969641|133902.669355797|0|0
101.968071427|2|1|163827.605551177|161792.927955813|0|0
102.037071427|1|2|204864.29971793|200534.991449869|0|0
102.048071427|1|2|280382.639955994|277427.702630842|0|0
102.057071427|2|1|163274.770191963|160462.831278996|0|0
102.068071427|2|1|171004.305995752|170761.270747349|0|0
