2137.0|1|1|1|255|213|7|0|1|12|50|100|50|0|1|0|255|255|0|1|1|1
2139.0|1|1|1|255|213|9|0|1|12|50|0|50|0|0|2|255|255|0|1|1|1
2145.0|1|1|1|255|214|5|0|1|12|50|150|50|0|0|3|255|255|0|1|1|1
2157.0|1|1|1|255|215|7|0|1|12|50|50|50|0|0|1|255|255|0|1|1|1
2157.0|2|2|2|255|215|7|0|1|12|50|150|50|0|1|0|255|255|0|1|1|1
2158.0|1|1|1|255|215|8|0|1|12|50|100|50|0|0|0|255|255|0|1|1|1
2158.0|2|2|2|255|215|8|0|1|12|50|50|50|0|0|2|255|255|0|1|1|1
2168.0|2|2|2|255|216|8|0|1|12|50|100|50|0|0|3|255|255|0|1|1|1
2169.0|2|2|2|255|216|9|0|1|12|50|50|50|0|0|1|255|255|0|1|1|1
2178.0|2|2|2|255|217|8|0|1|12|50|0|50|0|0|0|255|255|0|1|1|1
2237.0|1|1|1|255|223|7|0|1|12|50|100|50|0|1|0|255|255|0|1|1|1
2239.0|1|1|1|255|223|9|0|1|12|50|0|50|0|0|2|255|255|0|1|1|1
2245.0|1|1|1|255|224|5|0|1|12|50|150|50|0|0|3|255|255|0|1|1|1
2257.0|1|1|1|255|225|7|0|1|12|50|50|50|0|0|1|255|255|0|1|1|1
2257.0|2|2|2|255|225|7|0|1|12|50|150|50|0|1|0|255|255|0|1|1|1
2258.0|1|1|1|255|225|8|0|1|12|50|100|50|0|0|0|255|255|0|1|1|1
2258.0|2|2|2|255|225|8|0|1|12|50|50|50|0|0|2|255|255|0|1|1|1
2268.0|2|2|2|255|226|8|0|1|12|50|100|50|0|0|3|255|255|0|1|1|1
2269.0|2|2|2|255|226|9|0|1|12|50|50|50|0|0|1|255|255|0|1|1|1
2278.0|2|2|2|255|227|8|0|1|12|50|0|50|0|0|0|255|255|0|1|1|1
2337.0|1|1|1|255|233|7|0|1|12|50|100|50|0|1|0|255|255|0|1|1|1
2339.0|1|1|1|255|233|9|0|1|12|50|0|50|0|0|2|255|255|0|1|1|1
2345.0|1|1|1|255|234|5|0|1|12|50|150|50|0|0|3|255|255|0|1|1|1
2357.0|1|1|1|255|235|7|0|1|12|50|50|50|0|0|1|255|255|0|1|1|1
2357.0|2|2|2|255|235|7|0|1|12|50|150|50|0|1|0|255|255|0|1|1|1
2358.0|1|1|1|255|235|8|0|1|12|50|100|50|0|0|0|255|255|0|1|1|1
2358.0|2|2|2|255|235|8|0|1|12|50|50|50|0|0|2|255|255|0|1|1|1
2368.0|2|2|2|255|236|8|0|1|12|50|100|50|0|0|3|255|255|0|1|1|1
2369.0|2|2|2|255|236|9|0|1|12|50|50|50|0|0|1|255|255|0|1|1|1
2378.0|2|2|2|255|237|8|0|1|12|50|0|50|0|0|0|255|255|0|1|1|1
2437.0|1|1|1|255|243|7|0|1|12|50|100|50|0|1|0|255|255|0|1|1|1
2439.0|1|1|1|255|243|9|0|1|12|50|0|50|0|0|2|255|255|0|1|1|1
2445.0|1|1|1|255|244|5|0|1|12|50|150|50|0|0|3|255|255|0|1|1|1
2457.0|1|1|1|255|245|7|0|1|12|50|50|50|0|0|1|255|255|0|1|1|1
2457.0|2|2|2|255|245|7|0|1|12|50|150|50|0|1|0|255|255|0|1|1|1
2458.0|1|1|1|255|245|8|0|1|12|50|100|50|0|0|0|255|255|0|1|1|1
2458.0|2|2|2|255|245|8|0|1|12|50|50|50|0|0|2|255|255|0|1|1|1
2468.0|2|2|2|255|246|8|0|1|12|50|100|50|0|0|3|255|255|0|1|1|1
2469.0|2|2|2|255|246|9|0|1|12|50|50|50|0|0|1|255|255|0|1|1|1
2478.0|2|2|2|255|247|8|0|1|12|50|0|50|0|0|0|255|255|0|1|1|1
2537.0|1|1|1|255|253|7|0|1|12|50|100|50|0|1|0|255|255|0|1|1|1
2539.0|1|1|1|255|253|9|0|1|12|50|0|50|0|0|2|255|255|0|1|1|1
2545.0|1|1|1|255|254|5|0|1|12|50|150|50|0|0|3|255|255|0|1|1|1
2557.0|1|1|1|255|255|7|0|1|12|50|50|50|0|0|1|255|255|0|1|1|1
2557.0|2|2|2|255|255|7|0|1|12|50|150|50|0|1|0|255|255|0|1|1|1
2558.0|1|1|1|255|255|8|0|1|12|50|100|50|0|0|0|255|255|0|1|1|1
2558.0|2|2|2|255|255|8|0|1|12|50|50|50|0|0|2|255|255|0|1|1|1
2568.0|2|2|2|255|256|8|0|1|12|50|100|50|0|0|3|255|255|0|1|1|1
2569.0|2|2|2|255|256|9|0|1|12|50|50|50|0|0|1|255|255|0|1|1|1
2578.0|2|2|2|255|257|8|0|1|12|50|0|50|0|0|0|255|255|0|1|1|1
2637.0|1|1|1|255|263|7|0|1|12|50|100|50|0|1|0|255|255|0|1|1|1
2639.0|1|1|1|255|263|9|0|1|12|50|0|50|0|0|2|255|255|0|1|1|1
2645.0|1|1|1|255|264|5|0|1|12|50|150|50|0|0|3|255|255|0|1|1|1
2657.0|1|1|1|255|265|7|0|1|12|50|50|50|0|0|1|255|255|0|1|1|1
2657.0|2|2|2|255|265|7|0|1|12|50|150|50|0|1|0|255|255|0|1|1|1
2658.0|1|1|1|255|265|8|0|1|12|50|100|50|0|0|0|255|255|0|1|1|1
2658.0|2|2|2|255|265|8|0|1|12|50|50|50|0|0|2|255|255|0|1|1|1
2668.0|2|2|2|255|266|8|0|1|12|50|100|50|0|0|3|255|255|0|1|1|1
2669.0|2|2|2|255|266|9|0|1|12|50|50|50|0|0|1|255|255|0|1|1|1
2678.0|2|2|2|255|267|8|0|1|12|50|0|50|0|0|0|255|255|0|1|1|1
2737.0|1|1|1|255|273|7|0|1|12|50|100|50|0|1|0|255|255|0|1|1|1
2739.0|1|1|1|255|273|9|0|1|12|50|0|50|0|0|2|255|255|0|1|1|1
2745.0|1|1|1|255|274|5|0|1|12|50|150|50|0|0|3|255|255|0|1|1|1
2757.0|1|1|1|255|275|7|0|1|12|50|50|50|0|0|1|255|255|0|1|1|1
2757.0|2|2|2|255|275|7|0|1|12|50|150|50|0|1|0|255|255|0|1|1|1
2758.0|1|1|1|255|275|8|0|1|12|50|100|50|0|0|0|255|255|0|1|1|1
2758.0|2|2|2|255|275|8|0|1|12|50|50|50|0|0|2|255|255|0|1|1|1
2768.0|2|2|2|255|276|8|0|1|12|50|100|50|0|0|3|255|255|0|1|1|1
2769.0|2|2|2|255|276|9|0|1|12|50|50|50|0|0|1|255|255|0|1|1|1
2778.0|2|2|2|255|277|8|0|1|12|50|0|50|0|0|0|255|255|0|1|1|1
2837.0|1|1|1|255|283|7|0|1|12|50|100|50|0|1|0|255|255|0|1|1|1
2839.0|1|1|1|255|283|9|0|1|12|50|0|50|0|0|2|255|255|0|1|1|1
2845.0|1|1|1|255|284|5|0|1|12|50|150|50|0|0|3|255|255|0|1|1|1
2857.0|1|1|1|255|285|7|0|1|12|50|50|50|0|0|1|255|255|0|1|1|1
2857.0|2|2|2|255|285|7|0|1|12|50|150|50|0|1|0|255|255|0|1|1|1
2858.0|1|1|1|255|285|8|0|1|12|50|100|50|0|0|0|255|255|0|1|1|1
2858.0|2|2|2|255|285|8|0|1|12|50|50|50|0|0|2|255|255|0|1|1|1
2868.0|2|2|2|255|286|8|0|1|12|50|100|50|0|0|3|255|255|0|1|1|1
2869.0|2|2|2|255|286|9|0|1|12|50|50|50|0|0|1|255|255|0|1|1|1
2878.0|2|2|2|255|287|8|0|1|12|50|0|50|0|0|0|255|255|0|1|1|1
2937.0|1|1|1|255|293|7|0|1|12|50|100|50|0|1|0|255|255|0|1|1|1
2939.0|1|1|1|255|293|9|0|1|12|50|0|50|0|0|2|255|255|0|1|1|1
2945.0|1|1|1|255|294|5|0|1|12|50|150|50|0|0|3|255|255|0|1|1|1
2957.0|1|1|1|255|295|7|0|1|12|50|50|50|0|0|1|255|255|0|1|1|1
2957.0|2|2|2|255|295|7|0|1|12|50|150|50|0|1|0|255|255|0|1|1|1
2958.0|1|1|1|255|295|8|0|1|12|50|100|50|0|0|0|255|255|0|1|1|1
2958.0|2|2|2|255|295|8|0|1|12|50|50|50|0|0|2|255|255|0|1|1|1
2968.0|2|2|2|255|296|8|0|1|12|50|100|50|0|0|3|255|255|0|1|1|1
2969.0|2|2|2|255|296|9|0|1|12|50|50|50|0|0|1|255|255|0|1|1|1
2978.0|2|2|2|255|297|8|0|1|12|50|0|50|0|0|0|255|255|0|1|1|1
3037.0|1|1|1|255|303|7|0|1|12|50|100|50|0|1|0|255|255|0|1|1|1
3039.0|1|1|1|255|303|9|0|1|12|50|0|50|0|0|2|255|255|0|1|1|1
3045.0|1|1|1|255|304|5|0|1|12|50|150|50|0|0|3|255|255|0|1|1|1
3057.0|1|1|1|255|305|7|0|1|12|50|50|50|0|0|1|255|255|0|1|1|1
3057.0|2|2|2|255|305|7|0|1|12|50|150|50|0|1|0|255|255|0|1|1|1
3058.0|1|1|1|255|305|8|0|1|12|50|100|50|0|0|0|255|255|0|1|1|1
3058.0|2|2|2|255|305|8|0|1|12|50|50|50|0|0|2|255|255|0|1|1|1
3068.0|2|2|2|255|306|8|0|1|12|50|100|50|0|0|3|255|255|0|1|1|1
3069.0|2|2|2|255|306|9|0|1|12|50|50|50|0|0|1|255|255|0|1|1|1
3078.0|2|2|2|255|307|8|0|1|12|50|0|50|0|0|0|255|255|0|1|1|1
3137.0|1|1|1|255|313|7|0|1|12|50|100|50|0|1|0|255|255|0|1|1|1
3139.0|1|1|1|255|313|9|0|1|12|50|0|50|0|0|2|255|255|0|1|1|1
3145.0|1|1|1|255|314|5|0|1|12|50|150|50|0|0|3|255|255|0|1|1|1
3157.0|1|1|1|255|315|7|0|1|12|50|50|50|0|0|1|255|255|0|1|1|1
3157.0|2|2|2|255|315|7|0|1|12|50|150|50|0|1|0|255|255|0|1|1|1
3158.0|1|1|1|255|315|8|0|1|12|50|100|50|0|0|0|255|255|0|1|1|1
3158.0|2|2|2|255|315|8|0|1|12|50|50|50|0|0|2|255|255|0|1|1|1
3168.0|2|2|2|255|316|8|0|1|12|50|100|50|0|0|3|255|255|0|1|1|1
3169.0|2|2|2|255|316|9|0|1|12|50|50|50|0|0|1|255|255|0|1|1|1
3178.0|2|2|2|255|317|8|0|1|12|50|0|50|0|0|0|255|255|0|1|1|1
3239.0|1|1|1|255|323|9|0|1|12|50|100|50|1|1|0|255|255|0|1|1|1
3244.0|1|1|1|255|324|4|0|1|12|50|100|50|1|0|2|255|255|0|1|1|1
3245.0|1|1|1|255|324|5|0|1|12|50|100|50|1|0|3|255|255|0|1|1|1
3247.0|1|1|1|255|324|7|0|1|12|50|0|50|1|0|1|255|255|0|1|1|1
3249.0|2|2|2|255|324|9|0|1|12|50|0|50|1|1|0|255|255|0|1|1|1
3257.0|1|1|1|255|325|7|0|1|12|50|50|50|1|0|0|255|255|0|1|1|1
3258.0|2|2|2|255|325|8|0|1|12|50|0|50|1|0|2|255|255|0|1|1|1
3267.0|2|2|2|255|326|7|0|1|12|50|150|50|1|0|3|255|255|0|1|1|1
3278.0|2|2|2|255|327|8|0|1|12|50|0|50|1|0|1|255|255|0|1|1|1
3279.0|2|2|2|255|327|9|0|1|12|50|100|50|1|0|0|255|255|0|1|1|1
3339.0|1|1|1|255|333|9|0|1|12|50|100|50|1|1|0|255|255|0|1|1|1
3344.0|1|1|1|255|334|4|0|1|12|50|100|50|1|0|2|255|255|0|1|1|1
3345.0|1|1|1|255|334|5|0|1|12|50|100|50|1|0|3|255|255|0|1|1|1
3347.0|1|1|1|255|334|7|0|1|12|50|0|50|1|0|1|255|255|0|1|1|1
3349.0|2|2|2|255|334|9|0|1|12|50|0|50|1|1|0|255|255|0|1|1|1
3357.0|1|1|1|255|335|7|0|1|12|50|50|50|1|0|0|255|255|0|1|1|1
3358.0|2|2|2|255|335|8|0|1|12|50|0|50|1|0|2|255|255|0|1|1|1
3367.0|2|2|2|255|336|7|0|1|12|50|150|50|1|0|3|255|255|0|1|1|1
3378.0|2|2|2|255|337|8|0|1|12|50|0|50|1|0|1|255|255|0|1|1|1
3379.0|2|2|2|255|337|9|0|1|12|50|100|50|1|0|0|255|255|0|1|1|1
3439.0|1|1|1|255|343|9|0|1|12|50|100|50|1|1|0|255|255|0|1|1|1
3444.0|1|1|1|255|344|4|0|1|12|50|100|50|1|0|2|255|255|0|1|1|1
3445.0|1|1|1|255|344|5|0|1|12|50|100|50|1|0|3|255|255|0|1|1|1
3447.0|1|1|1|255|344|7|0|1|12|50|0|50|1|0|1|255|255|0|1|1|1
3449.0|2|2|2|255|344|9|0|1|12|50|0|50|1|1|0|255|255|0|1|1|1
3457.0|1|1|1|255|345|7|0|1|12|50|50|50|1|0|0|255|255|0|1|1|1
3458.0|2|2|2|255|345|8|0|1|12|50|0|50|1|0|2|255|255|0|1|1|1
3467.0|2|2|2|255|346|7|0|1|12|50|150|50|1|0|3|255|255|0|1|1|1
3478.0|2|2|2|255|347|8|0|1|12|50|0|50|1|0|1|255|255|0|1|1|1
3479.0|2|2|2|255|347|9|0|1|12|50|100|50|1|0|0|255|255|0|1|1|1
3539.0|1|1|1|255|353|9|0|1|12|50|100|50|1|1|0|255|255|0|1|1|1
3544.0|1|1|1|255|354|4|0|1|12|50|100|50|1|0|2|255|255|0|1|1|1
3545.0|1|1|1|255|354|5|0|1|12|50|100|50|1|0|3|255|255|0|1|1|1
3547.0|1|1|1|255|354|7|0|1|12|50|0|50|1|0|1|255|255|0|1|1|1
3549.0|2|2|2|255|354|9|0|1|12|50|0|50|1|1|0|255|255|0|1|1|1
3557.0|1|1|1|255|355|7|0|1|12|50|50|50|1|0|0|255|255|0|1|1|1
3558.0|2|2|2|255|355|8|0|1|12|50|0|50|1|0|2|255|255|0|1|1|1
3567.0|2|2|2|255|356|7|0|1|12|50|150|50|1|0|3|255|255|0|1|1|1
3578.0|2|2|2|255|357|8|0|1|12|50|0|50|1|0|1|255|255|0|1|1|1
3579.0|2|2|2|255|357|9|0|1|12|50|100|50|1|0|0|255|255|0|1|1|1
3639.0|1|1|1|255|363|9|0|1|12|50|100|50|1|1|0|255|255|0|1|1|1
3644.0|1|1|1|255|364|4|0|1|12|50|100|50|1|0|2|255|255|0|1|1|1
3645.0|1|1|1|255|364|5|0|1|12|50|100|50|1|0|3|255|255|0|1|1|1
3647.0|1|1|1|255|364|7|0|1|12|50|0|50|1|0|1|255|255|0|1|1|1
3649.0|2|2|2|255|364|9|0|1|12|50|0|50|1|1|0|255|255|0|1|1|1
3657.0|1|1|1|255|365|7|0|1|12|50|50|50|1|0|0|255|255|0|1|1|1
3658.0|2|2|2|255|365|8|0|1|12|50|0|50|1|0|2|255|255|0|1|1|1
3667.0|2|2|2|255|366|7|0|1|12|50|150|50|1|0|3|255|255|0|1|1|1
3678.0|2|2|2|255|367|8|0|1|12|50|0|50|1|0|1|255|255|0|1|1|1
3679.0|2|2|2|255|367|9|0|1|12|50|100|50|1|0|0|255|255|0|1|1|1
3739.0|1|1|1|255|373|9|0|1|12|50|100|50|1|1|0|255|255|0|1|1|1
3744.0|1|1|1|255|374|4|0|1|12|50|100|50|1|0|2|255|255|0|1|1|1
3745.0|1|1|1|255|374|5|0|1|12|50|100|50|1|0|3|255|255|0|1|1|1
3747.0|1|1|1|255|374|7|0|1|12|50|0|50|1|0|1|255|255|0|1|1|1
3749.0|2|2|2|255|374|9|0|1|12|50|0|50|1|1|0|255|255|0|1|1|1
3757.0|1|1|1|255|375|7|0|1|12|50|50|50|1|0|0|255|255|0|1|1|1
3758.0|2|2|2|255|375|8|0|1|12|50|0|50|1|0|2|255|255|0|1|1|1
3767.0|2|2|2|255|376|7|0|1|12|50|150|50|1|0|3|255|255|0|1|1|1
3778.0|2|2|2|255|377|8|0|1|12|50|0|50|1|0|1|255|255|0|1|1|1
3779.0|2|2|2|255|377|9|0|1|12|50|100|50|1|0|0|255|255|0|1|1|1
3839.0|1|1|1|255|383|9|0|1|12|50|100|50|1|1|0|255|255|0|1|1|1
3844.0|1|1|1|255|384|4|0|1|12|50|100|50|1|0|2|255|255|0|1|1|1
3845.0|1|1|1|255|384|5|0|1|12|50|100|50|1|0|3|255|255|0|1|1|1
3847.0|1|1|1|255|384|7|0|1|12|50|0|50|1|0|1|255|255|0|1|1|1
3849.0|2|2|2|255|384|9|0|1|12|50|0|50|1|1|0|255|255|0|1|1|1
3857.0|1|1|1|255|385|7|0|1|12|50|50|50|1|0|0|255|255|0|1|1|1
3858.0|2|2|2|255|385|8|0|1|12|50|0|50|1|0|2|255|255|0|1|1|1
3867.0|2|2|2|255|386|7|0|1|12|50|150|50|1|0|3|255|255|0|1|1|1
3878.0|2|2|2|255|387|8|0|1|12|50|0|50|1|0|1|255|255|0|1|1|1
3879.0|2|2|2|255|387|9|0|1|12|50|100|50|1|0|0|255|255|0|1|1|1
3939.0|1|1|1|255|393|9|0|1|12|50|100|50|1|1|0|255|255|0|1|1|1
3944.0|1|1|1|255|394|4|0|1|12|50|100|50|1|0|2|255|255|0|1|1|1
3945.0|1|1|1|255|394|5|0|1|12|50|100|50|1|0|3|255|255|0|1|1|1
3947.0|1|1|1|255|394|7|0|1|12|50|0|50|1|0|1|255|255|0|1|1|1
3949.0|2|2|2|255|394|9|0|1|12|50|0|50|1|1|0|255|255|0|1|1|1
3957.0|1|1|1|255|395|7|0|1|12|50|50|50|1|0|0|255|255|0|1|1|1
3958.0|2|2|2|255|395|8|0|1|12|50|0|50|1|0|2|255|255|0|1|1|1
3967.0|2|2|2|255|396|7|0|1|12|50|150|50|1|0|3|255|255|0|1|1|1
3978.0|2|2|2|255|397|8|0|1|12|50|0|50|1|0|1|255|255|0|1|1|1
3979.0|2|2|2|255|397|9|0|1|12|50|100|50|1|0|0|255|255|0|1|1|1
4039.0|1|1|1|255|403|9|0|1|12|50|100|50|1|1|0|255|255|0|1|1|1
4044.0|1|1|1|255|404|4|0|1|12|50|100|50|1|0|2|255|255|0|1|1|1
4045.0|1|1|1|255|404|5|0|1|12|50|100|50|1|0|3|255|255|0|1|1|1
4047.0|1|1|1|255|404|7|0|1|12|50|0|50|1|0|1|255|255|0|1|1|1
4049.0|2|2|2|255|404|9|0|1|12|50|0|50|1|1|0|255|255|0|1|1|1
4057.0|1|1|1|255|405|7|0|1|12|50|50|50|1|0|0|255|255|0|1|1|1
4058.0|2|2|2|255|405|8|0|1|12|50|0|50|1|0|2|255|255|0|1|1|1
4067.0|2|2|2|255|406|7|0|1|12|50|150|50|1|0|3|255|255|0|1|1|1
4078.0|2|2|2|255|407|8|0|1|12|50|0|50|1|0|1|255|255|0|1|1|1
4079.0|2|2|2|255|407|9|0|1|12|50|100|50|1|0|0|255|255|0|1|1|1
4137.0|1|1|1|255|413|7|0|1|12|50|150|50|2|1|0|255|255|0|1|1|1
4139.0|1|1|1|255|413|9|0|1|12|50|50|50|2|0|2|255|255|0|1|1|1
4146.0|1|1|1|255|414|6|0|1|12|50|150|50|2|0|3|255|255|0|1|1|1
4149.0|2|2|2|255|414|9|0|1|12|50|0|50|2|1|0|255|255|0|1|1|1
4158.0|1|1|1|255|415|8|0|1|12|50|100|50|2|0|1|255|255|0|1|1|1
4159.0|1|1|1|255|415|9|0|1|12|50|0|50|2|0|0|255|255|0|1|1|1
4159.0|2|2|2|255|415|9|0|1|12|50|100|50|2|0|2|255|255|0|1|1|1
4164.0|2|2|2|255|416|4|0|1|12|50|100|50|2|0|3|255|255|0|1|1|1
4168.0|2|2|2|255|416|8|0|1|12|50|50|50|2|0|1|255|255|0|1|1|1
4178.0|2|2|2|255|417|8|0|1|12|50|0|50|2|0|0|255|255|0|1|1|1
4237.0|1|1|1|255|423|7|0|1|12|50|150|50|2|1|0|255|255|0|1|1|1
4239.0|1|1|1|255|423|9|0|1|12|50|50|50|2|0|2|255|255|0|1|1|1
4246.0|1|1|1|255|424|6|0|1|12|50|150|50|2|0|3|255|255|0|1|1|1
4249.0|2|2|2|255|424|9|0|1|12|50|0|50|2|1|0|255|255|0|1|1|1
4258.0|1|1|1|255|425|8|0|1|12|50|100|50|2|0|1|255|255|0|1|1|1
4259.0|1|1|1|255|425|9|0|1|12|50|0|50|2|0|0|255|255|0|1|1|1
4259.0|2|2|2|255|425|9|0|1|12|50|100|50|2|0|2|255|255|0|1|1|1
4264.0|2|2|2|255|426|4|0|1|12|50|100|50|2|0|3|255|255|0|1|1|1
4268.0|2|2|2|255|426|8|0|1|12|50|50|50|2|0|1|255|255|0|1|1|1
4278.0|2|2|2|255|427|8|0|1|12|50|0|50|2|0|0|255|255|0|1|1|1
4337.0|1|1|1|255|433|7|0|1|12|50|150|50|2|1|0|255|255|0|1|1|1
4339.0|1|1|1|255|433|9|0|1|12|50|50|50|2|0|2|255|255|0|1|1|1
4346.0|1|1|1|255|434|6|0|1|12|50|150|50|2|0|3|255|255|0|1|1|1
4349.0|2|2|2|255|434|9|0|1|12|50|0|50|2|1|0|255|255|0|1|1|1
4358.0|1|1|1|255|435|8|0|1|12|50|100|50|2|0|1|255|255|0|1|1|1
4359.0|1|1|1|255|435|9|0|1|12|50|0|50|2|0|0|255|255|0|1|1|1
4359.0|2|2|2|255|435|9|0|1|12|50|100|50|2|0|2|255|255|0|1|1|1
4364.0|2|2|2|255|436|4|0|1|12|50|100|50|2|0|3|255|255|0|1|1|1
4368.0|2|2|2|255|436|8|0|1|12|50|50|50|2|0|1|255|255|0|1|1|1
4378.0|2|2|2|255|437|8|0|1|12|50|0|50|2|0|0|255|255|0|1|1|1
4437.0|1|1|1|255|443|7|0|1|12|50|150|50|2|1|0|255|255|0|1|1|1
4439.0|1|1|1|255|443|9|0|1|12|50|50|50|2|0|2|255|255|0|1|1|1
4446.0|1|1|1|255|444|6|0|1|12|50|150|50|2|0|3|255|255|0|1|1|1
4449.0|2|2|2|255|444|9|0|1|12|50|0|50|2|1|0|255|255|0|1|1|1
4458.0|1|1|1|255|445|8|0|1|12|50|100|50|2|0|1|255|255|0|1|1|1
4459.0|1|1|1|255|445|9|0|1|12|50|0|50|2|0|0|255|255|0|1|1|1
4459.0|2|2|2|255|445|9|0|1|12|50|100|50|2|0|2|255|255|0|1|1|1
4464.0|2|2|2|255|446|4|0|1|12|50|100|50|2|0|3|255|255|0|1|1|1
4468.0|2|2|2|255|446|8|0|1|12|50|50|50|2|0|1|255|255|0|1|1|1
4478.0|2|2|2|255|447|8|0|1|12|50|0|50|2|0|0|255|255|0|1|1|1
4537.0|1|1|1|255|453|7|0|1|12|50|150|50|2|1|0|255|255|0|1|1|1
4539.0|1|1|1|255|453|9|0|1|12|50|50|50|2|0|2|255|255|0|1|1|1
4546.0|1|1|1|255|454|6|0|1|12|50|150|50|2|0|3|255|255|0|1|1|1
4549.0|2|2|2|255|454|9|0|1|12|50|0|50|2|1|0|255|255|0|1|1|1
4558.0|1|1|1|255|455|8|0|1|12|50|100|50|2|0|1|255|255|0|1|1|1
4559.0|1|1|1|255|455|9|0|1|12|50|0|50|2|0|0|255|255|0|1|1|1
4559.0|2|2|2|255|455|9|0|1|12|50|100|50|2|0|2|255|255|0|1|1|1
4564.0|2|2|2|255|456|4|0|1|12|50|100|50|2|0|3|255|255|0|1|1|1
4568.0|2|2|2|255|456|8|0|1|12|50|50|50|2|0|1|255|255|0|1|1|1
4578.0|2|2|2|255|457|8|0|1|12|50|0|50|2|0|0|255|255|0|1|1|1
4637.0|1|1|1|255|463|7|0|1|12|50|150|50|2|1|0|255|255|0|1|1|1
4639.0|1|1|1|255|463|9|0|1|12|50|50|50|2|0|2|255|255|0|1|1|1
4646.0|1|1|1|255|464|6|0|1|12|50|150|50|2|0|3|255|255|0|1|1|1
4649.0|2|2|2|255|464|9|0|1|12|50|0|50|2|1|0|255|255|0|1|1|1
4658.0|1|1|1|255|465|8|0|1|12|50|100|50|2|0|1|255|255|0|1|1|1
4659.0|1|1|1|255|465|9|0|1|12|50|0|50|2|0|0|255|255|0|1|1|1
4659.0|2|2|2|255|465|9|0|1|12|50|100|50|2|0|2|255|255|0|1|1|1
4664.0|2|2|2|255|466|4|0|1|12|50|100|50|2|0|3|255|255|0|1|1|1
4668.0|2|2|2|255|466|8|0|1|12|50|50|50|2|0|1|255|255|0|1|1|1
4678.0|2|2|2|255|467|8|0|1|12|50|0|50|2|0|0|255|255|0|1|1|1
4737.0|1|1|1|255|473|7|0|1|12|50|150|50|2|1|0|255|255|0|1|1|1
4739.0|1|1|1|255|473|9|0|1|12|50|50|50|2|0|2|255|255|0|1|1|1
4746.0|1|1|1|255|474|6|0|1|12|50|150|50|2|0|3|255|255|0|1|1|1
4749.0|2|2|2|255|474|9|0|1|12|50|0|50|2|1|0|255|255|0|1|1|1
4758.0|1|1|1|255|475|8|0|1|12|50|100|50|2|0|1|255|255|0|1|1|1
4759.0|1|1|1|255|475|9|0|1|12|50|0|50|2|0|0|255|255|0|1|1|1
4759.0|2|2|2|255|475|9|0|1|12|50|100|50|2|0|2|255|255|0|1|1|1
4764.0|2|2|2|255|476|4|0|1|12|50|100|50|2|0|3|255|255|0|1|1|1
4768.0|2|2|2|255|476|8|0|1|12|50|50|50|2|0|1|255|255|0|1|1|1
4778.0|2|2|2|255|477|8|0|1|12|50|0|50|2|0|0|255|255|0|1|1|1
4837.0|1|1|1|255|483|7|0|1|12|50|150|50|2|1|0|255|255|0|1|1|1
4839.0|1|1|1|255|483|9|0|1|12|50|50|50|2|0|2|255|255|0|1|1|1
4846.0|1|1|1|255|484|6|0|1|12|50|150|50|2|0|3|255|255|0|1|1|1
4849.0|2|2|2|255|484|9|0|1|12|50|0|50|2|1|0|255|255|0|1|1|1
4858.0|1|1|1|255|485|8|0|1|12|50|100|50|2|0|1|255|255|0|1|1|1
4859.0|1|1|1|255|485|9|0|1|12|50|0|50|2|0|0|255|255|0|1|1|1
4859.0|2|2|2|255|485|9|0|1|12|50|100|50|2|0|2|255|255|0|1|1|1
4864.0|2|2|2|255|486|4|0|1|12|50|100|50|2|0|3|255|255|0|1|1|1
4868.0|2|2|2|255|486|8|0|1|12|50|50|50|2|0|1|255|255|0|1|1|1
4878.0|2|2|2|255|487|8|0|1|12|50|0|50|2|0|0|255|255|0|1|1|1
4937.0|1|1|1|255|493|7|0|1|12|50|100|50|3|1|0|255|255|0|1|1|1
4939.0|1|1|1|255|493|9|0|1|12|50|0|50|3|0|2|255|255|0|1|1|1
4947.0|1|1|1|255|494|7|0|1|12|50|0|50|3|0|3|255|255|0|1|1|1
4957.0|1|1|1|255|495|7|0|1|12|50|0|50|3|0|1|255|255|0|1|1|1
4957.0|2|2|2|255|495|7|0|1|12|50|100|50|3|1|0|255|255|0|1|1|1
4958.0|1|1|1|255|495|8|0|1|12|50|100|50|3|0|0|255|255|0|1|1|1
4959.0|2|2|2|255|495|9|0|1|12|50|50|50|3|0|2|255|255|0|1|1|1
4966.0|2|2|2|255|496|6|0|1|12|50|150|50|3|0|3|255|255|0|1|1|1
4969.0|2|2|2|255|496|9|0|1|12|50|150|50|3|0|1|255|255|0|1|1|1
4979.0|2|2|2|255|497|9|0|1|12|50|150|50|3|0|0|255|255|0|1|1|1
5037.0|1|1|1|255|503|7|0|1|12|50|100|50|3|1|0|255|255|0|1|1|1
5039.0|1|1|1|255|503|9|0|1|12|50|0|50|3|0|2|255|255|0|1|1|1
5047.0|1|1|1|255|504|7|0|1|12|50|0|50|3|0|3|255|255|0|1|1|1
5057.0|1|1|1|255|505|7|0|1|12|50|0|50|3|0|1|255|255|0|1|1|1
5057.0|2|2|2|255|505|7|0|1|12|50|100|50|3|1|0|255|255|0|1|1|1
5058.0|1|1|1|255|505|8|0|1|12|50|100|50|3|0|0|255|255|0|1|1|1
5059.0|2|2|2|255|505|9|0|1|12|50|50|50|3|0|2|255|255|0|1|1|1
5066.0|2|2|2|255|506|6|0|1|12|50|150|50|3|0|3|255|255|0|1|1|1
5069.0|2|2|2|255|506|9|0|1|12|50|150|50|3|0|1|255|255|0|1|1|1
5079.0|2|2|2|255|507|9|0|1|12|50|150|50|3|0|0|255|255|0|1|1|1
5137.0|1|1|1|255|513|7|0|1|12|50|100|50|3|1|0|255|255|0|1|1|1
5139.0|1|1|1|255|513|9|0|1|12|50|0|50|3|0|2|255|255|0|1|1|1
5147.0|1|1|1|255|514|7|0|1|12|50|0|50|3|0|3|255|255|0|1|1|1
5157.0|1|1|1|255|515|7|0|1|12|50|0|50|3|0|1|255|255|0|1|1|1
5157.0|2|2|2|255|515|7|0|1|12|50|100|50|3|1|0|255|255|0|1|1|1
5158.0|1|1|1|255|515|8|0|1|12|50|100|50|3|0|0|255|255|0|1|1|1
5159.0|2|2|2|255|515|9|0|1|12|50|50|50|3|0|2|255|255|0|1|1|1
5166.0|2|2|2|255|516|6|0|1|12|50|150|50|3|0|3|255|255|0|1|1|1
5169.0|2|2|2|255|516|9|0|1|12|50|150|50|3|0|1|255|255|0|1|1|1
5179.0|2|2|2|255|517|9|0|1|12|50|150|50|3|0|0|255|255|0|1|1|1
5237.0|1|1|1|255|523|7|0|1|12|50|100|50|3|1|0|255|255|0|1|1|1
5239.0|1|1|1|255|523|9|0|1|12|50|0|50|3|0|2|255|255|0|1|1|1
5247.0|1|1|1|255|524|7|0|1|12|50|0|50|3|0|3|255|255|0|1|1|1
5257.0|1|1|1|255|525|7|0|1|12|50|0|50|3|0|1|255|255|0|1|1|1
5257.0|2|2|2|255|525|7|0|1|12|50|100|50|3|1|0|255|255|0|1|1|1
5258.0|1|1|1|255|525|8|0|1|12|50|100|50|3|0|0|255|255|0|1|1|1
5259.0|2|2|2|255|525|9|0|1|12|50|50|50|3|0|2|255|255|0|1|1|1
5266.0|2|2|2|255|526|6|0|1|12|50|150|50|3|0|3|255|255|0|1|1|1
5269.0|2|2|2|255|526|9|0|1|12|50|150|50|3|0|1|255|255|0|1|1|1
5279.0|2|2|2|255|527|9|0|1|12|50|150|50|3|0|0|255|255|0|1|1|1
5337.0|1|1|1|255|533|7|0|1|12|50|100|50|3|1|0|255|255|0|1|1|1
5339.0|1|1|1|255|533|9|0|1|12|50|0|50|3|0|2|255|255|0|1|1|1
5347.0|1|1|1|255|534|7|0|1|12|50|0|50|3|0|3|255|255|0|1|1|1
5357.0|1|1|1|255|535|7|0|1|12|50|0|50|3|0|1|255|255|0|1|1|1
5357.0|2|2|2|255|535|7|0|1|12|50|100|50|3|1|0|255|255|0|1|1|1
5358.0|1|1|1|255|535|8|0|1|12|50|100|50|3|0|0|255|255|0|1|1|1
5359.0|2|2|2|255|535|9|0|1|12|50|50|50|3|0|2|255|255|0|1|1|1
5366.0|2|2|2|255|536|6|0|1|12|50|150|50|3|0|3|255|255|0|1|1|1
5369.0|2|2|2|255|536|9|0|1|12|50|150|50|3|0|1|255|255|0|1|1|1
5379.0|2|2|2|255|537|9|0|1|12|50|150|50|3|0|0|255|255|0|1|1|1
5437.0|1|1|1|255|543|7|0|1|12|50|100|50|3|1|0|255|255|0|1|1|1
5439.0|1|1|1|255|543|9|0|1|12|50|0|50|3|0|2|255|255|0|1|1|1
5447.0|1|1|1|255|544|7|0|1|12|50|0|50|3|0|3|255|255|0|1|1|1
5457.0|1|1|1|255|545|7|0|1|12|50|0|50|3|0|1|255|255|0|1|1|1
5457.0|2|2|2|255|545|7|0|1|12|50|100|50|3|1|0|255|255|0|1|1|1
5458.0|1|1|1|255|545|8|0|1|12|50|100|50|3|0|0|255|255|0|1|1|1
5459.0|2|2|2|255|545|9|0|1|12|50|50|50|3|0|2|255|255|0|1|1|1
5466.0|2|2|2|255|546|6|0|1|12|50|150|50|3|0|3|255|255|0|1|1|1
5469.0|2|2|2|255|546|9|0|1|12|50|150|50|3|0|1|255|255|0|1|1|1
5479.0|2|2|2|255|547|9|0|1|12|50|150|50|3|0|0|255|255|0|1|1|1
5537.0|1|1|1|255|553|7|0|1|12|50|100|50|3|1|0|255|255|0|1|1|1
5539.0|1|1|1|255|553|9|0|1|12|50|0|50|3|0|2|255|255|0|1|1|1
5547.0|1|1|1|255|554|7|0|1|12|50|0|50|3|0|3|255|255|0|1|1|1
5557.0|1|1|1|255|555|7|0|1|12|50|0|50|3|0|1|255|255|0|1|1|1
5557.0|2|2|2|255|555|7|0|1|12|50|100|50|3|1|0|255|255|0|1|1|1
5558.0|1|1|1|255|555|8|0|1|12|50|100|50|3|0|0|255|255|0|1|1|1
5559.0|2|2|2|255|555|9|0|1|12|50|50|50|3|0|2|255|255|0|1|1|1
5566.0|2|2|2|255|556|6|0|1|12|50|150|50|3|0|3|255|255|0|1|1|1
5569.0|2|2|2|255|556|9|0|1|12|50|150|50|3|0|1|255|255|0|1|1|1
5579.0|2|2|2|255|557|9|0|1|12|50|150|50|3|0|0|255|255|0|1|1|1
5637.0|1|1|1|255|563|7|0|1|12|50|100|50|3|1|0|255|255|0|1|1|1
5639.0|1|1|1|255|563|9|0|1|12|50|0|50|3|0|2|255|255|0|1|1|1
5647.0|1|1|1|255|564|7|0|1|12|50|0|50|3|0|3|255|255|0|1|1|1
5657.0|1|1|1|255|565|7|0|1|12|50|0|50|3|0|1|255|255|0|1|1|1
5657.0|2|2|2|255|565|7|0|1|12|50|100|50|3|1|0|255|255|0|1|1|1
5658.0|1|1|1|255|565|8|0|1|12|50|100|50|3|0|0|255|255|0|1|1|1
5659.0|2|2|2|255|565|9|0|1|12|50|50|50|3|0|2|255|255|0|1|1|1
5666.0|2|2|2|255|566|6|0|1|12|50|150|50|3|0|3|255|255|0|1|1|1
5669.0|2|2|2|255|566|9|0|1|12|50|150|50|3|0|1|255|255|0|1|1|1
5679.0|2|2|2|255|567|9|0|1|12|50|150|50|3|0|0|255|255|0|1|1|1
5737.0|1|1|1|255|573|7|0|1|12|50|100|50|3|1|0|255|255|0|1|1|1
5739.0|1|1|1|255|573|9|0|1|12|50|0|50|3|0|2|255|255|0|1|1|1
5747.0|1|1|1|255|574|7|0|1|12|50|0|50|3|0|3|255|255|0|1|1|1
5757.0|1|1|1|255|575|7|0|1|12|50|0|50|3|0|1|255|255|0|1|1|1
5757.0|2|2|2|255|575|7|0|1|12|50|100|50|3|1|0|255|255|0|1|1|1
5758.0|1|1|1|255|575|8|0|1|12|50|100|50|3|0|0|255|255|0|1|1|1
5759.0|2|2|2|255|575|9|0|1|12|50|50|50|3|0|2|255|255|0|1|1|1
5766.0|2|2|2|255|576|6|0|1|12|50|150|50|3|0|3|255|255|0|1|1|1
5769.0|2|2|2|255|576|9|0|1|12|50|150|50|3|0|1|255|255|0|1|1|1
5779.0|2|2|2|255|577|9|0|1|12|50|150|50|3|0|0|255|255|0|1|1|1
5837.0|1|1|1|255|583|7|0|1|12|50|100|50|3|1|0|255|255|0|1|1|1
5839.0|1|1|1|255|583|9|0|1|12|50|0|50|3|0|2|255|255|0|1|1|1
5847.0|1|1|1|255|584|7|0|1|12|50|0|50|3|0|3|255|255|0|1|1|1
5857.0|1|1|1|255|585|7|0|1|12|50|0|50|3|0|1|255|255|0|1|1|1
5857.0|2|2|2|255|585|7|0|1|12|50|100|50|3|1|0|255|255|0|1|1|1
5858.0|1|1|1|255|585|8|0|1|12|50|100|50|3|0|0|255|255|0|1|1|1
5859.0|2|2|2|255|585|9|0|1|12|50|50|50|3|0|2|255|255|0|1|1|1
5866.0|2|2|2|255|586|6|0|1|12|50|150|50|3|0|3|255|255|0|1|1|1
5869.0|2|2|2|255|586|9|0|1|12|50|150|50|3|0|1|255|255|0|1|1|1
5879.0|2|2|2|255|587|9|0|1|12|50|150|50|3|0|0|255|255|0|1|1|1
5937.0|1|1|1|255|593|7|0|1|12|50|100|50|3|1|0|255|255|0|1|1|1
5939.0|1|1|1|255|593|9|0|1|12|50|0|50|3|0|2|255|255|0|1|1|1
5947.0|1|1|1|255|594|7|0|1|12|50|0|50|3|0|3|255|255|0|1|1|1
5949.0|2|2|2|255|594|9|0|1|12|50|150|50|4|1|0|255|255|0|1|1|1
5957.0|1|1|1|255|595|7|0|1|12|50|0|50|3|0|1|255|255|0|1|1|1
5958.0|1|1|1|255|595|8|0|1|12|50|100|50|3|0|0|255|255|0|1|1|1
5959.0|2|2|2|255|595|9|0|1|12|50|50|50|4|0|2|255|255|0|1|1|1
5967.0|2|2|2|255|596|7|0|1|12|50|100|50|4|0|3|255|255|0|1|1|1
5968.0|2|2|2|255|596|8|0|1|12|50|0|50|4|0|1|255|255|0|1|1|1
5969.0|2|2|2|255|596|9|0|1|12|50|50|50|4|0|0|255|255|0|1|1|1
6037.0|1|1|1|255|603|7|0|1|12|50|100|50|3|1|0|255|255|0|1|1|1
6039.0|1|1|1|255|603|9|0|1|12|50|0|50|3|0|2|255|255|0|1|1|1
6047.0|1|1|1|255|604|7|0|1|12|50|0|50|3|0|3|255|255|0|1|1|1
6049.0|2|2|2|255|604|9|0|1|12|50|150|50|4|1|0|255|255|0|1|1|1
6057.0|1|1|1|255|605|7|0|1|12|50|0|50|3|0|1|255|255|0|1|1|1
6058.0|1|1|1|255|605|8|0|1|12|50|100|50|3|0|0|255|255|0|1|1|1
6059.0|2|2|2|255|605|9|0|1|12|50|50|50|4|0|2|255|255|0|1|1|1
6067.0|2|2|2|255|606|7|0|1|12|50|100|50|4|0|3|255|255|0|1|1|1
6068.0|2|2|2|255|606|8|0|1|12|50|0|50|4|0|1|255|255|0|1|1|1
6069.0|2|2|2|255|606|9|0|1|12|50|50|50|4|0|0|255|255|0|1|1|1
6137.0|1|1|1|255|613|7|0|1|12|50|150|50|4|1|0|255|255|0|1|1|1
6145.0|1|1|1|255|614|5|0|1|12|50|0|50|4|0|2|255|255|0|1|1|1
6146.0|1|1|1|255|614|6|0|1|12|50|100|50|4|0|3|255|255|0|1|1|1
6147.0|1|1|1|255|614|7|0|1|12|50|0|50|4|0|1|255|255|0|1|1|1
6149.0|2|2|2|255|614|9|0|1|12|50|150|50|4|1|0|255|255|0|1|1|1
6157.0|1|1|1|255|615|7|0|1|12|50|50|50|4|0|0|255|255|0|1|1|1
6159.0|2|2|2|255|615|9|0|1|12|50|50|50|4|0|2|255|255|0|1|1|1
6167.0|2|2|2|255|616|7|0|1|12|50|100|50|4|0|3|255|255|0|1|1|1
6168.0|2|2|2|255|616|8|0|1|12|50|0|50|4|0|1|255|255|0|1|1|1
6169.0|2|2|2|255|616|9|0|1|12|50|50|50|4|0|0|255|255|0|1|1|1
6237.0|1|1|1|255|623|7|0|1|12|50|150|50|4|1|0|255|255|0|1|1|1
6245.0|1|1|1|255|624|5|0|1|12|50|0|50|4|0|2|255|255|0|1|1|1
6246.0|1|1|1|255|624|6|0|1|12|50|100|50|4|0|3|255|255|0|1|1|1
6247.0|1|1|1|255|624|7|0|1|12|50|0|50|4|0|1|255|255|0|1|1|1
6249.0|2|2|2|255|624|9|0|1|12|50|150|50|4|1|0|255|255|0|1|1|1
6257.0|1|1|1|255|625|7|0|1|12|50|50|50|4|0|0|255|255|0|1|1|1
6259.0|2|2|2|255|625|9|0|1|12|50|50|50|4|0|2|255|255|0|1|1|1
6267.0|2|2|2|255|626|7|0|1|12|50|100|50|4|0|3|255|255|0|1|1|1
6268.0|2|2|2|255|626|8|0|1|12|50|0|50|4|0|1|255|255|0|1|1|1
6269.0|2|2|2|255|626|9|0|1|12|50|50|50|4|0|0|255|255|0|1|1|1
6337.0|1|1|1|255|633|7|0|1|12|50|150|50|4|1|0|255|255|0|1|1|1
6345.0|1|1|1|255|634|5|0|1|12|50|0|50|4|0|2|255|255|0|1|1|1
6346.0|1|1|1|255|634|6|0|1|12|50|100|50|4|0|3|255|255|0|1|1|1
6347.0|1|1|1|255|634|7|0|1|12|50|0|50|4|0|1|255|255|0|1|1|1
6349.0|2|2|2|255|634|9|0|1|12|50|150|50|4|1|0|255|255|0|1|1|1
6357.0|1|1|1|255|635|7|0|1|12|50|50|50|4|0|0|255|255|0|1|1|1
6359.0|2|2|2|255|635|9|0|1|12|50|50|50|4|0|2|255|255|0|1|1|1
6367.0|2|2|2|255|636|7|0|1|12|50|100|50|4|0|3|255|255|0|1|1|1
6368.0|2|2|2|255|636|8|0|1|12|50|0|50|4|0|1|255|255|0|1|1|1
6369.0|2|2|2|255|636|9|0|1|12|50|50|50|4|0|0|255|255|0|1|1|1
6437.0|1|1|1|255|643|7|0|1|12|50|150|50|4|1|0|255|255|0|1|1|1
6445.0|1|1|1|255|644|5|0|1|12|50|0|50|4|0|2|255|255|0|1|1|1
6446.0|1|1|1|255|644|6|0|1|12|50|100|50|4|0|3|255|255|0|1|1|1
6447.0|1|1|1|255|644|7|0|1|12|50|0|50|4|0|1|255|255|0|1|1|1
6449.0|2|2|2|255|644|9|0|1|12|50|150|50|4|1|0|255|255|0|1|1|1
6457.0|1|1|1|255|645|7|0|1|12|50|50|50|4|0|0|255|255|0|1|1|1
6459.0|2|2|2|255|645|9|0|1|12|50|50|50|4|0|2|255|255|0|1|1|1
6467.0|2|2|2|255|646|7|0|1|12|50|100|50|4|0|3|255|255|0|1|1|1
6468.0|2|2|2|255|646|8|0|1|12|50|0|50|4|0|1|255|255|0|1|1|1
6469.0|2|2|2|255|646|9|0|1|12|50|50|50|4|0|0|255|255|0|1|1|1
6537.0|1|1|1|255|653|7|0|1|12|50|150|50|4|1|0|255|255|0|1|1|1
6545.0|1|1|1|255|654|5|0|1|12|50|0|50|4|0|2|255|255|0|1|1|1
6546.0|1|1|1|255|654|6|0|1|12|50|100|50|4|0|3|255|255|0|1|1|1
6547.0|1|1|1|255|654|7|0|1|12|50|0|50|4|0|1|255|255|0|1|1|1
6549.0|2|2|2|255|654|9|0|1|12|50|150|50|4|1|0|255|255|0|1|1|1
6557.0|1|1|1|255|655|7|0|1|12|50|50|50|4|0|0|255|255|0|1|1|1
6559.0|2|2|2|255|655|9|0|1|12|50|50|50|4|0|2|255|255|0|1|1|1
6567.0|2|2|2|255|656|7|0|1|12|50|100|50|4|0|3|255|255|0|1|1|1
6568.0|2|2|2|255|656|8|0|1|12|50|0|50|4|0|1|255|255|0|1|1|1
6569.0|2|2|2|255|656|9|0|1|12|50|50|50|4|0|0|255|255|0|1|1|1
6637.0|1|1|1|255|663|7|0|1|12|50|150|50|4|1|0|255|255|0|1|1|1
6645.0|1|1|1|255|664|5|0|1|12|50|0|50|4|0|2|255|255|0|1|1|1
6646.0|1|1|1|255|664|6|0|1|12|50|100|50|4|0|3|255|255|0|1|1|1
6647.0|1|1|1|255|664|7|0|1|12|50|0|50|4|0|1|255|255|0|1|1|1
6657.0|1|1|1|255|665|7|0|1|12|50|50|50|4|0|0|255|255|0|1|1|1
6657.0|2|2|2|255|665|7|0|1|12|50|100|50|5|1|0|255|255|0|1|1|1
6664.0|2|2|2|255|666|4|0|1|12|50|100|50|5|0|2|255|255|0|1|1|1
6666.0|2|2|2|255|666|6|0|1|12|50|50|50|5|0|3|255|255|0|1|1|1
6668.0|2|2|2|255|666|8|0|1|12|50|0|50|5|0|1|255|255|0|1|1|1
6669.0|2|2|2|255|666|9|0|1|12|50|100|50|5|0|0|255|255|0|1|1|1
6737.0|1|1|1|255|673|7|0|1|12|50|150|50|4|1|0|255|255|0|1|1|1
6745.0|1|1|1|255|674|5|0|1|12|50|0|50|4|0|2|255|255|0|1|1|1
6746.0|1|1|1|255|674|6|0|1|12|50|100|50|4|0|3|255|255|0|1|1|1
6747.0|1|1|1|255|674|7|0|1|12|50|0|50|4|0|1|255|255|0|1|1|1
6757.0|1|1|1|255|675|7|0|1|12|50|50|50|4|0|0|255|255|0|1|1|1
6757.0|2|2|2|255|675|7|0|1|12|50|100|50|5|1|0|255|255|0|1|1|1
6764.0|2|2|2|255|676|4|0|1|12|50|100|50|5|0|2|255|255|0|1|1|1
6766.0|2|2|2|255|676|6|0|1|12|50|50|50|5|0|3|255|255|0|1|1|1
6768.0|2|2|2|255|676|8|0|1|12|50|0|50|5|0|1|255|255|0|1|1|1
6769.0|2|2|2|255|676|9|0|1|12|50|100|50|5|0|0|255|255|0|1|1|1
6837.0|1|1|1|255|683|7|0|1|12|50|150|50|4|1|0|255|255|0|1|1|1
6845.0|1|1|1|255|684|5|0|1|12|50|0|50|4|0|2|255|255|0|1|1|1
6846.0|1|1|1|255|684|6|0|1|12|50|100|50|4|0|3|255|255|0|1|1|1
6847.0|1|1|1|255|684|7|0|1|12|50|0|50|4|0|1|255|255|0|1|1|1
6857.0|1|1|1|255|685|7|0|1|12|50|50|50|4|0|0|255|255|0|1|1|1
6857.0|2|2|2|255|685|7|0|1|12|50|100|50|5|1|0|255|255|0|1|1|1
6864.0|2|2|2|255|686|4|0|1|12|50|100|50|5|0|2|255|255|0|1|1|1
6866.0|2|2|2|255|686|6|0|1|12|50|50|50|5|0|3|255|255|0|1|1|1
6868.0|2|2|2|255|686|8|0|1|12|50|0|50|5|0|1|255|255|0|1|1|1
6869.0|2|2|2|255|686|9|0|1|12|50|100|50|5|0|0|255|255|0|1|1|1
6944.0|1|1|1|255|694|4|0|1|12|50|100|50|5|1|0|255|255|0|1|1|1
6945.0|1|1|1|255|694|5|0|1|12|50|150|50|5|0|2|255|255|0|1|1|1
6947.0|1|1|1|255|694|7|0|1|12|50|150|50|5|0|3|255|255|0|1|1|1
6949.0|1|1|1|255|694|9|0|1|12|50|150|50|5|0|1|255|255|0|1|1|1
6957.0|2|2|2|255|695|7|0|1|12|50|100|50|5|1|0|255|255|0|1|1|1
6959.0|1|1|1|255|695|9|0|1|12|50|150|50|5|0|0|255|255|0|1|1|1
6964.0|2|2|2|255|696|4|0|1|12|50|100|50|5|0|2|255|255|0|1|1|1
6966.0|2|2|2|255|696|6|0|1|12|50|50|50|5|0|3|255|255|0|1|1|1
6968.0|2|2|2|255|696|8|0|1|12|50|0|50|5|0|1|255|255|0|1|1|1
6969.0|2|2|2|255|696|9|0|1|12|50|100|50|5|0|0|255|255|0|1|1|1
7044.0|1|1|1|255|704|4|0|1|12|50|100|50|5|1|0|255|255|0|1|1|1
7045.0|1|1|1|255|704|5|0|1|12|50|150|50|5|0|2|255|255|0|1|1|1
7047.0|1|1|1|255|704|7|0|1|12|50|150|50|5|0|3|255|255|0|1|1|1
7049.0|1|1|1|255|704|9|0|1|12|50|150|50|5|0|1|255|255|0|1|1|1
7057.0|2|2|2|255|705|7|0|1|12|50|100|50|5|1|0|255|255|0|1|1|1
7059.0|1|1|1|255|705|9|0|1|12|50|150|50|5|0|0|255|255|0|1|1|1
7064.0|2|2|2|255|706|4|0|1|12|50|100|50|5|0|2|255|255|0|1|1|1
7066.0|2|2|2|255|706|6|0|1|12|50|50|50|5|0|3|255|255|0|1|1|1
7068.0|2|2|2|255|706|8|0|1|12|50|0|50|5|0|1|255|255|0|1|1|1
7069.0|2|2|2|255|706|9|0|1|12|50|100|50|5|0|0|255|255|0|1|1|1
7144.0|1|1|1|255|714|4|0|1|12|50|100|50|5|1|0|255|255|0|1|1|1
7145.0|1|1|1|255|714|5|0|1|12|50|150|50|5|0|2|255|255|0|1|1|1
7147.0|1|1|1|255|714|7|0|1|12|50|150|50|5|0|3|255|255|0|1|1|1
7149.0|1|1|1|255|714|9|0|1|12|50|150|50|5|0|1|255|255|0|1|1|1
7157.0|2|2|2|255|715|7|0|1|12|50|100|50|5|1|0|255|255|0|1|1|1
7159.0|1|1|1|255|715|9|0|1|12|50|150|50|5|0|0|255|255|0|1|1|1
7164.0|2|2|2|255|716|4|0|1|12|50|100|50|5|0|2|255|255|0|1|1|1
7166.0|2|2|2|255|716|6|0|1|12|50|50|50|5|0|3|255|255|0|1|1|1
7168.0|2|2|2|255|716|8|0|1|12|50|0|50|5|0|1|255|255|0|1|1|1
7169.0|2|2|2|255|716|9|0|1|12|50|100|50|5|0|0|255|255|0|1|1|1
7244.0|1|1|1|255|724|4|0|1|12|50|100|50|5|1|0|255|255|0|1|1|1
7245.0|1|1|1|255|724|5|0|1|12|50|150|50|5|0|2|255|255|0|1|1|1
7247.0|1|1|1|255|724|7|0|1|12|50|150|50|5|0|3|255|255|0|1|1|1
7249.0|1|1|1|255|724|9|0|1|12|50|150|50|5|0|1|255|255|0|1|1|1
7258.0|2|2|2|255|725|8|0|1|12|50|50|50|6|1|0|255|255|0|1|1|1
7259.0|1|1|1|255|725|9|0|1|12|50|150|50|5|0|0|255|255|0|1|1|1
7264.0|2|2|2|255|726|4|0|1|12|50|150|50|6|0|2|255|255|0|1|1|1
7265.0|2|2|2|255|726|5|0|1|12|50|0|50|6|0|3|255|255|0|1|1|1
7267.0|2|2|2|255|726|7|0|1|12|50|100|50|6|0|1|255|255|0|1|1|1
7279.0|2|2|2|255|727|9|0|1|12|50|100|50|6|0|0|255|255|0|1|1|1
7344.0|1|1|1|255|734|4|0|1|12|50|100|50|5|1|0|255|255|0|1|1|1
7345.0|1|1|1|255|734|5|0|1|12|50|150|50|5|0|2|255|255|0|1|1|1
7347.0|1|1|1|255|734|7|0|1|12|50|150|50|5|0|3|255|255|0|1|1|1
7349.0|1|1|1|255|734|9|0|1|12|50|150|50|5|0|1|255|255|0|1|1|1
7358.0|2|2|2|255|735|8|0|1|12|50|50|50|6|1|0|255|255|0|1|1|1
7359.0|1|1|1|255|735|9|0|1|12|50|150|50|5|0|0|255|255|0|1|1|1
7364.0|2|2|2|255|736|4|0|1|12|50|150|50|6|0|2|255|255|0|1|1|1
7365.0|2|2|2|255|736|5|0|1|12|50|0|50|6|0|3|255|255|0|1|1|1
7367.0|2|2|2|255|736|7|0|1|12|50|100|50|6|0|1|255|255|0|1|1|1
7379.0|2|2|2|255|737|9|0|1|12|50|100|50|6|0|0|255|255|0|1|1|1
7444.0|1|1|1|255|744|4|0|1|12|50|100|50|5|1|0|255|255|0|1|1|1
7445.0|1|1|1|255|744|5|0|1|12|50|150|50|5|0|2|255|255|0|1|1|1
7447.0|1|1|1|255|744|7|0|1|12|50|150|50|5|0|3|255|255|0|1|1|1
7449.0|1|1|1|255|744|9|0|1|12|50|150|50|5|0|1|255|255|0|1|1|1
7458.0|2|2|2|255|745|8|0|1|12|50|50|50|6|1|0|255|255|0|1|1|1
7459.0|1|1|1|255|745|9|0|1|12|50|150|50|5|0|0|255|255|0|1|1|1
7464.0|2|2|2|255|746|4|0|1|12|50|150|50|6|0|2|255|255|0|1|1|1
7465.0|2|2|2|255|746|5|0|1|12|50|0|50|6|0|3|255|255|0|1|1|1
7467.0|2|2|2|255|746|7|0|1|12|50|100|50|6|0|1|255|255|0|1|1|1
7479.0|2|2|2|255|747|9|0|1|12|50|100|50|6|0|0|255|255|0|1|1|1
7544.0|1|1|1|255|754|4|0|1|12|50|100|50|5|1|0|255|255|0|1|1|1
7545.0|1|1|1|255|754|5|0|1|12|50|150|50|5|0|2|255|255|0|1|1|1
7547.0|1|1|1|255|754|7|0|1|12|50|150|50|5|0|3|255|255|0|1|1|1
7549.0|1|1|1|255|754|9|0|1|12|50|150|50|5|0|1|255|255|0|1|1|1
7558.0|2|2|2|255|755|8|0|1|12|50|50|50|6|1|0|255|255|0|1|1|1
7559.0|1|1|1|255|755|9|0|1|12|50|150|50|5|0|0|255|255|0|1|1|1
7564.0|2|2|2|255|756|4|0|1|12|50|150|50|6|0|2|255|255|0|1|1|1
7565.0|2|2|2|255|756|5|0|1|12|50|0|50|6|0|3|255|255|0|1|1|1
7567.0|2|2|2|255|756|7|0|1|12|50|100|50|6|0|1|255|255|0|1|1|1
7579.0|2|2|2|255|757|9|0|1|12|50|100|50|6|0|0|255|255|0|1|1|1
7644.0|1|1|1|255|764|4|0|1|12|50|100|50|5|1|0|255|255|0|1|1|1
7645.0|1|1|1|255|764|5|0|1|12|50|150|50|5|0|2|255|255|0|1|1|1
7647.0|1|1|1|255|764|7|0|1|12|50|150|50|5|0|3|255|255|0|1|1|1
7649.0|1|1|1|255|764|9|0|1|12|50|150|50|5|0|1|255|255|0|1|1|1
7658.0|2|2|2|255|765|8|0|1|12|50|50|50|6|1|0|255|255|0|1|1|1
7659.0|1|1|1|255|765|9|0|1|12|50|150|50|5|0|0|255|255|0|1|1|1
7664.0|2|2|2|255|766|4|0|1|12|50|150|50|6|0|2|255|255|0|1|1|1
7665.0|2|2|2|255|766|5|0|1|12|50|0|50|6|0|3|255|255|0|1|1|1
7667.0|2|2|2|255|766|7|0|1|12|50|100|50|6|0|1|255|255|0|1|1|1
7679.0|2|2|2|255|767|9|0|1|12|50|100|50|6|0|0|255|255|0|1|1|1
7744.0|1|1|1|255|774|4|0|1|12|50|100|50|5|1|0|255|255|0|1|1|1
7745.0|1|1|1|255|774|5|0|1|12|50|150|50|5|0|2|255|255|0|1|1|1
7747.0|1|1|1|255|774|7|0|1|12|50|150|50|5|0|3|255|255|0|1|1|1
7749.0|1|1|1|255|774|9|0|1|12|50|150|50|5|0|1|255|255|0|1|1|1
7758.0|2|2|2|255|775|8|0|1|12|50|50|50|6|1|0|255|255|0|1|1|1
7759.0|1|1|1|255|775|9|0|1|12|50|150|50|5|0|0|255|255|0|1|1|1
7764.0|2|2|2|255|776|4|0|1|12|50|150|50|6|0|2|255|255|0|1|1|1
7765.0|2|2|2|255|776|5|0|1|12|50|0|50|6|0|3|255|255|0|1|1|1
7767.0|2|2|2|255|776|7|0|1|12|50|100|50|6|0|1|255|255|0|1|1|1
7779.0|2|2|2|255|777|9|0|1|12|50|100|50|6|0|0|255|255|0|1|1|1
7844.0|1|1|1|255|784|4|0|1|12|50|100|50|5|1|0|255|255|0|1|1|1
7845.0|1|1|1|255|784|5|0|1|12|50|150|50|5|0|2|255|255|0|1|1|1
7847.0|1|1|1|255|784|7|0|1|12|50|150|50|5|0|3|255|255|0|1|1|1
7849.0|1|1|1|255|784|9|0|1|12|50|150|50|5|0|1|255|255|0|1|1|1
7858.0|2|2|2|255|785|8|0|1|12|50|50|50|6|1|0|255|255|0|1|1|1
7859.0|1|1|1|255|785|9|0|1|12|50|150|50|5|0|0|255|255|0|1|1|1
7864.0|2|2|2|255|786|4|0|1|12|50|150|50|6|0|2|255|255|0|1|1|1
7865.0|2|2|2|255|786|5|0|1|12|50|0|50|6|0|3|255|255|0|1|1|1
7867.0|2|2|2|255|786|7|0|1|12|50|100|50|6|0|1|255|255|0|1|1|1
7879.0|2|2|2|255|787|9|0|1|12|50|100|50|6|0|0|255|255|0|1|1|1
7944.0|1|1|1|255|794|4|0|1|12|50|100|50|5|1|0|255|255|0|1|1|1
7945.0|1|1|1|255|794|5|0|1|12|50|150|50|5|0|2|255|255|0|1|1|1
7947.0|1|1|1|255|794|7|0|1|12|50|150|50|5|0|3|255|255|0|1|1|1
7949.0|1|1|1|255|794|9|0|1|12|50|150|50|5|0|1|255|255|0|1|1|1
7949.0|2|2|2|255|794|9|0|1|12|50|100|50|7|1|0|255|255|0|1|1|1
7959.0|1|1|1|255|795|9|0|1|12|50|150|50|5|0|0|255|255|0|1|1|1
7959.0|2|2|2|255|795|9|0|1|12|50|150|50|7|0|2|255|255|0|1|1|1
7964.0|2|2|2|255|796|4|0|1|12|50|100|50|7|0|3|255|255|0|1|1|1
7965.0|2|2|2|255|796|5|0|1|12|50|150|50|7|0|1|255|255|0|1|1|1
7966.0|2|2|2|255|796|6|0|1|12|50|100|50|7|0|0|255|255|0|1|1|1
8044.0|1|1|1|255|804|4|0|1|12|50|100|50|5|1|0|255|255|0|1|1|1
8045.0|1|1|1|255|804|5|0|1|12|50|150|50|5|0|2|255|255|0|1|1|1
8047.0|1|1|1|255|804|7|0|1|12|50|150|50|5|0|3|255|255|0|1|1|1
8049.0|1|1|1|255|804|9|0|1|12|50|150|50|5|0|1|255|255|0|1|1|1
8049.0|2|2|2|255|804|9|0|1|12|50|100|50|7|1|0|255|255|0|1|1|1
8059.0|1|1|1|255|805|9|0|1|12|50|150|50|5|0|0|255|255|0|1|1|1
8059.0|2|2|2|255|805|9|0|1|12|50|150|50|7|0|2|255|255|0|1|1|1
8064.0|2|2|2|255|806|4|0|1|12|50|100|50|7|0|3|255|255|0|1|1|1
8065.0|2|2|2|255|806|5|0|1|12|50|150|50|7|0|1|255|255|0|1|1|1
8066.0|2|2|2|255|806|6|0|1|12|50|100|50|7|0|0|255|255|0|1|1|1
8144.0|1|1|1|255|814|4|0|1|12|50|100|50|5|1|0|255|255|0|1|1|1
8145.0|1|1|1|255|814|5|0|1|12|50|150|50|5|0|2|255|255|0|1|1|1
8147.0|1|1|1|255|814|7|0|1|12|50|150|50|5|0|3|255|255|0|1|1|1
8149.0|1|1|1|255|814|9|0|1|12|50|150|50|5|0|1|255|255|0|1|1|1
8149.0|2|2|2|255|814|9|0|1|12|50|100|50|7|1|0|255|255|0|1|1|1
8159.0|1|1|1|255|815|9|0|1|12|50|150|50|5|0|0|255|255|0|1|1|1
8159.0|2|2|2|255|815|9|0|1|12|50|150|50|7|0|2|255|255|0|1|1|1
8164.0|2|2|2|255|816|4|0|1|12|50|100|50|7|0|3|255|255|0|1|1|1
8165.0|2|2|2|255|816|5|0|1|12|50|150|50|7|0|1|255|255|0|1|1|1
8166.0|2|2|2|255|816|6|0|1|12|50|100|50|7|0|0|255|255|0|1|1|1
8239.0|1|1|1|255|823|9|0|1|12|50|50|50|6|1|0|255|255|0|1|1|1
8244.0|1|1|1|255|824|4|0|1|12|50|50|50|6|0|2|255|255|0|1|1|1
8248.0|1|1|1|255|824|8|0|1|12|50|100|50|6|0|3|255|255|0|1|1|1
8249.0|1|1|1|255|824|9|0|1|12|50|50|50|6|0|1|255|255|0|1|1|1
8249.0|2|2|2|255|824|9|0|1|12|50|100|50|7|1|0|255|255|0|1|1|1
8257.0|1|1|1|255|825|7|0|1|12|50|150|50|6|0|0|255|255|0|1|1|1
8259.0|2|2|2|255|825|9|0|1|12|50|150|50|7|0|2|255|255|0|1|1|1
8264.0|2|2|2|255|826|4|0|1|12|50|100|50|7|0|3|255|255|0|1|1|1
8265.0|2|2|2|255|826|5|0|1|12|50|150|50|7|0|1|255|255|0|1|1|1
8266.0|2|2|2|255|826|6|0|1|12|50|100|50|7|0|0|255|255|0|1|1|1
8339.0|1|1|1|255|833|9|0|1|12|50|50|50|6|1|0|255|255|0|1|1|1
8344.0|1|1|1|255|834|4|0|1|12|50|50|50|6|0|2|255|255|0|1|1|1
8348.0|1|1|1|255|834|8|0|1|12|50|100|50|6|0|3|255|255|0|1|1|1
8349.0|1|1|1|255|834|9|0|1|12|50|50|50|6|0|1|255|255|0|1|1|1
8349.0|2|2|2|255|834|9|0|1|12|50|100|50|7|1|0|255|255|0|1|1|1
8357.0|1|1|1|255|835|7|0|1|12|50|150|50|6|0|0|255|255|0|1|1|1
8359.0|2|2|2|255|835|9|0|1|12|50|150|50|7|0|2|255|255|0|1|1|1
8364.0|2|2|2|255|836|4|0|1|12|50|100|50|7|0|3|255|255|0|1|1|1
8365.0|2|2|2|255|836|5|0|1|12|50|150|50|7|0|1|255|255|0|1|1|1
8366.0|2|2|2|255|836|6|0|1|12|50|100|50|7|0|0|255|255|0|1|1|1
8439.0|1|1|1|255|843|9|0|1|12|50|50|50|6|1|0|255|255|0|1|1|1
8444.0|1|1|1|255|844|4|0|1|12|50|50|50|6|0|2|255|255|0|1|1|1
8448.0|1|1|1|255|844|8|0|1|12|50|100|50|6|0|3|255|255|0|1|1|1
8449.0|1|1|1|255|844|9|0|1|12|50|50|50|6|0|1|255|255|0|1|1|1
8449.0|2|2|2|255|844|9|0|1|12|50|100|50|7|1|0|255|255|0|1|1|1
8457.0|1|1|1|255|845|7|0|1|12|50|150|50|6|0|0|255|255|0|1|1|1
8459.0|2|2|2|255|845|9|0|1|12|50|150|50|7|0|2|255|255|0|1|1|1
8464.0|2|2|2|255|846|4|0|1|12|50|100|50|7|0|3|255|255|0|1|1|1
8465.0|2|2|2|255|846|5|0|1|12|50|150|50|7|0|1|255|255|0|1|1|1
8466.0|2|2|2|255|846|6|0|1|12|50|100|50|7|0|0|255|255|0|1|1|1
8539.0|1|1|1|255|853|9|0|1|12|50|50|50|6|1|0|255|255|0|1|1|1
8544.0|1|1|1|255|854|4|0|1|12|50|50|50|6|0|2|255|255|0|1|1|1
8548.0|1|1|1|255|854|8|0|1|12|50|100|50|6|0|3|255|255|0|1|1|1
8549.0|1|1|1|255|854|9|0|1|12|50|50|50|6|0|1|255|255|0|1|1|1
8549.0|2|2|2|255|854|9|0|1|12|50|100|50|8|1|0|255|255|0|1|1|1
8557.0|1|1|1|255|855|7|0|1|12|50|150|50|6|0|0|255|255|0|1|1|1
8559.0|2|2|2|255|855|9|0|1|12|50|50|50|8|0|2|255|255|0|1|1|1
8567.0|2|2|2|255|856|7|0|1|12|50|0|50|8|0|3|255|255|0|1|1|1
8578.0|2|2|2|255|857|8|0|1|12|50|100|50|8|0|1|255|255|0|1|1|1
8579.0|2|2|2|255|857|9|0|1|12|50|100|50|8|0|0|255|255|0|1|1|1
8639.0|1|1|1|255|863|9|0|1|12|50|50|50|6|1|0|255|255|0|1|1|1
8644.0|1|1|1|255|864|4|0|1|12|50|50|50|6|0|2|255|255|0|1|1|1
8648.0|1|1|1|255|864|8|0|1|12|50|100|50|6|0|3|255|255|0|1|1|1
8649.0|1|1|1|255|864|9|0|1|12|50|50|50|6|0|1|255|255|0|1|1|1
8649.0|2|2|2|255|864|9|0|1|12|50|100|50|8|1|0|255|255|0|1|1|1
8657.0|1|1|1|255|865|7|0|1|12|50|150|50|6|0|0|255|255|0|1|1|1
8659.0|2|2|2|255|865|9|0|1|12|50|50|50|8|0|2|255|255|0|1|1|1
8667.0|2|2|2|255|866|7|0|1|12|50|0|50|8|0|3|255|255|0|1|1|1
8678.0|2|2|2|255|867|8|0|1|12|50|100|50|8|0|1|255|255|0|1|1|1
8679.0|2|2|2|255|867|9|0|1|12|50|100|50|8|0|0|255|255|0|1|1|1
8739.0|1|1|1|255|873|9|0|1|12|50|50|50|6|1|0|255|255|0|1|1|1
8744.0|1|1|1|255|874|4|0|1|12|50|50|50|6|0|2|255|255|0|1|1|1
8748.0|1|1|1|255|874|8|0|1|12|50|100|50|6|0|3|255|255|0|1|1|1
8749.0|1|1|1|255|874|9|0|1|12|50|50|50|6|0|1|255|255|0|1|1|1
8749.0|2|2|2|255|874|9|0|1|12|50|100|50|8|1|0|255|255|0|1|1|1
8757.0|1|1|1|255|875|7|0|1|12|50|150|50|6|0|0|255|255|0|1|1|1
8759.0|2|2|2|255|875|9|0|1|12|50|50|50|8|0|2|255|255|0|1|1|1
8767.0|2|2|2|255|876|7|0|1|12|50|0|50|8|0|3|255|255|0|1|1|1
8778.0|2|2|2|255|877|8|0|1|12|50|100|50|8|0|1|255|255|0|1|1|1
8779.0|2|2|2|255|877|9|0|1|12|50|100|50|8|0|0|255|255|0|1|1|1
8839.0|1|1|1|255|883|9|0|1|12|50|50|50|6|1|0|255|255|0|1|1|1
8844.0|1|1|1|255|884|4|0|1|12|50|50|50|6|0|2|255|255|0|1|1|1
8848.0|1|1|1|255|884|8|0|1|12|50|100|50|6|0|3|255|255|0|1|1|1
8849.0|1|1|1|255|884|9|0|1|12|50|50|50|6|0|1|255|255|0|1|1|1
8849.0|2|2|2|255|884|9|0|1|12|50|100|50|8|1|0|255|255|0|1|1|1
8857.0|1|1|1|255|885|7|0|1|12|50|150|50|6|0|0|255|255|0|1|1|1
8859.0|2|2|2|255|885|9|0|1|12|50|50|50|8|0|2|255|255|0|1|1|1
8867.0|2|2|2|255|886|7|0|1|12|50|0|50|8|0|3|255|255|0|1|1|1
8878.0|2|2|2|255|887|8|0|1|12|50|100|50|8|0|1|255|255|0|1|1|1
8879.0|2|2|2|255|887|9|0|1|12|50|100|50|8|0|0|255|255|0|1|1|1
8939.0|1|1|1|255|893|9|0|1|12|50|50|50|6|1|0|255|255|0|1|1|1
8944.0|1|1|1|255|894|4|0|1|12|50|50|50|6|0|2|255|255|0|1|1|1
8948.0|1|1|1|255|894|8|0|1|12|50|100|50|6|0|3|255|255|0|1|1|1
8949.0|1|1|1|255|894|9|0|1|12|50|50|50|6|0|1|255|255|0|1|1|1
8949.0|2|2|2|255|894|9|0|1|12|50|100|50|8|1|0|255|255|0|1|1|1
8957.0|1|1|1|255|895|7|0|1|12|50|150|50|6|0|0|255|255|0|1|1|1
8959.0|2|2|2|255|895|9|0|1|12|50|50|50|8|0|2|255|255|0|1|1|1
8967.0|2|2|2|255|896|7|0|1|12|50|0|50|8|0|3|255|255|0|1|1|1
8978.0|2|2|2|255|897|8|0|1|12|50|100|50|8|0|1|255|255|0|1|1|1
8979.0|2|2|2|255|897|9|0|1|12|50|100|50|8|0|0|255|255|0|1|1|1
9039.0|1|1|1|255|903|9|0|1|12|50|50|50|6|1|0|255|255|0|1|1|1
9044.0|1|1|1|255|904|4|0|1|12|50|50|50|6|0|2|255|255|0|1|1|1
9048.0|1|1|1|255|904|8|0|1|12|50|100|50|6|0|3|255|255|0|1|1|1
9049.0|1|1|1|255|904|9|0|1|12|50|50|50|6|0|1|255|255|0|1|1|1
9049.0|2|2|2|255|904|9|0|1|12|50|100|50|8|1|0|255|255|0|1|1|1
9057.0|1|1|1|255|905|7|0|1|12|50|150|50|6|0|0|255|255|0|1|1|1
9059.0|2|2|2|255|905|9|0|1|12|50|50|50|8|0|2|255|255|0|1|1|1
9067.0|2|2|2|255|906|7|0|1|12|50|0|50|8|0|3|255|255|0|1|1|1
9078.0|2|2|2|255|907|8|0|1|12|50|100|50|8|0|1|255|255|0|1|1|1
9079.0|2|2|2|255|907|9|0|1|12|50|100|50|8|0|0|255|255|0|1|1|1
9139.0|1|1|1|255|913|9|0|1|12|50|50|50|6|1|0|255|255|0|1|1|1
9144.0|1|1|1|255|914|4|0|1|12|50|50|50|6|0|2|255|255|0|1|1|1
9148.0|1|1|1|255|914|8|0|1|12|50|100|50|6|0|3|255|255|0|1|1|1
9149.0|1|1|1|255|914|9|0|1|12|50|50|50|6|0|1|255|255|0|1|1|1
9149.0|2|2|2|255|914|9|0|1|12|50|100|50|8|1|0|255|255|0|1|1|1
9157.0|1|1|1|255|915|7|0|1|12|50|150|50|6|0|0|255|255|0|1|1|1
9159.0|2|2|2|255|915|9|0|1|12|50|50|50|8|0|2|255|255|0|1|1|1
9167.0|2|2|2|255|916|7|0|1|12|50|0|50|8|0|3|255|255|0|1|1|1
9178.0|2|2|2|255|917|8|0|1|12|50|100|50|8|0|1|255|255|0|1|1|1
9179.0|2|2|2|255|917|9|0|1|12|50|100|50|8|0|0|255|255|0|1|1|1
9239.0|1|1|1|255|923|9|0|1|12|50|50|50|6|1|0|255|255|0|1|1|1
9244.0|1|1|1|255|924|4|0|1|12|50|50|50|6|0|2|255|255|0|1|1|1
9248.0|1|1|1|255|924|8|0|1|12|50|100|50|6|0|3|255|255|0|1|1|1
9249.0|1|1|1|255|924|9|0|1|12|50|50|50|6|0|1|255|255|0|1|1|1
9249.0|2|2|2|255|924|9|0|1|12|50|100|50|8|1|0|255|255|0|1|1|1
9257.0|1|1|1|255|925|7|0|1|12|50|150|50|6|0|0|255|255|0|1|1|1
9259.0|2|2|2|255|925|9|0|1|12|50|50|50|8|0|2|255|255|0|1|1|1
9267.0|2|2|2|255|926|7|0|1|12|50|0|50|8|0|3|255|255|0|1|1|1
9278.0|2|2|2|255|927|8|0|1|12|50|100|50|8|0|1|255|255|0|1|1|1
9279.0|2|2|2|255|927|9|0|1|12|50|100|50|8|0|0|255|255|0|1|1|1
9339.0|1|1|1|255|933|9|0|1|12|50|0|50|7|1|0|255|255|0|1|1|1
9344.0|1|1|1|255|934|4|0|1|12|50|0|50|7|0|2|255|255|0|1|1|1
9348.0|1|1|1|255|934|8|0|1|12|50|0|50|7|0|3|255|255|0|1|1|1
9357.0|1|1|1|255|935|7|0|1|12|50|0|50|7|0|1|255|255|0|1|1|1
9358.0|2|2|2|255|935|8|0|1|12|50|100|50|9|1|0|255|255|0|1|1|1
9359.0|1|1|1|255|935|9|0|1|12|50|150|50|7|0|0|255|255|0|1|1|1
9366.0|2|2|2|255|936|6|0|1|12|50|150|50|9|0|2|255|255|0|1|1|1
9367.0|2|2|2|255|936|7|0|1|12|50|150|50|9|0|3|255|255|0|1|1|1
9377.0|2|2|2|255|937|7|0|1|12|50|50|50|9|0|1|255|255|0|1|1|1
9379.0|2|2|2|255|937|9|0|1|12|50|150|50|9|0|0|255|255|0|1|1|1
9439.0|1|1|1|255|943|9|0|1|12|50|0|50|7|1|0|255|255|0|1|1|1
9444.0|1|1|1|255|944|4|0|1|12|50|0|50|7|0|2|255|255|0|1|1|1
9448.0|1|1|1|255|944|8|0|1|12|50|0|50|7|0|3|255|255|0|1|1|1
9457.0|1|1|1|255|945|7|0|1|12|50|0|50|7|0|1|255|255|0|1|1|1
9458.0|2|2|2|255|945|8|0|1|12|50|100|50|9|1|0|255|255|0|1|1|1
9459.0|1|1|1|255|945|9|0|1|12|50|150|50|7|0|0|255|255|0|1|1|1
9466.0|2|2|2|255|946|6|0|1|12|50|150|50|9|0|2|255|255|0|1|1|1
9467.0|2|2|2|255|946|7|0|1|12|50|150|50|9|0|3|255|255|0|1|1|1
9477.0|2|2|2|255|947|7|0|1|12|50|50|50|9|0|1|255|255|0|1|1|1
9479.0|2|2|2|255|947|9|0|1|12|50|150|50|9|0|0|255|255|0|1|1|1
9539.0|1|1|1|255|953|9|0|1|12|50|0|50|7|1|0|255|255|0|1|1|1
9544.0|1|1|1|255|954|4|0|1|12|50|0|50|7|0|2|255|255|0|1|1|1
9548.0|1|1|1|255|954|8|0|1|12|50|0|50|7|0|3|255|255|0|1|1|1
9557.0|1|1|1|255|955|7|0|1|12|50|0|50|7|0|1|255|255|0|1|1|1
9558.0|2|2|2|255|955|8|0|1|12|50|100|50|9|1|0|255|255|0|1|1|1
9559.0|1|1|1|255|955|9|0|1|12|50|150|50|7|0|0|255|255|0|1|1|1
9566.0|2|2|2|255|956|6|0|1|12|50|150|50|9|0|2|255|255|0|1|1|1
9567.0|2|2|2|255|956|7|0|1|12|50|150|50|9|0|3|255|255|0|1|1|1
9577.0|2|2|2|255|957|7|0|1|12|50|50|50|9|0|1|255|255|0|1|1|1
9579.0|2|2|2|255|957|9|0|1|12|50|150|50|9|0|0|255|255|0|1|1|1
9639.0|1|1|1|255|963|9|0|1|12|50|0|50|7|1|0|255|255|0|1|1|1
9644.0|1|1|1|255|964|4|0|1|12|50|0|50|7|0|2|255|255|0|1|1|1
9648.0|1|1|1|255|964|8|0|1|12|50|0|50|7|0|3|255|255|0|1|1|1
9657.0|1|1|1|255|965|7|0|1|12|50|0|50|7|0|1|255|255|0|1|1|1
9658.0|2|2|2|255|965|8|0|1|12|50|100|50|9|1|0|255|255|0|1|1|1
9659.0|1|1|1|255|965|9|0|1|12|50|150|50|7|0|0|255|255|0|1|1|1
9666.0|2|2|2|255|966|6|0|1|12|50|150|50|9|0|2|255|255|0|1|1|1
9667.0|2|2|2|255|966|7|0|1|12|50|150|50|9|0|3|255|255|0|1|1|1
9677.0|2|2|2|255|967|7|0|1|12|50|50|50|9|0|1|255|255|0|1|1|1
9679.0|2|2|2|255|967|9|0|1|12|50|150|50|9|0|0|255|255|0|1|1|1
9739.0|1|1|1|255|973|9|0|1|12|50|0|50|7|1|0|255|255|0|1|1|1
9744.0|1|1|1|255|974|4|0|1|12|50|0|50|7|0|2|255|255|0|1|1|1
9748.0|1|1|1|255|974|8|0|1|12|50|0|50|7|0|3|255|255|0|1|1|1
9757.0|1|1|1|255|975|7|0|1|12|50|0|50|7|0|1|255|255|0|1|1|1
9758.0|2|2|2|255|975|8|0|1|12|50|100|50|9|1|0|255|255|0|1|1|1
9759.0|1|1|1|255|975|9|0|1|12|50|150|50|7|0|0|255|255|0|1|1|1
9766.0|2|2|2|255|976|6|0|1|12|50|150|50|9|0|2|255|255|0|1|1|1
9767.0|2|2|2|255|976|7|0|1|12|50|150|50|9|0|3|255|255|0|1|1|1
9777.0|2|2|2|255|977|7|0|1|12|50|50|50|9|0|1|255|255|0|1|1|1
9779.0|2|2|2|255|977|9|0|1|12|50|150|50|9|0|0|255|255|0|1|1|1
9839.0|1|1|1|255|983|9|0|1|12|50|0|50|7|1|0|255|255|0|1|1|1
9844.0|1|1|1|255|984|4|0|1|12|50|0|50|7|0|2|255|255|0|1|1|1
9848.0|1|1|1|255|984|8|0|1|12|50|0|50|7|0|3|255|255|0|1|1|1
9857.0|1|1|1|255|985|7|0|1|12|50|0|50|7|0|1|255|255|0|1|1|1
9858.0|2|2|2|255|985|8|0|1|12|50|100|50|9|1|0|255|255|0|1|1|1
9859.0|1|1|1|255|985|9|0|1|12|50|150|50|7|0|0|255|255|0|1|1|1
9866.0|2|2|2|255|986|6|0|1|12|50|150|50|9|0|2|255|255|0|1|1|1
9867.0|2|2|2|255|986|7|0|1|12|50|150|50|9|0|3|255|255|0|1|1|1
9877.0|2|2|2|255|987|7|0|1|12|50|50|50|9|0|1|255|255|0|1|1|1
9879.0|2|2|2|255|987|9|0|1|12|50|150|50|9|0|0|255|255|0|1|1|1
9939.0|1|1|1|255|993|9|0|1|12|50|0|50|7|1|0|255|255|0|1|1|1
9944.0|1|1|1|255|994|4|0|1|12|50|0|50|7|0|2|255|255|0|1|1|1
9948.0|1|1|1|255|994|8|0|1|12|50|0|50|7|0|3|255|255|0|1|1|1
9957.0|1|1|1|255|995|7|0|1|12|50|0|50|7|0|1|255|255|0|1|1|1
9958.0|2|2|2|255|995|8|0|1|12|50|100|50|9|1|0|255|255|0|1|1|1
9959.0|1|1|1|255|995|9|0|1|12|50|150|50|7|0|0|255|255|0|1|1|1
9966.0|2|2|2|255|996|6|0|1|12|50|150|50|9|0|2|255|255|0|1|1|1
9967.0|2|2|2|255|996|7|0|1|12|50|150|50|9|0|3|255|255|0|1|1|1
9977.0|2|2|2|255|997|7|0|1|12|50|50|50|9|0|1|255|255|0|1|1|1
9979.0|2|2|2|255|997|9|0|1|12|50|150|50|9|0|0|255|255|0|1|1|1
10039.0|1|1|1|255|1003|9|0|1|12|50|0|50|7|1|0|255|255|0|1|1|1
10044.0|1|1|1|255|1004|4|0|1|12|50|0|50|7|0|2|255|255|0|1|1|1
10048.0|1|1|1|255|1004|8|0|1|12|50|0|50|7|0|3|255|255|0|1|1|1
10057.0|1|1|1|255|1005|7|0|1|12|50|0|50|7|0|1|255|255|0|1|1|1
10058.0|2|2|2|255|1005|8|0|1|12|50|100|50|9|1|0|255|255|0|1|1|1
10059.0|1|1|1|255|1005|9|0|1|12|50|150|50|7|0|0|255|255|0|1|1|1
10066.0|2|2|2|255|1006|6|0|1|12|50|150|50|9|0|2|255|255|0|1|1|1
10067.0|2|2|2|255|1006|7|0|1|12|50|150|50|9|0|3|255|255|0|1|1|1
10077.0|2|2|2|255|1007|7|0|1|12|50|50|50|9|0|1|255|255|0|1|1|1
10079.0|2|2|2|255|1007|9|0|1|12|50|150|50|9|0|0|255|255|0|1|1|1
10139.0|1|1|1|255|1013|9|0|1|12|50|0|50|7|1|0|255|255|0|1|1|1
10144.0|1|1|1|255|1014|4|0|1|12|50|0|50|7|0|2|255|255|0|1|1|1
10148.0|1|1|1|255|1014|8|0|1|12|50|0|50|7|0|3|255|255|0|1|1|1
10157.0|1|1|1|255|1015|7|0|1|12|50|0|50|7|0|1|255|255|0|1|1|1
10158.0|2|2|2|255|1015|8|0|1|12|50|100|50|9|1|0|255|255|0|1|1|1
10159.0|1|1|1|255|1015|9|0|1|12|50|150|50|7|0|0|255|255|0|1|1|1
10166.0|2|2|2|255|1016|6|0|1|12|50|150|50|9|0|2|255|255|0|1|1|1
10167.0|2|2|2|255|1016|7|0|1|12|50|150|50|9|0|3|255|255|0|1|1|1
10177.0|2|2|2|255|1017|7|0|1|12|50|50|50|9|0|1|255|255|0|1|1|1
10179.0|2|2|2|255|1017|9|0|1|12|50|150|50|9|0|0|255|255|0|1|1|1
10239.0|1|1|1|255|1023|9|0|1|12|50|0|50|7|1|0|255|255|0|1|1|1
10244.0|1|1|1|255|1024|4|0|1|12|50|0|50|7|0|2|255|255|0|1|1|1
10248.0|1|1|1|255|1024|8|0|1|12|50|0|50|7|0|3|255|255|0|1|1|1
10257.0|1|1|1|255|1025|7|0|1|12|50|0|50|7|0|1|255|255|0|1|1|1
10258.0|2|2|2|255|1025|8|0|1|12|50|100|50|9|1|0|255|255|0|1|1|1
10259.0|1|1|1|255|1025|9|0|1|12|50|150|50|7|0|0|255|255|0|1|1|1
10266.0|2|2|2|255|1026|6|0|1|12|50|150|50|9|0|2|255|255|0|1|1|1
10267.0|2|2|2|255|1026|7|0|1|12|50|150|50|9|0|3|255|255|0|1|1|1
10277.0|2|2|2|255|1027|7|0|1|12|50|50|50|9|0|1|255|255|0|1|1|1
10279.0|2|2|2|255|1027|9|0|1|12|50|150|50|9|0|0|255|255|0|1|1|1
10339.0|1|1|1|255|1033|9|0|1|12|50|0|50|7|1|0|255|255|0|1|1|1
10344.0|1|1|1|255|1034|4|0|1|12|50|0|50|7|0|2|255|255|0|1|1|1
10348.0|1|1|1|255|1034|8|0|1|12|50|0|50|7|0|3|255|255|0|1|1|1
10349.0|2|2|2|255|1034|9|0|1|12|50|50|50|10|1|0|255|255|0|1|1|1
10357.0|2|2|2|255|1035|7|0|1|12|50|150|50|10|0|2|255|255|0|1|1|1
10357.0|1|1|1|255|1035|7|0|1|12|50|0|50|7|0|1|255|255|0|1|1|1
10359.0|2|2|2|255|1035|9|0|1|12|50|150|50|10|0|3|255|255|0|1|1|1
10359.0|1|1|1|255|1035|9|0|1|12|50|150|50|7|0|0|255|255|0|1|1|1
10364.0|2|2|2|255|1036|4|0|1|12|50|50|50|10|0|1|255|255|0|1|1|1
10368.0|2|2|2|255|1036|8|0|1|12|50|0|50|10|0|0|255|255|0|1|1|1
10439.0|1|1|1|255|1043|9|0|1|12|50|0|50|7|1|0|255|255|0|1|1|1
10444.0|1|1|1|255|1044|4|0|1|12|50|0|50|7|0|2|255|255|0|1|1|1
10448.0|1|1|1|255|1044|8|0|1|12|50|0|50|7|0|3|255|255|0|1|1|1
10449.0|2|2|2|255|1044|9|0|1|12|50|50|50|10|1|0|255|255|0|1|1|1
10457.0|2|2|2|255|1045|7|0|1|12|50|150|50|10|0|2|255|255|0|1|1|1
10457.0|1|1|1|255|1045|7|0|1|12|50|0|50|7|0|1|255|255|0|1|1|1
10459.0|2|2|2|255|1045|9|0|1|12|50|150|50|10|0|3|255|255|0|1|1|1
10459.0|1|1|1|255|1045|9|0|1|12|50|150|50|7|0|0|255|255|0|1|1|1
10464.0|2|2|2|255|1046|4|0|1|12|50|50|50|10|0|1|255|255|0|1|1|1
10468.0|2|2|2|255|1046|8|0|1|12|50|0|50|10|0|0|255|255|0|1|1|1
10539.0|1|1|1|255|1053|9|0|1|12|50|0|50|7|1|0|255|255|0|1|1|1
10544.0|1|1|1|255|1054|4|0|1|12|50|0|50|7|0|2|255|255|0|1|1|1
10548.0|1|1|1|255|1054|8|0|1|12|50|0|50|7|0|3|255|255|0|1|1|1
10549.0|2|2|2|255|1054|9|0|1|12|50|50|50|10|1|0|255|255|0|1|1|1
10557.0|2|2|2|255|1055|7|0|1|12|50|150|50|10|0|2|255|255|0|1|1|1
10557.0|1|1|1|255|1055|7|0|1|12|50|0|50|7|0|1|255|255|0|1|1|1
10559.0|2|2|2|255|1055|9|0|1|12|50|150|50|10|0|3|255|255|0|1|1|1
10559.0|1|1|1|255|1055|9|0|1|12|50|150|50|7|0|0|255|255|0|1|1|1
10564.0|2|2|2|255|1056|4|0|1|12|50|50|50|10|0|1|255|255|0|1|1|1
10568.0|2|2|2|255|1056|8|0|1|12|50|0|50|10|0|0|255|255|0|1|1|1
10645.0|1|1|1|255|1064|5|0|1|12|50|150|50|8|1|0|255|255|0|1|1|1
10646.0|1|1|1|255|1064|6|0|1|12|50|100|50|8|0|2|255|255|0|1|1|1
10647.0|1|1|1|255|1064|7|0|1|12|50|50|50|8|0|3|255|255|0|1|1|1
10648.0|1|1|1|255|1064|8|0|1|12|50|150|50|8|0|1|255|255|0|1|1|1
10649.0|1|1|1|255|1064|9|0|1|12|50|50|50|8|0|0|255|255|0|1|1|1
10649.0|2|2|2|255|1064|9|0|1|12|50|50|50|10|1|0|255|255|0|1|1|1
10657.0|2|2|2|255|1065|7|0|1|12|50|150|50|10|0|2|255|255|0|1|1|1
10659.0|2|2|2|255|1065|9|0|1|12|50|150|50|10|0|3|255|255|0|1|1|1
10664.0|2|2|2|255|1066|4|0|1|12|50|50|50|10|0|1|255|255|0|1|1|1
10668.0|2|2|2|255|1066|8|0|1|12|50|0|50|10|0|0|255|255|0|1|1|1
10745.0|1|1|1|255|1074|5|0|1|12|50|150|50|8|1|0|255|255|0|1|1|1
10746.0|1|1|1|255|1074|6|0|1|12|50|100|50|8|0|2|255|255|0|1|1|1
10747.0|1|1|1|255|1074|7|0|1|12|50|50|50|8|0|3|255|255|0|1|1|1
10748.0|1|1|1|255|1074|8|0|1|12|50|150|50|8|0|1|255|255|0|1|1|1
10749.0|1|1|1|255|1074|9|0|1|12|50|50|50|8|0|0|255|255|0|1|1|1
10749.0|2|2|2|255|1074|9|0|1|12|50|50|50|10|1|0|255|255|0|1|1|1
10757.0|2|2|2|255|1075|7|0|1|12|50|150|50|10|0|2|255|255|0|1|1|1
10759.0|2|2|2|255|1075|9|0|1|12|50|150|50|10|0|3|255|255|0|1|1|1
10764.0|2|2|2|255|1076|4|0|1|12|50|50|50|10|0|1|255|255|0|1|1|1
10768.0|2|2|2|255|1076|8|0|1|12|50|0|50|10|0|0|255|255|0|1|1|1
10845.0|1|1|1|255|1084|5|0|1|12|50|150|50|8|1|0|255|255|0|1|1|1
10846.0|1|1|1|255|1084|6|0|1|12|50|100|50|8|0|2|255|255|0|1|1|1
10847.0|1|1|1|255|1084|7|0|1|12|50|50|50|8|0|3|255|255|0|1|1|1
10848.0|1|1|1|255|1084|8|0|1|12|50|150|50|8|0|1|255|255|0|1|1|1
10849.0|1|1|1|255|1084|9|0|1|12|50|50|50|8|0|0|255|255|0|1|1|1
10849.0|2|2|2|255|1084|9|0|1|12|50|50|50|10|1|0|255|255|0|1|1|1
10857.0|2|2|2|255|1085|7|0|1|12|50|150|50|10|0|2|255|255|0|1|1|1
10859.0|2|2|2|255|1085|9|0|1|12|50|150|50|10|0|3|255|255|0|1|1|1
10864.0|2|2|2|255|1086|4|0|1|12|50|50|50|10|0|1|255|255|0|1|1|1
10868.0|2|2|2|255|1086|8|0|1|12|50|0|50|10|0|0|255|255|0|1|1|1
10945.0|1|1|1|255|1094|5|0|1|12|50|150|50|8|1|0|255|255|0|1|1|1
10946.0|1|1|1|255|1094|6|0|1|12|50|100|50|8|0|2|255|255|0|1|1|1
10947.0|1|1|1|255|1094|7|0|1|12|50|50|50|8|0|3|255|255|0|1|1|1
10948.0|1|1|1|255|1094|8|0|1|12|50|150|50|8|0|1|255|255|0|1|1|1
10949.0|1|1|1|255|1094|9|0|1|12|50|50|50|8|0|0|255|255|0|1|1|1
10957.0|2|2|2|255|1095|7|0|1|12|50|50|50|11|1|0|255|255|0|1|1|1
10967.0|2|2|2|255|1096|7|0|1|12|50|50|50|11|0|2|255|255|0|1|1|1
10968.0|2|2|2|255|1096|8|0|1|12|50|50|50|11|0|3|255|255|0|1|1|1
10969.0|2|2|2|255|1096|9|0|1|12|50|150|50|11|0|1|255|255|0|1|1|1
10979.0|2|2|2|255|1097|9|0|1|12|50|0|50|11|0|0|255|255|0|1|1|1
11045.0|1|1|1|255|1104|5|0|1|12|50|150|50|8|1|0|255|255|0|1|1|1
11046.0|1|1|1|255|1104|6|0|1|12|50|100|50|8|0|2|255|255|0|1|1|1
11047.0|1|1|1|255|1104|7|0|1|12|50|50|50|8|0|3|255|255|0|1|1|1
11048.0|1|1|1|255|1104|8|0|1|12|50|150|50|8|0|1|255|255|0|1|1|1
11049.0|1|1|1|255|1104|9|0|1|12|50|50|50|8|0|0|255|255|0|1|1|1
11057.0|2|2|2|255|1105|7|0|1|12|50|50|50|11|1|0|255|255|0|1|1|1
11067.0|2|2|2|255|1106|7|0|1|12|50|50|50|11|0|2|255|255|0|1|1|1
11068.0|2|2|2|255|1106|8|0|1|12|50|50|50|11|0|3|255|255|0|1|1|1
11069.0|2|2|2|255|1106|9|0|1|12|50|150|50|11|0|1|255|255|0|1|1|1
11079.0|2|2|2|255|1107|9|0|1|12|50|0|50|11|0|0|255|255|0|1|1|1
11145.0|1|1|1|255|1114|5|0|1|12|50|150|50|8|1|0|255|255|0|1|1|1
11146.0|1|1|1|255|1114|6|0|1|12|50|100|50|8|0|2|255|255|0|1|1|1
11147.0|1|1|1|255|1114|7|0|1|12|50|50|50|8|0|3|255|255|0|1|1|1
11148.0|1|1|1|255|1114|8|0|1|12|50|150|50|8|0|1|255|255|0|1|1|1
11149.0|1|1|1|255|1114|9|0|1|12|50|50|50|8|0|0|255|255|0|1|1|1
11157.0|2|2|2|255|1115|7|0|1|12|50|50|50|11|1|0|255|255|0|1|1|1
11167.0|2|2|2|255|1116|7|0|1|12|50|50|50|11|0|2|255|255|0|1|1|1
11168.0|2|2|2|255|1116|8|0|1|12|50|50|50|11|0|3|255|255|0|1|1|1
11169.0|2|2|2|255|1116|9|0|1|12|50|150|50|11|0|1|255|255|0|1|1|1
11179.0|2|2|2|255|1117|9|0|1|12|50|0|50|11|0|0|255|255|0|1|1|1
11245.0|1|1|1|255|1124|5|0|1|12|50|150|50|8|1|0|255|255|0|1|1|1
11246.0|1|1|1|255|1124|6|0|1|12|50|100|50|8|0|2|255|255|0|1|1|1
11247.0|1|1|1|255|1124|7|0|1|12|50|50|50|8|0|3|255|255|0|1|1|1
11248.0|1|1|1|255|1124|8|0|1|12|50|150|50|8|0|1|255|255|0|1|1|1
11249.0|1|1|1|255|1124|9|0|1|12|50|50|50|8|0|0|255|255|0|1|1|1
11257.0|2|2|2|255|1125|7|0|1|12|50|50|50|11|1|0|255|255|0|1|1|1
11267.0|2|2|2|255|1126|7|0|1|12|50|50|50|11|0|2|255|255|0|1|1|1
11268.0|2|2|2|255|1126|8|0|1|12|50|50|50|11|0|3|255|255|0|1|1|1
11269.0|2|2|2|255|1126|9|0|1|12|50|150|50|11|0|1|255|255|0|1|1|1
11279.0|2|2|2|255|1127|9|0|1|12|50|0|50|11|0|0|255|255|0|1|1|1
11345.0|1|1|1|255|1134|5|0|1|12|50|150|50|8|1|0|255|255|0|1|1|1
11346.0|1|1|1|255|1134|6|0|1|12|50|100|50|8|0|2|255|255|0|1|1|1
11347.0|1|1|1|255|1134|7|0|1|12|50|50|50|8|0|3|255|255|0|1|1|1
11348.0|1|1|1|255|1134|8|0|1|12|50|150|50|8|0|1|255|255|0|1|1|1
11349.0|1|1|1|255|1134|9|0|1|12|50|50|50|8|0|0|255|255|0|1|1|1
11357.0|2|2|2|255|1135|7|0|1|12|50|50|50|11|1|0|255|255|0|1|1|1
11367.0|2|2|2|255|1136|7|0|1|12|50|50|50|11|0|2|255|255|0|1|1|1
11368.0|2|2|2|255|1136|8|0|1|12|50|50|50|11|0|3|255|255|0|1|1|1
11369.0|2|2|2|255|1136|9|0|1|12|50|150|50|11|0|1|255|255|0|1|1|1
11379.0|2|2|2|255|1137|9|0|1|12|50|0|50|11|0|0|255|255|0|1|1|1
11445.0|1|1|1|255|1144|5|0|1|12|50|150|50|8|1|0|255|255|0|1|1|1
11446.0|1|1|1|255|1144|6|0|1|12|50|100|50|8|0|2|255|255|0|1|1|1
11447.0|1|1|1|255|1144|7|0|1|12|50|50|50|8|0|3|255|255|0|1|1|1
11448.0|1|1|1|255|1144|8|0|1|12|50|150|50|8|0|1|255|255|0|1|1|1
11449.0|1|1|1|255|1144|9|0|1|12|50|50|50|8|0|0|255|255|0|1|1|1
11457.0|2|2|2|255|1145|7|0|1|12|50|50|50|11|1|0|255|255|0|1|1|1
11467.0|2|2|2|255|1146|7|0|1|12|50|50|50|11|0|2|255|255|0|1|1|1
11468.0|2|2|2|255|1146|8|0|1|12|50|50|50|11|0|3|255|255|0|1|1|1
11469.0|2|2|2|255|1146|9|0|1|12|50|150|50|11|0|1|255|255|0|1|1|1
11479.0|2|2|2|255|1147|9|0|1|12|50|0|50|11|0|0|255|255|0|1|1|1
11538.0|1|1|1|255|1153|8|0|1|12|50|100|50|9|1|0|255|255|0|1|1|1
11544.0|1|1|1|255|1154|4|0|1|12|50|150|50|9|0|2|255|255|0|1|1|1
11545.0|1|1|1|255|1154|5|0|1|12|50|100|50|9|0|3|255|255|0|1|1|1
11548.0|1|1|1|255|1154|8|0|1|12|50|50|50|9|0|1|255|255|0|1|1|1
11557.0|1|1|1|255|1155|7|0|1|12|50|0|50|9|0|0|255|255|0|1|1|1
11557.0|2|2|2|255|1155|7|0|1|12|50|50|50|11|1|0|255|255|0|1|1|1
11567.0|2|2|2|255|1156|7|0|1|12|50|50|50|11|0|2|255|255|0|1|1|1
11568.0|2|2|2|255|1156|8|0|1|12|50|50|50|11|0|3|255|255|0|1|1|1
11569.0|2|2|2|255|1156|9|0|1|12|50|150|50|11|0|1|255|255|0|1|1|1
11579.0|2|2|2|255|1157|9|0|1|12|50|0|50|11|0|0|255|255|0|1|1|1
11638.0|1|1|1|255|1163|8|0|1|12|50|100|50|9|1|0|255|255|0|1|1|1
11644.0|1|1|1|255|1164|4|0|1|12|50|150|50|9|0|2|255|255|0|1|1|1
11645.0|1|1|1|255|1164|5|0|1|12|50|100|50|9|0|3|255|255|0|1|1|1
11648.0|1|1|1|255|1164|8|0|1|12|50|50|50|9|0|1|255|255|0|1|1|1
11657.0|1|1|1|255|1165|7|0|1|12|50|0|50|9|0|0|255|255|0|1|1|1
11658.0|2|2|2|255|1165|8|0|1|12|50|100|50|12|1|0|255|255|0|1|1|1
11664.0|2|2|2|255|1166|4|0|1|12|50|100|50|12|0|2|255|255|0|1|1|1
11667.0|2|2|2|255|1166|7|0|1|12|50|0|50|12|0|3|255|255|0|1|1|1
11677.0|2|2|2|255|1167|7|0|1|12|50|150|50|12|0|1|255|255|0|1|1|1
11678.0|2|2|2|255|1167|8|0|1|12|50|50|50|12|0|0|255|255|0|1|1|1
11738.0|1|1|1|255|1173|8|0|1|12|50|100|50|9|1|0|255|255|0|1|1|1
11744.0|1|1|1|255|1174|4|0|1|12|50|150|50|9|0|2|255|255|0|1|1|1
11745.0|1|1|1|255|1174|5|0|1|12|50|100|50|9|0|3|255|255|0|1|1|1
11748.0|1|1|1|255|1174|8|0|1|12|50|50|50|9|0|1|255|255|0|1|1|1
11757.0|1|1|1|255|1175|7|0|1|12|50|0|50|9|0|0|255|255|0|1|1|1
11758.0|2|2|2|255|1175|8|0|1|12|50|100|50|12|1|0|255|255|0|1|1|1
11764.0|2|2|2|255|1176|4|0|1|12|50|100|50|12|0|2|255|255|0|1|1|1
11767.0|2|2|2|255|1176|7|0|1|12|50|0|50|12|0|3|255|255|0|1|1|1
11777.0|2|2|2|255|1177|7|0|1|12|50|150|50|12|0|1|255|255|0|1|1|1
11778.0|2|2|2|255|1177|8|0|1|12|50|50|50|12|0|0|255|255|0|1|1|1
11838.0|1|1|1|255|1183|8|0|1|12|50|100|50|9|1|0|255|255|0|1|1|1
11844.0|1|1|1|255|1184|4|0|1|12|50|150|50|9|0|2|255|255|0|1|1|1
11845.0|1|1|1|255|1184|5|0|1|12|50|100|50|9|0|3|255|255|0|1|1|1
11848.0|1|1|1|255|1184|8|0|1|12|50|50|50|9|0|1|255|255|0|1|1|1
11857.0|1|1|1|255|1185|7|0|1|12|50|0|50|9|0|0|255|255|0|1|1|1
11858.0|2|2|2|255|1185|8|0|1|12|50|100|50|12|1|0|255|255|0|1|1|1
11864.0|2|2|2|255|1186|4|0|1|12|50|100|50|12|0|2|255|255|0|1|1|1
11867.0|2|2|2|255|1186|7|0|1|12|50|0|50|12|0|3|255|255|0|1|1|1
11877.0|2|2|2|255|1187|7|0|1|12|50|150|50|12|0|1|255|255|0|1|1|1
11878.0|2|2|2|255|1187|8|0|1|12|50|50|50|12|0|0|255|255|0|1|1|1
11938.0|1|1|1|255|1193|8|0|1|12|50|100|50|9|1|0|255|255|0|1|1|1
11944.0|1|1|1|255|1194|4|0|1|12|50|150|50|9|0|2|255|255|0|1|1|1
11945.0|1|1|1|255|1194|5|0|1|12|50|100|50|9|0|3|255|255|0|1|1|1
11948.0|1|1|1|255|1194|8|0|1|12|50|50|50|9|0|1|255|255|0|1|1|1
11957.0|1|1|1|255|1195|7|0|1|12|50|0|50|9|0|0|255|255|0|1|1|1
11958.0|2|2|2|255|1195|8|0|1|12|50|100|50|12|1|0|255|255|0|1|1|1
11964.0|2|2|2|255|1196|4|0|1|12|50|100|50|12|0|2|255|255|0|1|1|1
11967.0|2|2|2|255|1196|7|0|1|12|50|0|50|12|0|3|255|255|0|1|1|1
11977.0|2|2|2|255|1197|7|0|1|12|50|150|50|12|0|1|255|255|0|1|1|1
11978.0|2|2|2|255|1197|8|0|1|12|50|50|50|12|0|0|255|255|0|1|1|1
12038.0|1|1|1|255|1203|8|0|1|12|50|100|50|9|1|0|255|255|0|1|1|1
12044.0|1|1|1|255|1204|4|0|1|12|50|150|50|9|0|2|255|255|0|1|1|1
12045.0|1|1|1|255|1204|5|0|1|12|50|100|50|9|0|3|255|255|0|1|1|1
12048.0|1|1|1|255|1204|8|0|1|12|50|50|50|9|0|1|255|255|0|1|1|1
12057.0|1|1|1|255|1205|7|0|1|12|50|0|50|9|0|0|255|255|0|1|1|1
12058.0|2|2|2|255|1205|8|0|1|12|50|100|50|12|1|0|255|255|0|1|1|1
12064.0|2|2|2|255|1206|4|0|1|12|50|100|50|12|0|2|255|255|0|1|1|1
12067.0|2|2|2|255|1206|7|0|1|12|50|0|50|12|0|3|255|255|0|1|1|1
12077.0|2|2|2|255|1207|7|0|1|12|50|150|50|12|0|1|255|255|0|1|1|1
12078.0|2|2|2|255|1207|8|0|1|12|50|50|50|12|0|0|255|255|0|1|1|1
12138.0|1|1|1|255|1213|8|0|1|12|50|100|50|9|1|0|255|255|0|1|1|1
12144.0|1|1|1|255|1214|4|0|1|12|50|150|50|9|0|2|255|255|0|1|1|1
12145.0|1|1|1|255|1214|5|0|1|12|50|100|50|9|0|3|255|255|0|1|1|1
12148.0|1|1|1|255|1214|8|0|1|12|50|50|50|9|0|1|255|255|0|1|1|1
12157.0|1|1|1|255|1215|7|0|1|12|50|0|50|9|0|0|255|255|0|1|1|1
12158.0|2|2|2|255|1215|8|0|1|12|50|100|50|12|1|0|255|255|0|1|1|1
12164.0|2|2|2|255|1216|4|0|1|12|50|100|50|12|0|2|255|255|0|1|1|1
12167.0|2|2|2|255|1216|7|0|1|12|50|0|50|12|0|3|255|255|0|1|1|1
12177.0|2|2|2|255|1217|7|0|1|12|50|150|50|12|0|1|255|255|0|1|1|1
12178.0|2|2|2|255|1217|8|0|1|12|50|50|50|12|0|0|255|255|0|1|1|1
12238.0|1|1|1|255|1223|8|0|1|12|50|100|50|9|1|0|255|255|0|1|1|1
12244.0|1|1|1|255|1224|4|0|1|12|50|150|50|9|0|2|255|255|0|1|1|1
12245.0|1|1|1|255|1224|5|0|1|12|50|100|50|9|0|3|255|255|0|1|1|1
12248.0|1|1|1|255|1224|8|0|1|12|50|50|50|9|0|1|255|255|0|1|1|1
12257.0|1|1|1|255|1225|7|0|1|12|50|0|50|9|0|0|255|255|0|1|1|1
12258.0|2|2|2|255|1225|8|0|1|12|50|100|50|12|1|0|255|255|0|1|1|1
12264.0|2|2|2|255|1226|4|0|1|12|50|100|50|12|0|2|255|255|0|1|1|1
12267.0|2|2|2|255|1226|7|0|1|12|50|0|50|12|0|3|255|255|0|1|1|1
12277.0|2|2|2|255|1227|7|0|1|12|50|150|50|12|0|1|255|255|0|1|1|1
12278.0|2|2|2|255|1227|8|0|1|12|50|50|50|12|0|0|255|255|0|1|1|1
12338.0|1|1|1|255|1233|8|0|1|12|50|100|50|9|1|0|255|255|0|1|1|1
12344.0|1|1|1|255|1234|4|0|1|12|50|150|50|9|0|2|255|255|0|1|1|1
12345.0|1|1|1|255|1234|5|0|1|12|50|100|50|9|0|3|255|255|0|1|1|1
12348.0|1|1|1|255|1234|8|0|1|12|50|50|50|9|0|1|255|255|0|1|1|1
12357.0|1|1|1|255|1235|7|0|1|12|50|0|50|9|0|0|255|255|0|1|1|1
12358.0|2|2|2|255|1235|8|0|1|12|50|100|50|12|1|0|255|255|0|1|1|1
12364.0|2|2|2|255|1236|4|0|1|12|50|100|50|12|0|2|255|255|0|1|1|1
12367.0|2|2|2|255|1236|7|0|1|12|50|0|50|12|0|3|255|255|0|1|1|1
12377.0|2|2|2|255|1237|7|0|1|12|50|150|50|12|0|1|255|255|0|1|1|1
12378.0|2|2|2|255|1237|8|0|1|12|50|50|50|12|0|0|255|255|0|1|1|1
12438.0|1|1|1|255|1243|8|0|1|12|50|100|50|9|1|0|255|255|0|1|1|1
12444.0|1|1|1|255|1244|4|0|1|12|50|150|50|9|0|2|255|255|0|1|1|1
12445.0|1|1|1|255|1244|5|0|1|12|50|100|50|9|0|3|255|255|0|1|1|1
12448.0|1|1|1|255|1244|8|0|1|12|50|50|50|9|0|1|255|255|0|1|1|1
12457.0|1|1|1|255|1245|7|0|1|12|50|0|50|9|0|0|255|255|0|1|1|1
12458.0|2|2|2|255|1245|8|0|1|12|50|100|50|12|1|0|255|255|0|1|1|1
12464.0|2|2|2|255|1246|4|0|1|12|50|100|50|12|0|2|255|255|0|1|1|1
12467.0|2|2|2|255|1246|7|0|1|12|50|0|50|12|0|3|255|255|0|1|1|1
12477.0|2|2|2|255|1247|7|0|1|12|50|150|50|12|0|1|255|255|0|1|1|1
12478.0|2|2|2|255|1247|8|0|1|12|50|50|50|12|0|0|255|255|0|1|1|1
12538.0|1|1|1|255|1253|8|0|1|12|50|100|50|9|1|0|255|255|0|1|1|1
12544.0|1|1|1|255|1254|4|0|1|12|50|150|50|9|0|2|255|255|0|1|1|1
12545.0|1|1|1|255|1254|5|0|1|12|50|100|50|9|0|3|255|255|0|1|1|1
12548.0|1|1|1|255|1254|8|0|1|12|50|50|50|9|0|1|255|255|0|1|1|1
12557.0|1|1|1|255|1255|7|0|1|12|50|0|50|9|0|0|255|255|0|1|1|1
12558.0|2|2|2|255|1255|8|0|1|12|50|100|50|12|1|0|255|255|0|1|1|1
12564.0|2|2|2|255|1256|4|0|1|12|50|100|50|12|0|2|255|255|0|1|1|1
12567.0|2|2|2|255|1256|7|0|1|12|50|0|50|12|0|3|255|255|0|1|1|1
12577.0|2|2|2|255|1257|7|0|1|12|50|150|50|12|0|1|255|255|0|1|1|1
12578.0|2|2|2|255|1257|8|0|1|12|50|50|50|12|0|0|255|255|0|1|1|1
12638.0|1|1|1|255|1263|8|0|1|12|50|100|50|9|1|0|255|255|0|1|1|1
12644.0|1|1|1|255|1264|4|0|1|12|50|150|50|9|0|2|255|255|0|1|1|1
12645.0|1|1|1|255|1264|5|0|1|12|50|100|50|9|0|3|255|255|0|1|1|1
12648.0|1|1|1|255|1264|8|0|1|12|50|50|50|9|0|1|255|255|0|1|1|1
12657.0|1|1|1|255|1265|7|0|1|12|50|0|50|9|0|0|255|255|0|1|1|1
12658.0|2|2|2|255|1265|8|0|1|12|50|100|50|12|1|0|255|255|0|1|1|1
12664.0|2|2|2|255|1266|4|0|1|12|50|100|50|12|0|2|255|255|0|1|1|1
12667.0|2|2|2|255|1266|7|0|1|12|50|0|50|12|0|3|255|255|0|1|1|1
12677.0|2|2|2|255|1267|7|0|1|12|50|150|50|12|0|1|255|255|0|1|1|1
12678.0|2|2|2|255|1267|8|0|1|12|50|50|50|12|0|0|255|255|0|1|1|1
12738.0|1|1|1|255|1273|8|0|1|12|50|100|50|9|1|0|255|255|0|1|1|1
12744.0|1|1|1|255|1274|4|0|1|12|50|150|50|9|0|2|255|255|0|1|1|1
12745.0|1|1|1|255|1274|5|0|1|12|50|100|50|9|0|3|255|255|0|1|1|1
12748.0|1|1|1|255|1274|8|0|1|12|50|50|50|9|0|1|255|255|0|1|1|1
12757.0|1|1|1|255|1275|7|0|1|12|50|0|50|9|0|0|255|255|0|1|1|1
12758.0|2|2|2|255|1275|8|0|1|12|50|100|50|12|1|0|255|255|0|1|1|1
12764.0|2|2|2|255|1276|4|0|1|12|50|100|50|12|0|2|255|255|0|1|1|1
12767.0|2|2|2|255|1276|7|0|1|12|50|0|50|12|0|3|255|255|0|1|1|1
12777.0|2|2|2|255|1277|7|0|1|12|50|150|50|12|0|1|255|255|0|1|1|1
12778.0|2|2|2|255|1277|8|0|1|12|50|50|50|12|0|0|255|255|0|1|1|1
12838.0|1|1|1|255|1283|8|0|1|12|50|100|50|9|1|0|255|255|0|1|1|1
12844.0|1|1|1|255|1284|4|0|1|12|50|150|50|9|0|2|255|255|0|1|1|1
12845.0|1|1|1|255|1284|5|0|1|12|50|100|50|9|0|3|255|255|0|1|1|1
12848.0|1|1|1|255|1284|8|0|1|12|50|50|50|9|0|1|255|255|0|1|1|1
12857.0|1|1|1|255|1285|7|0|1|12|50|0|50|9|0|0|255|255|0|1|1|1
12858.0|2|2|2|255|1285|8|0|1|12|50|100|50|12|1|0|255|255|0|1|1|1
12864.0|2|2|2|255|1286|4|0|1|12|50|100|50|12|0|2|255|255|0|1|1|1
12867.0|2|2|2|255|1286|7|0|1|12|50|0|50|12|0|3|255|255|0|1|1|1
12877.0|2|2|2|255|1287|7|0|1|12|50|150|50|12|0|1|255|255|0|1|1|1
12878.0|2|2|2|255|1287|8|0|1|12|50|50|50|12|0|0|255|255|0|1|1|1
12946.0|1|1|1|255|1294|6|0|1|12|50|50|50|10|1|0|255|255|0|1|1|1
12948.0|1|1|1|255|1294|8|0|1|12|50|100|50|10|0|2|255|255|0|1|1|1
12949.0|1|1|1|255|1294|9|0|1|12|50|150|50|10|0|3|255|255|0|1|1|1
12957.0|1|1|1|255|1295|7|0|1|12|50|150|50|10|0|1|255|255|0|1|1|1
12958.0|1|1|1|255|1295|8|0|1|12|50|50|50|10|0|0|255|255|0|1|1|1
12958.0|2|2|2|255|1295|8|0|1|12|50|100|50|12|1|0|255|255|0|1|1|1
12964.0|2|2|2|255|1296|4|0|1|12|50|100|50|12|0|2|255|255|0|1|1|1
12967.0|2|2|2|255|1296|7|0|1|12|50|0|50|12|0|3|255|255|0|1|1|1
12977.0|2|2|2|255|1297|7|0|1|12|50|150|50|12|0|1|255|255|0|1|1|1
12978.0|2|2|2|255|1297|8|0|1|12|50|50|50|12|0|0|255|255|0|1|1|1
13046.0|1|1|1|255|1304|6|0|1|12|50|50|50|10|1|0|255|255|0|1|1|1
13048.0|1|1|1|255|1304|8|0|1|12|50|100|50|10|0|2|255|255|0|1|1|1
13049.0|1|1|1|255|1304|9|0|1|12|50|150|50|10|0|3|255|255|0|1|1|1
13057.0|1|1|1|255|1305|7|0|1|12|50|150|50|10|0|1|255|255|0|1|1|1
13057.0|2|2|2|255|1305|7|0|1|12|50|50|50|13|1|0|255|255|0|1|1|1
13058.0|1|1|1|255|1305|8|0|1|12|50|50|50|10|0|0|255|255|0|1|1|1
13058.0|2|2|2|255|1305|8|0|1|12|50|50|50|13|0|2|255|255|0|1|1|1
13059.0|2|2|2|255|1305|9|0|1|12|50|0|50|13|0|3|255|255|0|1|1|1
13077.0|2|2|2|255|1307|7|0|1|12|50|50|50|13|0|1|255|255|0|1|1|1
13079.0|2|2|2|255|1307|9|0|1|12|50|50|50|13|0|0|255|255|0|1|1|1
13146.0|1|1|1|255|1314|6|0|1|12|50|50|50|10|1|0|255|255|0|1|1|1
13148.0|1|1|1|255|1314|8|0|1|12|50|100|50|10|0|2|255|255|0|1|1|1
13149.0|1|1|1|255|1314|9|0|1|12|50|150|50|10|0|3|255|255|0|1|1|1
13157.0|1|1|1|255|1315|7|0|1|12|50|150|50|10|0|1|255|255|0|1|1|1
13157.0|2|2|2|255|1315|7|0|1|12|50|50|50|13|1|0|255|255|0|1|1|1
13158.0|1|1|1|255|1315|8|0|1|12|50|50|50|10|0|0|255|255|0|1|1|1
13158.0|2|2|2|255|1315|8|0|1|12|50|50|50|13|0|2|255|255|0|1|1|1
13159.0|2|2|2|255|1315|9|0|1|12|50|0|50|13|0|3|255|255|0|1|1|1
13177.0|2|2|2|255|1317|7|0|1|12|50|50|50|13|0|1|255|255|0|1|1|1
13179.0|2|2|2|255|1317|9|0|1|12|50|50|50|13|0|0|255|255|0|1|1|1
13246.0|1|1|1|255|1324|6|0|1|12|50|50|50|10|1|0|255|255|0|1|1|1
13248.0|1|1|1|255|1324|8|0|1|12|50|100|50|10|0|2|255|255|0|1|1|1
13249.0|1|1|1|255|1324|9|0|1|12|50|150|50|10|0|3|255|255|0|1|1|1
13257.0|1|1|1|255|1325|7|0|1|12|50|150|50|10|0|1|255|255|0|1|1|1
13257.0|2|2|2|255|1325|7|0|1|12|50|50|50|13|1|0|255|255|0|1|1|1
13258.0|1|1|1|255|1325|8|0|1|12|50|50|50|10|0|0|255|255|0|1|1|1
13258.0|2|2|2|255|1325|8|0|1|12|50|50|50|13|0|2|255|255|0|1|1|1
13259.0|2|2|2|255|1325|9|0|1|12|50|0|50|13|0|3|255|255|0|1|1|1
13277.0|2|2|2|255|1327|7|0|1|12|50|50|50|13|0|1|255|255|0|1|1|1
13279.0|2|2|2|255|1327|9|0|1|12|50|50|50|13|0|0|255|255|0|1|1|1
13346.0|1|1|1|255|1334|6|0|1|12|50|50|50|10|1|0|255|255|0|1|1|1
13348.0|1|1|1|255|1334|8|0|1|12|50|100|50|10|0|2|255|255|0|1|1|1
13349.0|1|1|1|255|1334|9|0|1|12|50|150|50|10|0|3|255|255|0|1|1|1
13357.0|1|1|1|255|1335|7|0|1|12|50|150|50|10|0|1|255|255|0|1|1|1
13357.0|2|2|2|255|1335|7|0|1|12|50|50|50|13|1|0|255|255|0|1|1|1
13358.0|1|1|1|255|1335|8|0|1|12|50|50|50|10|0|0|255|255|0|1|1|1
13358.0|2|2|2|255|1335|8|0|1|12|50|50|50|13|0|2|255|255|0|1|1|1
13359.0|2|2|2|255|1335|9|0|1|12|50|0|50|13|0|3|255|255|0|1|1|1
13377.0|2|2|2|255|1337|7|0|1|12|50|50|50|13|0|1|255|255|0|1|1|1
13379.0|2|2|2|255|1337|9|0|1|12|50|50|50|13|0|0|255|255|0|1|1|1
13446.0|1|1|1|255|1344|6|0|1|12|50|50|50|10|1|0|255|255|0|1|1|1
13448.0|1|1|1|255|1344|8|0|1|12|50|100|50|10|0|2|255|255|0|1|1|1
13449.0|1|1|1|255|1344|9|0|1|12|50|150|50|10|0|3|255|255|0|1|1|1
13457.0|1|1|1|255|1345|7|0|1|12|50|150|50|10|0|1|255|255|0|1|1|1
13457.0|2|2|2|255|1345|7|0|1|12|50|50|50|13|1|0|255|255|0|1|1|1
13458.0|1|1|1|255|1345|8|0|1|12|50|50|50|10|0|0|255|255|0|1|1|1
13458.0|2|2|2|255|1345|8|0|1|12|50|50|50|13|0|2|255|255|0|1|1|1
13459.0|2|2|2|255|1345|9|0|1|12|50|0|50|13|0|3|255|255|0|1|1|1
13477.0|2|2|2|255|1347|7|0|1|12|50|50|50|13|0|1|255|255|0|1|1|1
13479.0|2|2|2|255|1347|9|0|1|12|50|50|50|13|0|0|255|255|0|1|1|1
13546.0|1|1|1|255|1354|6|0|1|12|50|50|50|10|1|0|255|255|0|1|1|1
13548.0|1|1|1|255|1354|8|0|1|12|50|100|50|10|0|2|255|255|0|1|1|1
13549.0|1|1|1|255|1354|9|0|1|12|50|150|50|10|0|3|255|255|0|1|1|1
13557.0|1|1|1|255|1355|7|0|1|12|50|150|50|10|0|1|255|255|0|1|1|1
13557.0|2|2|2|255|1355|7|0|1|12|50|50|50|13|1|0|255|255|0|1|1|1
13558.0|1|1|1|255|1355|8|0|1|12|50|50|50|10|0|0|255|255|0|1|1|1
13558.0|2|2|2|255|1355|8|0|1|12|50|50|50|13|0|2|255|255|0|1|1|1
13559.0|2|2|2|255|1355|9|0|1|12|50|0|50|13|0|3|255|255|0|1|1|1
13577.0|2|2|2|255|1357|7|0|1|12|50|50|50|13|0|1|255|255|0|1|1|1
13579.0|2|2|2|255|1357|9|0|1|12|50|50|50|13|0|0|255|255|0|1|1|1
13646.0|1|1|1|255|1364|6|0|1|12|50|50|50|10|1|0|255|255|0|1|1|1
13648.0|1|1|1|255|1364|8|0|1|12|50|100|50|10|0|2|255|255|0|1|1|1
13649.0|1|1|1|255|1364|9|0|1|12|50|150|50|10|0|3|255|255|0|1|1|1
13657.0|1|1|1|255|1365|7|0|1|12|50|150|50|10|0|1|255|255|0|1|1|1
13657.0|2|2|2|255|1365|7|0|1|12|50|50|50|13|1|0|255|255|0|1|1|1
13658.0|1|1|1|255|1365|8|0|1|12|50|50|50|10|0|0|255|255|0|1|1|1
13658.0|2|2|2|255|1365|8|0|1|12|50|50|50|13|0|2|255|255|0|1|1|1
13659.0|2|2|2|255|1365|9|0|1|12|50|0|50|13|0|3|255|255|0|1|1|1
13677.0|2|2|2|255|1367|7|0|1|12|50|50|50|13|0|1|255|255|0|1|1|1
13679.0|2|2|2|255|1367|9|0|1|12|50|50|50|13|0|0|255|255|0|1|1|1
13746.0|1|1|1|255|1374|6|0|1|12|50|50|50|10|1|0|255|255|0|1|1|1
13748.0|1|1|1|255|1374|8|0|1|12|50|100|50|10|0|2|255|255|0|1|1|1
13749.0|1|1|1|255|1374|9|0|1|12|50|150|50|10|0|3|255|255|0|1|1|1
13757.0|1|1|1|255|1375|7|0|1|12|50|150|50|10|0|1|255|255|0|1|1|1
13757.0|2|2|2|255|1375|7|0|1|12|50|50|50|13|1|0|255|255|0|1|1|1
13758.0|1|1|1|255|1375|8|0|1|12|50|50|50|10|0|0|255|255|0|1|1|1
13758.0|2|2|2|255|1375|8|0|1|12|50|50|50|13|0|2|255|255|0|1|1|1
13759.0|2|2|2|255|1375|9|0|1|12|50|0|50|13|0|3|255|255|0|1|1|1
13777.0|2|2|2|255|1377|7|0|1|12|50|50|50|13|0|1|255|255|0|1|1|1
13779.0|2|2|2|255|1377|9|0|1|12|50|50|50|13|0|0|255|255|0|1|1|1
13846.0|1|1|1|255|1384|6|0|1|12|50|50|50|10|1|0|255|255|0|1|1|1
13848.0|1|1|1|255|1384|8|0|1|12|50|100|50|10|0|2|255|255|0|1|1|1
13849.0|1|1|1|255|1384|9|0|1|12|50|150|50|10|0|3|255|255|0|1|1|1
13857.0|1|1|1|255|1385|7|0|1|12|50|150|50|10|0|1|255|255|0|1|1|1
13857.0|2|2|2|255|1385|7|0|1|12|50|50|50|13|1|0|255|255|0|1|1|1
13858.0|1|1|1|255|1385|8|0|1|12|50|50|50|10|0|0|255|255|0|1|1|1
13858.0|2|2|2|255|1385|8|0|1|12|50|50|50|13|0|2|255|255|0|1|1|1
13859.0|2|2|2|255|1385|9|0|1|12|50|0|50|13|0|3|255|255|0|1|1|1
13877.0|2|2|2|255|1387|7|0|1|12|50|50|50|13|0|1|255|255|0|1|1|1
13879.0|2|2|2|255|1387|9|0|1|12|50|50|50|13|0|0|255|255|0|1|1|1
13946.0|1|1|1|255|1394|6|0|1|12|50|50|50|10|1|0|255|255|0|1|1|1
13948.0|1|1|1|255|1394|8|0|1|12|50|100|50|10|0|2|255|255|0|1|1|1
13949.0|1|1|1|255|1394|9|0|1|12|50|150|50|10|0|3|255|255|0|1|1|1
13957.0|1|1|1|255|1395|7|0|1|12|50|150|50|10|0|1|255|255|0|1|1|1
13958.0|1|1|1|255|1395|8|0|1|12|50|50|50|10|0|0|255|255|0|1|1|1
13958.0|2|2|2|255|1395|8|0|1|12|50|0|50|14|1|0|255|255|0|1|1|1
13959.0|2|2|2|255|1395|9|0|1|12|50|150|50|14|0|2|255|255|0|1|1|1
13968.0|2|2|2|255|1396|8|0|1|12|50|150|50|14|0|3|255|255|0|1|1|1
13969.0|2|2|2|255|1396|9|0|1|12|50|0|50|14|0|1|255|255|0|1|1|1
13977.0|2|2|2|255|1397|7|0|1|12|50|50|50|14|0|0|255|255|0|1|1|1
14046.0|1|1|1|255|1404|6|0|1|12|50|50|50|10|1|0|255|255|0|1|1|1
14048.0|1|1|1|255|1404|8|0|1|12|50|100|50|10|0|2|255|255|0|1|1|1
14049.0|1|1|1|255|1404|9|0|1|12|50|150|50|10|0|3|255|255|0|1|1|1
14057.0|1|1|1|255|1405|7|0|1|12|50|150|50|10|0|1|255|255|0|1|1|1
14058.0|1|1|1|255|1405|8|0|1|12|50|50|50|10|0|0|255|255|0|1|1|1
14058.0|2|2|2|255|1405|8|0|1|12|50|0|50|14|1|0|255|255|0|1|1|1
14059.0|2|2|2|255|1405|9|0|1|12|50|150|50|14|0|2|255|255|0|1|1|1
14068.0|2|2|2|255|1406|8|0|1|12|50|150|50|14|0|3|255|255|0|1|1|1
14069.0|2|2|2|255|1406|9|0|1|12|50|0|50|14|0|1|255|255|0|1|1|1
14077.0|2|2|2|255|1407|7|0|1|12|50|50|50|14|0|0|255|255|0|1|1|1
14145.0|1|1|1|255|1414|5|0|1|12|50|0|50|11|1|0|255|255|0|1|1|1
14146.0|1|1|1|255|1414|6|0|1|12|50|0|50|11|0|2|255|255|0|1|1|1
14149.0|1|1|1|255|1414|9|0|1|12|50|150|50|11|0|3|255|255|0|1|1|1
14158.0|1|1|1|255|1415|8|0|1|12|50|150|50|11|0|1|255|255|0|1|1|1
14158.0|2|2|2|255|1415|8|0|1|12|50|0|50|14|1|0|255|255|0|1|1|1
14159.0|1|1|1|255|1415|9|0|1|12|50|100|50|11|0|0|255|255|0|1|1|1
14159.0|2|2|2|255|1415|9|0|1|12|50|150|50|14|0|2|255|255|0|1|1|1
14168.0|2|2|2|255|1416|8|0|1|12|50|150|50|14|0|3|255|255|0|1|1|1
14169.0|2|2|2|255|1416|9|0|1|12|50|0|50|14|0|1|255|255|0|1|1|1
14177.0|2|2|2|255|1417|7|0|1|12|50|50|50|14|0|0|255|255|0|1|1|1
14245.0|1|1|1|255|1424|5|0|1|12|50|0|50|11|1|0|255|255|0|1|1|1
14246.0|1|1|1|255|1424|6|0|1|12|50|0|50|11|0|2|255|255|0|1|1|1
14249.0|1|1|1|255|1424|9|0|1|12|50|150|50|11|0|3|255|255|0|1|1|1
14258.0|1|1|1|255|1425|8|0|1|12|50|150|50|11|0|1|255|255|0|1|1|1
14258.0|2|2|2|255|1425|8|0|1|12|50|0|50|14|1|0|255|255|0|1|1|1
14259.0|1|1|1|255|1425|9|0|1|12|50|100|50|11|0|0|255|255|0|1|1|1
14259.0|2|2|2|255|1425|9|0|1|12|50|150|50|14|0|2|255|255|0|1|1|1
14268.0|2|2|2|255|1426|8|0|1|12|50|150|50|14|0|3|255|255|0|1|1|1
14269.0|2|2|2|255|1426|9|0|1|12|50|0|50|14|0|1|255|255|0|1|1|1
14277.0|2|2|2|255|1427|7|0|1|12|50|50|50|14|0|0|255|255|0|1|1|1
14345.0|1|1|1|255|1434|5|0|1|12|50|0|50|11|1|0|255|255|0|1|1|1
14346.0|1|1|1|255|1434|6|0|1|12|50|0|50|11|0|2|255|255|0|1|1|1
14349.0|1|1|1|255|1434|9|0|1|12|50|150|50|11|0|3|255|255|0|1|1|1
14358.0|1|1|1|255|1435|8|0|1|12|50|150|50|11|0|1|255|255|0|1|1|1
14358.0|2|2|2|255|1435|8|0|1|12|50|0|50|14|1|0|255|255|0|1|1|1
14359.0|1|1|1|255|1435|9|0|1|12|50|100|50|11|0|0|255|255|0|1|1|1
14359.0|2|2|2|255|1435|9|0|1|12|50|150|50|14|0|2|255|255|0|1|1|1
14368.0|2|2|2|255|1436|8|0|1|12|50|150|50|14|0|3|255|255|0|1|1|1
14369.0|2|2|2|255|1436|9|0|1|12|50|0|50|14|0|1|255|255|0|1|1|1
14377.0|2|2|2|255|1437|7|0|1|12|50|50|50|14|0|0|255|255|0|1|1|1
14445.0|1|1|1|255|1444|5|0|1|12|50|0|50|11|1|0|255|255|0|1|1|1
14446.0|1|1|1|255|1444|6|0|1|12|50|0|50|11|0|2|255|255|0|1|1|1
14449.0|1|1|1|255|1444|9|0|1|12|50|150|50|11|0|3|255|255|0|1|1|1
14458.0|1|1|1|255|1445|8|0|1|12|50|150|50|11|0|1|255|255|0|1|1|1
14458.0|2|2|2|255|1445|8|0|1|12|50|0|50|14|1|0|255|255|0|1|1|1
14459.0|1|1|1|255|1445|9|0|1|12|50|100|50|11|0|0|255|255|0|1|1|1
14459.0|2|2|2|255|1445|9|0|1|12|50|150|50|14|0|2|255|255|0|1|1|1
14468.0|2|2|2|255|1446|8|0|1|12|50|150|50|14|0|3|255|255|0|1|1|1
14469.0|2|2|2|255|1446|9|0|1|12|50|0|50|14|0|1|255|255|0|1|1|1
14477.0|2|2|2|255|1447|7|0|1|12|50|50|50|14|0|0|255|255|0|1|1|1
14545.0|1|1|1|255|1454|5|0|1|12|50|0|50|11|1|0|255|255|0|1|1|1
14546.0|1|1|1|255|1454|6|0|1|12|50|0|50|11|0|2|255|255|0|1|1|1
14549.0|1|1|1|255|1454|9|0|1|12|50|150|50|11|0|3|255|255|0|1|1|1
14558.0|1|1|1|255|1455|8|0|1|12|50|150|50|11|0|1|255|255|0|1|1|1
14559.0|1|1|1|255|1455|9|0|1|12|50|100|50|11|0|0|255|255|0|1|1|1
14564.0|2|2|2|255|1456|4|0|1|12|50|0|50|15|1|0|255|255|0|1|1|1
14565.0|2|2|2|255|1456|5|0|1|12|50|150|50|15|0|2|255|255|0|1|1|1
14566.0|2|2|2|255|1456|6|0|1|12|50|150|50|15|0|3|255|255|0|1|1|1
14567.0|2|2|2|255|1456|7|0|1|12|50|150|50|15|0|1|255|255|0|1|1|1
14578.0|2|2|2|255|1457|8|0|1|12|50|150|50|15|0|0|255|255|0|1|1|1
14645.0|1|1|1|255|1464|5|0|1|12|50|0|50|11|1|0|255|255|0|1|1|1
14646.0|1|1|1|255|1464|6|0|1|12|50|0|50|11|0|2|255|255|0|1|1|1
14649.0|1|1|1|255|1464|9|0|1|12|50|150|50|11|0|3|255|255|0|1|1|1
14658.0|1|1|1|255|1465|8|0|1|12|50|150|50|11|0|1|255|255|0|1|1|1
14659.0|1|1|1|255|1465|9|0|1|12|50|100|50|11|0|0|255|255|0|1|1|1
14664.0|2|2|2|255|1466|4|0|1|12|50|0|50|15|1|0|255|255|0|1|1|1
14665.0|2|2|2|255|1466|5|0|1|12|50|150|50|15|0|2|255|255|0|1|1|1
14666.0|2|2|2|255|1466|6|0|1|12|50|150|50|15|0|3|255|255|0|1|1|1
14667.0|2|2|2|255|1466|7|0|1|12|50|150|50|15|0|1|255|255|0|1|1|1
14678.0|2|2|2|255|1467|8|0|1|12|50|150|50|15|0|0|255|255|0|1|1|1
14745.0|1|1|1|255|1474|5|0|1|12|50|0|50|11|1|0|255|255|0|1|1|1
14746.0|1|1|1|255|1474|6|0|1|12|50|0|50|11|0|2|255|255|0|1|1|1
14749.0|1|1|1|255|1474|9|0|1|12|50|150|50|11|0|3|255|255|0|1|1|1
14758.0|1|1|1|255|1475|8|0|1|12|50|150|50|11|0|1|255|255|0|1|1|1
14759.0|1|1|1|255|1475|9|0|1|12|50|100|50|11|0|0|255|255|0|1|1|1
14764.0|2|2|2|255|1476|4|0|1|12|50|0|50|15|1|0|255|255|0|1|1|1
14765.0|2|2|2|255|1476|5|0|1|12|50|150|50|15|0|2|255|255|0|1|1|1
14766.0|2|2|2|255|1476|6|0|1|12|50|150|50|15|0|3|255|255|0|1|1|1
14767.0|2|2|2|255|1476|7|0|1|12|50|150|50|15|0|1|255|255|0|1|1|1
14778.0|2|2|2|255|1477|8|0|1|12|50|150|50|15|0|0|255|255|0|1|1|1
14845.0|1|1|1|255|1484|5|0|1|12|50|0|50|11|1|0|255|255|0|1|1|1
14846.0|1|1|1|255|1484|6|0|1|12|50|0|50|11|0|2|255|255|0|1|1|1
14849.0|1|1|1|255|1484|9|0|1|12|50|150|50|11|0|3|255|255|0|1|1|1
14858.0|1|1|1|255|1485|8|0|1|12|50|150|50|11|0|1|255|255|0|1|1|1
14859.0|1|1|1|255|1485|9|0|1|12|50|100|50|11|0|0|255|255|0|1|1|1
14864.0|2|2|2|255|1486|4|0|1|12|50|0|50|15|1|0|255|255|0|1|1|1
14865.0|2|2|2|255|1486|5|0|1|12|50|150|50|15|0|2|255|255|0|1|1|1
14866.0|2|2|2|255|1486|6|0|1|12|50|150|50|15|0|3|255|255|0|1|1|1
14867.0|2|2|2|255|1486|7|0|1|12|50|150|50|15|0|1|255|255|0|1|1|1
14878.0|2|2|2|255|1487|8|0|1|12|50|150|50|15|0|0|255|255|0|1|1|1
14945.0|1|1|1|255|1494|5|0|1|12|50|0|50|11|1|0|255|255|0|1|1|1
14946.0|1|1|1|255|1494|6|0|1|12|50|0|50|11|0|2|255|255|0|1|1|1
14949.0|1|1|1|255|1494|9|0|1|12|50|150|50|11|0|3|255|255|0|1|1|1
14958.0|1|1|1|255|1495|8|0|1|12|50|150|50|11|0|1|255|255|0|1|1|1
14959.0|1|1|1|255|1495|9|0|1|12|50|100|50|11|0|0|255|255|0|1|1|1
14964.0|2|2|2|255|1496|4|0|1|12|50|0|50|15|1|0|255|255|0|1|1|1
14965.0|2|2|2|255|1496|5|0|1|12|50|150|50|15|0|2|255|255|0|1|1|1
14966.0|2|2|2|255|1496|6|0|1|12|50|150|50|15|0|3|255|255|0|1|1|1
14967.0|2|2|2|255|1496|7|0|1|12|50|150|50|15|0|1|255|255|0|1|1|1
14978.0|2|2|2|255|1497|8|0|1|12|50|150|50|15|0|0|255|255|0|1|1|1
15045.0|1|1|1|255|1504|5|0|1|12|50|0|50|11|1|0|255|255|0|1|1|1
15046.0|1|1|1|255|1504|6|0|1|12|50|0|50|11|0|2|255|255|0|1|1|1
15049.0|1|1|1|255|1504|9|0|1|12|50|150|50|11|0|3|255|255|0|1|1|1
15058.0|1|1|1|255|1505|8|0|1|12|50|150|50|11|0|1|255|255|0|1|1|1
15059.0|1|1|1|255|1505|9|0|1|12|50|100|50|11|0|0|255|255|0|1|1|1
15064.0|2|2|2|255|1506|4|0|1|12|50|0|50|15|1|0|255|255|0|1|1|1
15065.0|2|2|2|255|1506|5|0|1|12|50|150|50|15|0|2|255|255|0|1|1|1
15066.0|2|2|2|255|1506|6|0|1|12|50|150|50|15|0|3|255|255|0|1|1|1
15067.0|2|2|2|255|1506|7|0|1|12|50|150|50|15|0|1|255|255|0|1|1|1
15078.0|2|2|2|255|1507|8|0|1|12|50|150|50|15|0|0|255|255|0|1|1|1
15139.0|1|1|1|255|1513|9|0|1|12|50|150|50|12|1|0|255|255|0|1|1|1
15144.0|1|1|1|255|1514|4|0|1|12|50|150|50|12|0|2|255|255|0|1|1|1
15148.0|1|1|1|255|1514|8|0|1|12|50|100|50|12|0|3|255|255|0|1|1|1
15157.0|1|1|1|255|1515|7|0|1|12|50|100|50|12|0|1|255|255|0|1|1|1
15158.0|1|1|1|255|1515|8|0|1|12|50|50|50|12|0|0|255|255|0|1|1|1
15164.0|2|2|2|255|1516|4|0|1|12|50|0|50|15|1|0|255|255|0|1|1|1
15165.0|2|2|2|255|1516|5|0|1|12|50|150|50|15|0|2|255|255|0|1|1|1
15166.0|2|2|2|255|1516|6|0|1|12|50|150|50|15|0|3|255|255|0|1|1|1
15167.0|2|2|2|255|1516|7|0|1|12|50|150|50|15|0|1|255|255|0|1|1|1
15178.0|2|2|2|255|1517|8|0|1|12|50|150|50|15|0|0|255|255|0|1|1|1
15239.0|1|1|1|255|1523|9|0|1|12|50|150|50|12|1|0|255|255|0|1|1|1
15244.0|1|1|1|255|1524|4|0|1|12|50|150|50|12|0|2|255|255|0|1|1|1
15248.0|1|1|1|255|1524|8|0|1|12|50|100|50|12|0|3|255|255|0|1|1|1
15257.0|1|1|1|255|1525|7|0|1|12|50|100|50|12|0|1|255|255|0|1|1|1
15258.0|1|1|1|255|1525|8|0|1|12|50|50|50|12|0|0|255|255|0|1|1|1
15264.0|2|2|2|255|1526|4|0|1|12|50|0|50|15|1|0|255|255|0|1|1|1
15265.0|2|2|2|255|1526|5|0|1|12|50|150|50|15|0|2|255|255|0|1|1|1
15266.0|2|2|2|255|1526|6|0|1|12|50|150|50|15|0|3|255|255|0|1|1|1
15267.0|2|2|2|255|1526|7|0|1|12|50|150|50|15|0|1|255|255|0|1|1|1
15278.0|2|2|2|255|1527|8|0|1|12|50|150|50|15|0|0|255|255|0|1|1|1
15339.0|1|1|1|255|1533|9|0|1|12|50|150|50|12|1|0|255|255|0|1|1|1
15344.0|1|1|1|255|1534|4|0|1|12|50|150|50|12|0|2|255|255|0|1|1|1
15348.0|1|1|1|255|1534|8|0|1|12|50|100|50|12|0|3|255|255|0|1|1|1
15357.0|1|1|1|255|1535|7|0|1|12|50|100|50|12|0|1|255|255|0|1|1|1
15358.0|1|1|1|255|1535|8|0|1|12|50|50|50|12|0|0|255|255|0|1|1|1
15364.0|2|2|2|255|1536|4|0|1|12|50|0|50|15|1|0|255|255|0|1|1|1
15365.0|2|2|2|255|1536|5|0|1|12|50|150|50|15|0|2|255|255|0|1|1|1
15366.0|2|2|2|255|1536|6|0|1|12|50|150|50|15|0|3|255|255|0|1|1|1
15367.0|2|2|2|255|1536|7|0|1|12|50|150|50|15|0|1|255|255|0|1|1|1
15378.0|2|2|2|255|1537|8|0|1|12|50|150|50|15|0|0|255|255|0|1|1|1
15439.0|1|1|1|255|1543|9|0|1|12|50|150|50|12|1|0|255|255|0|1|1|1
15444.0|1|1|1|255|1544|4|0|1|12|50|150|50|12|0|2|255|255|0|1|1|1
15448.0|1|1|1|255|1544|8|0|1|12|50|100|50|12|0|3|255|255|0|1|1|1
15457.0|1|1|1|255|1545|7|0|1|12|50|100|50|12|0|1|255|255|0|1|1|1
15458.0|1|1|1|255|1545|8|0|1|12|50|50|50|12|0|0|255|255|0|1|1|1
15464.0|2|2|2|255|1546|4|0|1|12|50|0|50|15|1|0|255|255|0|1|1|1
15465.0|2|2|2|255|1546|5|0|1|12|50|150|50|15|0|2|255|255|0|1|1|1
15466.0|2|2|2|255|1546|6|0|1|12|50|150|50|15|0|3|255|255|0|1|1|1
15467.0|2|2|2|255|1546|7|0|1|12|50|150|50|15|0|1|255|255|0|1|1|1
15478.0|2|2|2|255|1547|8|0|1|12|50|150|50|15|0|0|255|255|0|1|1|1
15539.0|1|1|1|255|1553|9|0|1|12|50|150|50|12|1|0|255|255|0|1|1|1
15544.0|1|1|1|255|1554|4|0|1|12|50|150|50|12|0|2|255|255|0|1|1|1
15548.0|1|1|1|255|1554|8|0|1|12|50|100|50|12|0|3|255|255|0|1|1|1
15557.0|1|1|1|255|1555|7|0|1|12|50|100|50|12|0|1|255|255|0|1|1|1
15558.0|1|1|1|255|1555|8|0|1|12|50|50|50|12|0|0|255|255|0|1|1|1
15564.0|2|2|2|255|1556|4|0|1|12|50|0|50|15|1|0|255|255|0|1|1|1
15565.0|2|2|2|255|1556|5|0|1|12|50|150|50|15|0|2|255|255|0|1|1|1
15566.0|2|2|2|255|1556|6|0|1|12|50|150|50|15|0|3|255|255|0|1|1|1
15567.0|2|2|2|255|1556|7|0|1|12|50|150|50|15|0|1|255|255|0|1|1|1
15578.0|2|2|2|255|1557|8|0|1|12|50|150|50|15|0|0|255|255|0|1|1|1
15639.0|1|1|1|255|1563|9|0|1|12|50|150|50|12|1|0|255|255|0|1|1|1
15644.0|1|1|1|255|1564|4|0|1|12|50|150|50|12|0|2|255|255|0|1|1|1
15648.0|1|1|1|255|1564|8|0|1|12|50|100|50|12|0|3|255|255|0|1|1|1
15657.0|1|1|1|255|1565|7|0|1|12|50|100|50|12|0|1|255|255|0|1|1|1
15658.0|1|1|1|255|1565|8|0|1|12|50|50|50|12|0|0|255|255|0|1|1|1
15664.0|2|2|2|255|1566|4|0|1|12|50|0|50|15|1|0|255|255|0|1|1|1
15665.0|2|2|2|255|1566|5|0|1|12|50|150|50|15|0|2|255|255|0|1|1|1
15666.0|2|2|2|255|1566|6|0|1|12|50|150|50|15|0|3|255|255|0|1|1|1
15667.0|2|2|2|255|1566|7|0|1|12|50|150|50|15|0|1|255|255|0|1|1|1
15678.0|2|2|2|255|1567|8|0|1|12|50|150|50|15|0|0|255|255|0|1|1|1
15739.0|1|1|1|255|1573|9|0|1|12|50|150|50|12|1|0|255|255|0|1|1|1
15744.0|1|1|1|255|1574|4|0|1|12|50|150|50|12|0|2|255|255|0|1|1|1
15748.0|1|1|1|255|1574|8|0|1|12|50|100|50|12|0|3|255|255|0|1|1|1
15757.0|1|1|1|255|1575|7|0|1|12|50|100|50|12|0|1|255|255|0|1|1|1
15758.0|1|1|1|255|1575|8|0|1|12|50|50|50|12|0|0|255|255|0|1|1|1
15764.0|2|2|2|255|1576|4|0|1|12|50|0|50|15|1|0|255|255|0|1|1|1
15765.0|2|2|2|255|1576|5|0|1|12|50|150|50|15|0|2|255|255|0|1|1|1
15766.0|2|2|2|255|1576|6|0|1|12|50|150|50|15|0|3|255|255|0|1|1|1
15767.0|2|2|2|255|1576|7|0|1|12|50|150|50|15|0|1|255|255|0|1|1|1
15778.0|2|2|2|255|1577|8|0|1|12|50|150|50|15|0|0|255|255|0|1|1|1
15839.0|1|1|1|255|1583|9|0|1|12|50|150|50|12|1|0|255|255|0|1|1|1
15844.0|1|1|1|255|1584|4|0|1|12|50|150|50|12|0|2|255|255|0|1|1|1
15848.0|1|1|1|255|1584|8|0|1|12|50|100|50|12|0|3|255|255|0|1|1|1
15857.0|1|1|1|255|1585|7|0|1|12|50|100|50|12|0|1|255|255|0|1|1|1
15858.0|1|1|1|255|1585|8|0|1|12|50|50|50|12|0|0|255|255|0|1|1|1
15864.0|2|2|2|255|1586|4|0|1|12|50|0|50|15|1|0|255|255|0|1|1|1
15865.0|2|2|2|255|1586|5|0|1|12|50|150|50|15|0|2|255|255|0|1|1|1
15866.0|2|2|2|255|1586|6|0|1|12|50|150|50|15|0|3|255|255|0|1|1|1
15867.0|2|2|2|255|1586|7|0|1|12|50|150|50|15|0|1|255|255|0|1|1|1
15878.0|2|2|2|255|1587|8|0|1|12|50|150|50|15|0|0|255|255|0|1|1|1
15939.0|1|1|1|255|1593|9|0|1|12|50|150|50|12|1|0|255|255|0|1|1|1
15944.0|1|1|1|255|1594|4|0|1|12|50|150|50|12|0|2|255|255|0|1|1|1
15948.0|1|1|1|255|1594|8|0|1|12|50|100|50|12|0|3|255|255|0|1|1|1
15957.0|1|1|1|255|1595|7|0|1|12|50|100|50|12|0|1|255|255|0|1|1|1
15958.0|1|1|1|255|1595|8|0|1|12|50|50|50|12|0|0|255|255|0|1|1|1
15964.0|2|2|2|255|1596|4|0|1|12|50|0|50|15|1|0|255|255|0|1|1|1
15965.0|2|2|2|255|1596|5|0|1|12|50|150|50|15|0|2|255|255|0|1|1|1
15966.0|2|2|2|255|1596|6|0|1|12|50|150|50|15|0|3|255|255|0|1|1|1
15967.0|2|2|2|255|1596|7|0|1|12|50|150|50|15|0|1|255|255|0|1|1|1
15978.0|2|2|2|255|1597|8|0|1|12|50|150|50|15|0|0|255|255|0|1|1|1
16039.0|1|1|1|255|1603|9|0|1|12|50|150|50|12|1|0|255|255|0|1|1|1
16044.0|1|1|1|255|1604|4|0|1|12|50|150|50|12|0|2|255|255|0|1|1|1
16048.0|1|1|1|255|1604|8|0|1|12|50|100|50|12|0|3|255|255|0|1|1|1
16057.0|1|1|1|255|1605|7|0|1|12|50|100|50|12|0|1|255|255|0|1|1|1
16058.0|1|1|1|255|1605|8|0|1|12|50|50|50|12|0|0|255|255|0|1|1|1
16059.0|2|2|2|255|1605|9|0|1|12|50|150|50|0|1|0|255|255|0|1|1|1
16066.0|2|2|2|255|1606|6|0|1|12|50|0|50|0|0|2|255|255|0|1|1|1
16067.0|2|2|2|255|1606|7|0|1|12|50|50|50|0|0|3|255|255|0|1|1|1
16068.0|2|2|2|255|1606|8|0|1|12|50|100|50|0|0|1|255|255|0|1|1|1
16078.0|2|2|2|255|1607|8|0|1|12|50|50|50|0|0|0|255|255|0|1|1|1
16139.0|1|1|1|255|1613|9|0|1|12|50|150|50|12|1|0|255|255|0|1|1|1
16144.0|1|1|1|255|1614|4|0|1|12|50|150|50|12|0|2|255|255|0|1|1|1
16148.0|1|1|1|255|1614|8|0|1|12|50|100|50|12|0|3|255|255|0|1|1|1
16157.0|1|1|1|255|1615|7|0|1|12|50|100|50|12|0|1|255|255|0|1|1|1
16158.0|1|1|1|255|1615|8|0|1|12|50|50|50|12|0|0|255|255|0|1|1|1
16159.0|2|2|2|255|1615|9|0|1|12|50|150|50|0|1|0|255|255|0|1|1|1
16166.0|2|2|2|255|1616|6|0|1|12|50|0|50|0|0|2|255|255|0|1|1|1
16167.0|2|2|2|255|1616|7|0|1|12|50|50|50|0|0|3|255|255|0|1|1|1
16168.0|2|2|2|255|1616|8|0|1|12|50|100|50|0|0|1|255|255|0|1|1|1
16178.0|2|2|2|255|1617|8|0|1|12|50|50|50|0|0|0|255|255|0|1|1|1
16239.0|1|1|1|255|1623|9|0|1|12|50|150|50|12|1|0|255|255|0|1|1|1
16244.0|1|1|1|255|1624|4|0|1|12|50|150|50|12|0|2|255|255|0|1|1|1
16248.0|1|1|1|255|1624|8|0|1|12|50|100|50|12|0|3|255|255|0|1|1|1
16257.0|1|1|1|255|1625|7|0|1|12|50|100|50|12|0|1|255|255|0|1|1|1
16258.0|1|1|1|255|1625|8|0|1|12|50|50|50|12|0|0|255|255|0|1|1|1
16259.0|2|2|2|255|1625|9|0|1|12|50|150|50|0|1|0|255|255|0|1|1|1
16266.0|2|2|2|255|1626|6|0|1|12|50|0|50|0|0|2|255|255|0|1|1|1
16267.0|2|2|2|255|1626|7|0|1|12|50|50|50|0|0|3|255|255|0|1|1|1
16268.0|2|2|2|255|1626|8|0|1|12|50|100|50|0|0|1|255|255|0|1|1|1
16278.0|2|2|2|255|1627|8|0|1|12|50|50|50|0|0|0|255|255|0|1|1|1
16346.0|1|1|1|255|1634|6|0|1|12|50|100|50|13|1|0|255|255|0|1|1|1
16347.0|1|1|1|255|1634|7|0|1|12|50|100|50|13|0|2|255|255|0|1|1|1
16348.0|1|1|1|255|1634|8|0|1|12|50|0|50|13|0|3|255|255|0|1|1|1
16357.0|1|1|1|255|1635|7|0|1|12|50|150|50|13|0|1|255|255|0|1|1|1
16359.0|1|1|1|255|1635|9|0|1|12|50|150|50|13|0|0|255|255|0|1|1|1
16359.0|2|2|2|255|1635|9|0|1|12|50|150|50|0|1|0|255|255|0|1|1|1
16366.0|2|2|2|255|1636|6|0|1|12|50|0|50|0|0|2|255|255|0|1|1|1
16367.0|2|2|2|255|1636|7|0|1|12|50|50|50|0|0|3|255|255|0|1|1|1
16368.0|2|2|2|255|1636|8|0|1|12|50|100|50|0|0|1|255|255|0|1|1|1
16378.0|2|2|2|255|1637|8|0|1|12|50|50|50|0|0|0|255|255|0|1|1|1
16446.0|1|1|1|255|1644|6|0|1|12|50|100|50|13|1|0|255|255|0|1|1|1
16447.0|1|1|1|255|1644|7|0|1|12|50|100|50|13|0|2|255|255|0|1|1|1
16448.0|1|1|1|255|1644|8|0|1|12|50|0|50|13|0|3|255|255|0|1|1|1
16457.0|1|1|1|255|1645|7|0|1|12|50|150|50|13|0|1|255|255|0|1|1|1
16459.0|1|1|1|255|1645|9|0|1|12|50|150|50|13|0|0|255|255|0|1|1|1
16459.0|2|2|2|255|1645|9|0|1|12|50|150|50|0|1|0|255|255|0|1|1|1
16466.0|2|2|2|255|1646|6|0|1|12|50|0|50|0|0|2|255|255|0|1|1|1
16467.0|2|2|2|255|1646|7|0|1|12|50|50|50|0|0|3|255|255|0|1|1|1
16468.0|2|2|2|255|1646|8|0|1|12|50|100|50|0|0|1|255|255|0|1|1|1
16478.0|2|2|2|255|1647|8|0|1|12|50|50|50|0|0|0|255|255|0|1|1|1
16546.0|1|1|1|255|1654|6|0|1|12|50|100|50|13|1|0|255|255|0|1|1|1
16547.0|1|1|1|255|1654|7|0|1|12|50|100|50|13|0|2|255|255|0|1|1|1
16548.0|1|1|1|255|1654|8|0|1|12|50|0|50|13|0|3|255|255|0|1|1|1
16557.0|1|1|1|255|1655|7|0|1|12|50|150|50|13|0|1|255|255|0|1|1|1
16559.0|1|1|1|255|1655|9|0|1|12|50|150|50|13|0|0|255|255|0|1|1|1
16559.0|2|2|2|255|1655|9|0|1|12|50|150|50|0|1|0|255|255|0|1|1|1
16566.0|2|2|2|255|1656|6|0|1|12|50|0|50|0|0|2|255|255|0|1|1|1
16567.0|2|2|2|255|1656|7|0|1|12|50|50|50|0|0|3|255|255|0|1|1|1
16568.0|2|2|2|255|1656|8|0|1|12|50|100|50|0|0|1|255|255|0|1|1|1
16578.0|2|2|2|255|1657|8|0|1|12|50|50|50|0|0|0|255|255|0|1|1|1
16646.0|1|1|1|255|1664|6|0|1|12|50|100|50|13|1|0|255|255|0|1|1|1
16647.0|1|1|1|255|1664|7|0|1|12|50|100|50|13|0|2|255|255|0|1|1|1
16648.0|1|1|1|255|1664|8|0|1|12|50|0|50|13|0|3|255|255|0|1|1|1
16657.0|1|1|1|255|1665|7|0|1|12|50|150|50|13|0|1|255|255|0|1|1|1
16659.0|1|1|1|255|1665|9|0|1|12|50|150|50|13|0|0|255|255|0|1|1|1
16659.0|2|2|2|255|1665|9|0|1|12|50|150|50|0|1|0|255|255|0|1|1|1
16666.0|2|2|2|255|1666|6|0|1|12|50|0|50|0|0|2|255|255|0|1|1|1
16667.0|2|2|2|255|1666|7|0|1|12|50|50|50|0|0|3|255|255|0|1|1|1
16668.0|2|2|2|255|1666|8|0|1|12|50|100|50|0|0|1|255|255|0|1|1|1
16678.0|2|2|2|255|1667|8|0|1|12|50|50|50|0|0|0|255|255|0|1|1|1
16746.0|1|1|1|255|1674|6|0|1|12|50|100|50|13|1|0|255|255|0|1|1|1
16747.0|1|1|1|255|1674|7|0|1|12|50|100|50|13|0|2|255|255|0|1|1|1
16748.0|1|1|1|255|1674|8|0|1|12|50|0|50|13|0|3|255|255|0|1|1|1
16757.0|1|1|1|255|1675|7|0|1|12|50|150|50|13|0|1|255|255|0|1|1|1
16759.0|1|1|1|255|1675|9|0|1|12|50|150|50|13|0|0|255|255|0|1|1|1
16759.0|2|2|2|255|1675|9|0|1|12|50|150|50|0|1|0|255|255|0|1|1|1
16766.0|2|2|2|255|1676|6|0|1|12|50|0|50|0|0|2|255|255|0|1|1|1
16767.0|2|2|2|255|1676|7|0|1|12|50|50|50|0|0|3|255|255|0|1|1|1
16768.0|2|2|2|255|1676|8|0|1|12|50|100|50|0|0|1|255|255|0|1|1|1
16778.0|2|2|2|255|1677|8|0|1|12|50|50|50|0|0|0|255|255|0|1|1|1
16846.0|1|1|1|255|1684|6|0|1|12|50|100|50|13|1|0|255|255|0|1|1|1
16847.0|1|1|1|255|1684|7|0|1|12|50|100|50|13|0|2|255|255|0|1|1|1
16848.0|1|1|1|255|1684|8|0|1|12|50|0|50|13|0|3|255|255|0|1|1|1
16857.0|1|1|1|255|1685|7|0|1|12|50|150|50|13|0|1|255|255|0|1|1|1
16859.0|1|1|1|255|1685|9|0|1|12|50|150|50|13|0|0|255|255|0|1|1|1
16859.0|2|2|2|255|1685|9|0|1|12|50|150|50|0|1|0|255|255|0|1|1|1
16866.0|2|2|2|255|1686|6|0|1|12|50|0|50|0|0|2|255|255|0|1|1|1
16867.0|2|2|2|255|1686|7|0|1|12|50|50|50|0|0|3|255|255|0|1|1|1
16868.0|2|2|2|255|1686|8|0|1|12|50|100|50|0|0|1|255|255|0|1|1|1
16878.0|2|2|2|255|1687|8|0|1|12|50|50|50|0|0|0|255|255|0|1|1|1
16946.0|1|1|1|255|1694|6|0|1|12|50|100|50|13|1|0|255|255|0|1|1|1
16947.0|1|1|1|255|1694|7|0|1|12|50|100|50|13|0|2|255|255|0|1|1|1
16948.0|1|1|1|255|1694|8|0|1|12|50|0|50|13|0|3|255|255|0|1|1|1
16957.0|1|1|1|255|1695|7|0|1|12|50|150|50|13|0|1|255|255|0|1|1|1
16959.0|1|1|1|255|1695|9|0|1|12|50|150|50|13|0|0|255|255|0|1|1|1
16959.0|2|2|2|255|1695|9|0|1|12|50|150|50|0|1|0|255|255|0|1|1|1
16966.0|2|2|2|255|1696|6|0|1|12|50|0|50|0|0|2|255|255|0|1|1|1
16967.0|2|2|2|255|1696|7|0|1|12|50|50|50|0|0|3|255|255|0|1|1|1
16968.0|2|2|2|255|1696|8|0|1|12|50|100|50|0|0|1|255|255|0|1|1|1
16978.0|2|2|2|255|1697|8|0|1|12|50|50|50|0|0|0|255|255|0|1|1|1
17046.0|1|1|1|255|1704|6|0|1|12|50|100|50|13|1|0|255|255|0|1|1|1
17047.0|1|1|1|255|1704|7|0|1|12|50|100|50|13|0|2|255|255|0|1|1|1
17048.0|1|1|1|255|1704|8|0|1|12|50|0|50|13|0|3|255|255|0|1|1|1
17057.0|1|1|1|255|1705|7|0|1|12|50|150|50|13|0|1|255|255|0|1|1|1
17059.0|1|1|1|255|1705|9|0|1|12|50|150|50|13|0|0|255|255|0|1|1|1
17059.0|2|2|2|255|1705|9|0|1|12|50|150|50|0|1|0|255|255|0|1|1|1
17066.0|2|2|2|255|1706|6|0|1|12|50|0|50|0|0|2|255|255|0|1|1|1
17067.0|2|2|2|255|1706|7|0|1|12|50|50|50|0|0|3|255|255|0|1|1|1
17068.0|2|2|2|255|1706|8|0|1|12|50|100|50|0|0|1|255|255|0|1|1|1
17078.0|2|2|2|255|1707|8|0|1|12|50|50|50|0|0|0|255|255|0|1|1|1
17146.0|1|1|1|255|1714|6|0|1|12|50|100|50|13|1|0|255|255|0|1|1|1
17147.0|1|1|1|255|1714|7|0|1|12|50|100|50|13|0|2|255|255|0|1|1|1
17148.0|1|1|1|255|1714|8|0|1|12|50|0|50|13|0|3|255|255|0|1|1|1
17157.0|1|1|1|255|1715|7|0|1|12|50|150|50|13|0|1|255|255|0|1|1|1
17159.0|1|1|1|255|1715|9|0|1|12|50|150|50|13|0|0|255|255|0|1|1|1
17159.0|2|2|2|255|1715|9|0|1|12|50|150|50|0|1|0|255|255|0|1|1|1
17166.0|2|2|2|255|1716|6|0|1|12|50|0|50|0|0|2|255|255|0|1|1|1
17167.0|2|2|2|255|1716|7|0|1|12|50|50|50|0|0|3|255|255|0|1|1|1
17168.0|2|2|2|255|1716|8|0|1|12|50|100|50|0|0|1|255|255|0|1|1|1
17178.0|2|2|2|255|1717|8|0|1|12|50|50|50|0|0|0|255|255|0|1|1|1
17246.0|1|1|1|255|1724|6|0|1|12|50|100|50|13|1|0|255|255|0|1|1|1
17247.0|1|1|1|255|1724|7|0|1|12|50|100|50|13|0|2|255|255|0|1|1|1
17248.0|1|1|1|255|1724|8|0|1|12|50|0|50|13|0|3|255|255|0|1|1|1
17257.0|1|1|1|255|1725|7|0|1|12|50|150|50|13|0|1|255|255|0|1|1|1
17259.0|1|1|1|255|1725|9|0|1|12|50|150|50|13|0|0|255|255|0|1|1|1
17259.0|2|2|2|255|1725|9|0|1|12|50|150|50|0|1|0|255|255|0|1|1|1
17266.0|2|2|2|255|1726|6|0|1|12|50|0|50|0|0|2|255|255|0|1|1|1
17267.0|2|2|2|255|1726|7|0|1|12|50|50|50|0|0|3|255|255|0|1|1|1
17268.0|2|2|2|255|1726|8|0|1|12|50|100|50|0|0|1|255|255|0|1|1|1
17278.0|2|2|2|255|1727|8|0|1|12|50|50|50|0|0|0|255|255|0|1|1|1
17346.0|1|1|1|255|1734|6|0|1|12|50|100|50|13|1|0|255|255|0|1|1|1
17347.0|1|1|1|255|1734|7|0|1|12|50|100|50|13|0|2|255|255|0|1|1|1
17348.0|1|1|1|255|1734|8|0|1|12|50|0|50|13|0|3|255|255|0|1|1|1
17357.0|1|1|1|255|1735|7|0|1|12|50|150|50|13|0|1|255|255|0|1|1|1
17359.0|1|1|1|255|1735|9|0|1|12|50|150|50|13|0|0|255|255|0|1|1|1
17359.0|2|2|2|255|1735|9|0|1|12|50|150|50|0|1|0|255|255|0|1|1|1
17366.0|2|2|2|255|1736|6|0|1|12|50|0|50|0|0|2|255|255|0|1|1|1
17367.0|2|2|2|255|1736|7|0|1|12|50|50|50|0|0|3|255|255|0|1|1|1
17368.0|2|2|2|255|1736|8|0|1|12|50|100|50|0|0|1|255|255|0|1|1|1
17378.0|2|2|2|255|1737|8|0|1|12|50|50|50|0|0|0|255|255|0|1|1|1
17446.0|1|1|1|255|1744|6|0|1|12|50|100|50|13|1|0|255|255|0|1|1|1
17447.0|1|1|1|255|1744|7|0|1|12|50|100|50|13|0|2|255|255|0|1|1|1
17448.0|1|1|1|255|1744|8|0|1|12|50|0|50|13|0|3|255|255|0|1|1|1
17457.0|1|1|1|255|1745|7|0|1|12|50|150|50|13|0|1|255|255|0|1|1|1
17459.0|1|1|1|255|1745|9|0|1|12|50|150|50|13|0|0|255|255|0|1|1|1
17459.0|2|2|2|255|1745|9|0|1|12|50|150|50|0|1|0|255|255|0|1|1|1
17466.0|2|2|2|255|1746|6|0|1|12|50|0|50|0|0|2|255|255|0|1|1|1
17467.0|2|2|2|255|1746|7|0|1|12|50|50|50|0|0|3|255|255|0|1|1|1
17468.0|2|2|2|255|1746|8|0|1|12|50|100|50|0|0|1|255|255|0|1|1|1
17478.0|2|2|2|255|1747|8|0|1|12|50|50|50|0|0|0|255|255|0|1|1|1
17546.0|1|1|1|255|1754|6|0|1|12|50|100|50|13|1|0|255|255|0|1|1|1
17547.0|1|1|1|255|1754|7|0|1|12|50|100|50|13|0|2|255|255|0|1|1|1
17548.0|1|1|1|255|1754|8|0|1|12|50|0|50|13|0|3|255|255|0|1|1|1
17557.0|1|1|1|255|1755|7|0|1|12|50|150|50|13|0|1|255|255|0|1|1|1
17558.0|2|2|2|255|1755|8|0|1|12|50|150|50|1|1|0|255|255|0|1|1|1
17559.0|2|2|2|255|1755|9|0|1|12|50|0|50|1|0|2|255|255|0|1|1|1
17559.0|1|1|1|255|1755|9|0|1|12|50|150|50|13|0|0|255|255|0|1|1|1
17564.0|2|2|2|255|1756|4|0|1|12|50|100|50|1|0|3|255|255|0|1|1|1
17568.0|2|2|2|255|1756|8|0|1|12|50|0|50|1|0|1|255|255|0|1|1|1
17578.0|2|2|2|255|1757|8|0|1|12|50|150|50|1|0|0|255|255|0|1|1|1
17646.0|1|1|1|255|1764|6|0|1|12|50|100|50|13|1|0|255|255|0|1|1|1
17647.0|1|1|1|255|1764|7|0|1|12|50|100|50|13|0|2|255|255|0|1|1|1
17648.0|1|1|1|255|1764|8|0|1|12|50|0|50|13|0|3|255|255|0|1|1|1
17657.0|1|1|1|255|1765|7|0|1|12|50|150|50|13|0|1|255|255|0|1|1|1
17658.0|2|2|2|255|1765|8|0|1|12|50|150|50|1|1|0|255|255|0|1|1|1
17659.0|2|2|2|255|1765|9|0|1|12|50|0|50|1|0|2|255|255|0|1|1|1
17659.0|1|1|1|255|1765|9|0|1|12|50|150|50|13|0|0|255|255|0|1|1|1
17664.0|2|2|2|255|1766|4|0|1|12|50|100|50|1|0|3|255|255|0|1|1|1
17668.0|2|2|2|255|1766|8|0|1|12|50|0|50|1|0|1|255|255|0|1|1|1
17678.0|2|2|2|255|1767|8|0|1|12|50|150|50|1|0|0|255|255|0|1|1|1
17738.0|1|1|1|255|1773|8|0|1|12|50|50|50|14|1|0|255|255|0|1|1|1
17739.0|1|1|1|255|1773|9|0|1|12|50|150|50|14|0|2|255|255|0|1|1|1
17744.0|1|1|1|255|1774|4|0|1|12|50|50|50|14|0|3|255|255|0|1|1|1
17757.0|1|1|1|255|1775|7|0|1|12|50|0|50|14|0|1|255|255|0|1|1|1
17758.0|2|2|2|255|1775|8|0|1|12|50|150|50|1|1|0|255|255|0|1|1|1
17759.0|2|2|2|255|1775|9|0|1|12|50|0|50|1|0|2|255|255|0|1|1|1
17759.0|1|1|1|255|1775|9|0|1|12|50|150|50|14|0|0|255|255|0|1|1|1
17764.0|2|2|2|255|1776|4|0|1|12|50|100|50|1|0|3|255|255|0|1|1|1
17768.0|2|2|2|255|1776|8|0|1|12|50|0|50|1|0|1|255|255|0|1|1|1
17778.0|2|2|2|255|1777|8|0|1|12|50|150|50|1|0|0|255|255|0|1|1|1
17838.0|1|1|1|255|1783|8|0|1|12|50|50|50|14|1|0|255|255|0|1|1|1
17839.0|1|1|1|255|1783|9|0|1|12|50|150|50|14|0|2|255|255|0|1|1|1
17844.0|1|1|1|255|1784|4|0|1|12|50|50|50|14|0|3|255|255|0|1|1|1
17857.0|1|1|1|255|1785|7|0|1|12|50|0|50|14|0|1|255|255|0|1|1|1
17858.0|2|2|2|255|1785|8|0|1|12|50|150|50|1|1|0|255|255|0|1|1|1
17859.0|2|2|2|255|1785|9|0|1|12|50|0|50|1|0|2|255|255|0|1|1|1
17859.0|1|1|1|255|1785|9|0|1|12|50|150|50|14|0|0|255|255|0|1|1|1
17864.0|2|2|2|255|1786|4|0|1|12|50|100|50|1|0|3|255|255|0|1|1|1
17868.0|2|2|2|255|1786|8|0|1|12|50|0|50|1|0|1|255|255|0|1|1|1
17878.0|2|2|2|255|1787|8|0|1|12|50|150|50|1|0|0|255|255|0|1|1|1
17938.0|1|1|1|255|1793|8|0|1|12|50|50|50|14|1|0|255|255|0|1|1|1
17939.0|1|1|1|255|1793|9|0|1|12|50|150|50|14|0|2|255|255|0|1|1|1
17944.0|1|1|1|255|1794|4|0|1|12|50|50|50|14|0|3|255|255|0|1|1|1
17957.0|1|1|1|255|1795|7|0|1|12|50|0|50|14|0|1|255|255|0|1|1|1
17958.0|2|2|2|255|1795|8|0|1|12|50|150|50|1|1|0|255|255|0|1|1|1
17959.0|2|2|2|255|1795|9|0|1|12|50|0|50|1|0|2|255|255|0|1|1|1
17959.0|1|1|1|255|1795|9|0|1|12|50|150|50|14|0|0|255|255|0|1|1|1
17964.0|2|2|2|255|1796|4|0|1|12|50|100|50|1|0|3|255|255|0|1|1|1
17968.0|2|2|2|255|1796|8|0|1|12|50|0|50|1|0|1|255|255|0|1|1|1
17978.0|2|2|2|255|1797|8|0|1|12|50|150|50|1|0|0|255|255|0|1|1|1
18038.0|1|1|1|255|1803|8|0|1|12|50|50|50|14|1|0|255|255|0|1|1|1
18039.0|1|1|1|255|1803|9|0|1|12|50|150|50|14|0|2|255|255|0|1|1|1
18044.0|1|1|1|255|1804|4|0|1|12|50|50|50|14|0|3|255|255|0|1|1|1
18057.0|1|1|1|255|1805|7|0|1|12|50|0|50|14|0|1|255|255|0|1|1|1
18058.0|2|2|2|255|1805|8|0|1|12|50|150|50|1|1|0|255|255|0|1|1|1
18059.0|2|2|2|255|1805|9|0|1|12|50|0|50|1|0|2|255|255|0|1|1|1
18059.0|1|1|1|255|1805|9|0|1|12|50|150|50|14|0|0|255|255|0|1|1|1
18064.0|2|2|2|255|1806|4|0|1|12|50|100|50|1|0|3|255|255|0|1|1|1
18068.0|2|2|2|255|1806|8|0|1|12|50|0|50|1|0|1|255|255|0|1|1|1
18078.0|2|2|2|255|1807|8|0|1|12|50|150|50|1|0|0|255|255|0|1|1|1
18138.0|1|1|1|255|1813|8|0|1|12|50|50|50|14|1|0|255|255|0|1|1|1
18139.0|1|1|1|255|1813|9|0|1|12|50|150|50|14|0|2|255|255|0|1|1|1
18144.0|1|1|1|255|1814|4|0|1|12|50|50|50|14|0|3|255|255|0|1|1|1
18157.0|1|1|1|255|1815|7|0|1|12|50|0|50|14|0|1|255|255|0|1|1|1
18158.0|2|2|2|255|1815|8|0|1|12|50|150|50|1|1|0|255|255|0|1|1|1
18159.0|2|2|2|255|1815|9|0|1|12|50|0|50|1|0|2|255|255|0|1|1|1
18159.0|1|1|1|255|1815|9|0|1|12|50|150|50|14|0|0|255|255|0|1|1|1
18164.0|2|2|2|255|1816|4|0|1|12|50|100|50|1|0|3|255|255|0|1|1|1
18168.0|2|2|2|255|1816|8|0|1|12|50|0|50|1|0|1|255|255|0|1|1|1
18178.0|2|2|2|255|1817|8|0|1|12|50|150|50|1|0|0|255|255|0|1|1|1
18238.0|1|1|1|255|1823|8|0|1|12|50|50|50|14|1|0|255|255|0|1|1|1
18239.0|1|1|1|255|1823|9|0|1|12|50|150|50|14|0|2|255|255|0|1|1|1
18244.0|1|1|1|255|1824|4|0|1|12|50|50|50|14|0|3|255|255|0|1|1|1
18257.0|1|1|1|255|1825|7|0|1|12|50|0|50|14|0|1|255|255|0|1|1|1
18258.0|2|2|2|255|1825|8|0|1|12|50|150|50|1|1|0|255|255|0|1|1|1
18259.0|2|2|2|255|1825|9|0|1|12|50|0|50|1|0|2|255|255|0|1|1|1
18259.0|1|1|1|255|1825|9|0|1|12|50|150|50|14|0|0|255|255|0|1|1|1
18264.0|2|2|2|255|1826|4|0|1|12|50|100|50|1|0|3|255|255|0|1|1|1
18268.0|2|2|2|255|1826|8|0|1|12|50|0|50|1|0|1|255|255|0|1|1|1
18278.0|2|2|2|255|1827|8|0|1|12|50|150|50|1|0|0|255|255|0|1|1|1
18338.0|1|1|1|255|1833|8|0|1|12|50|50|50|14|1|0|255|255|0|1|1|1
18339.0|1|1|1|255|1833|9|0|1|12|50|150|50|14|0|2|255|255|0|1|1|1
18344.0|1|1|1|255|1834|4|0|1|12|50|50|50|14|0|3|255|255|0|1|1|1
18349.0|2|2|2|255|1834|9|0|1|12|50|150|50|2|1|0|255|255|0|1|1|1
18357.0|1|1|1|255|1835|7|0|1|12|50|0|50|14|0|1|255|255|0|1|1|1
18359.0|1|1|1|255|1835|9|0|1|12|50|150|50|14|0|0|255|255|0|1|1|1
18365.0|2|2|2|255|1836|5|0|1|12|50|0|50|2|0|2|255|255|0|1|1|1
18366.0|2|2|2|255|1836|6|0|1|12|50|100|50|2|0|3|255|255|0|1|1|1
18369.0|2|2|2|255|1836|9|0|1|12|50|50|50|2|0|1|255|255|0|1|1|1
18378.0|2|2|2|255|1837|8|0|1|12|50|100|50|2|0|0|255|255|0|1|1|1
18438.0|1|1|1|255|1843|8|0|1|12|50|50|50|14|1|0|255|255|0|1|1|1
18439.0|1|1|1|255|1843|9|0|1|12|50|150|50|14|0|2|255|255|0|1|1|1
18444.0|1|1|1|255|1844|4|0|1|12|50|50|50|14|0|3|255|255|0|1|1|1
18449.0|2|2|2|255|1844|9|0|1|12|50|150|50|2|1|0|255|255|0|1|1|1
18457.0|1|1|1|255|1845|7|0|1|12|50|0|50|14|0|1|255|255|0|1|1|1
18459.0|1|1|1|255|1845|9|0|1|12|50|150|50|14|0|0|255|255|0|1|1|1
18465.0|2|2|2|255|1846|5|0|1|12|50|0|50|2|0|2|255|255|0|1|1|1
18466.0|2|2|2|255|1846|6|0|1|12|50|100|50|2|0|3|255|255|0|1|1|1
18469.0|2|2|2|255|1846|9|0|1|12|50|50|50|2|0|1|255|255|0|1|1|1
18478.0|2|2|2|255|1847|8|0|1|12|50|100|50|2|0|0|255|255|0|1|1|1
18538.0|1|1|1|255|1853|8|0|1|12|50|50|50|14|1|0|255|255|0|1|1|1
18539.0|1|1|1|255|1853|9|0|1|12|50|150|50|14|0|2|255|255|0|1|1|1
18544.0|1|1|1|255|1854|4|0|1|12|50|50|50|14|0|3|255|255|0|1|1|1
18549.0|2|2|2|255|1854|9|0|1|12|50|150|50|2|1|0|255|255|0|1|1|1
18557.0|1|1|1|255|1855|7|0|1|12|50|0|50|14|0|1|255|255|0|1|1|1
18559.0|1|1|1|255|1855|9|0|1|12|50|150|50|14|0|0|255|255|0|1|1|1
18565.0|2|2|2|255|1856|5|0|1|12|50|0|50|2|0|2|255|255|0|1|1|1
18566.0|2|2|2|255|1856|6|0|1|12|50|100|50|2|0|3|255|255|0|1|1|1
18569.0|2|2|2|255|1856|9|0|1|12|50|50|50|2|0|1|255|255|0|1|1|1
18578.0|2|2|2|255|1857|8|0|1|12|50|100|50|2|0|0|255|255|0|1|1|1
18637.0|1|1|1|255|1863|7|0|1|12|50|100|50|15|1|0|255|255|0|1|1|1
18644.0|1|1|1|255|1864|4|0|1|12|50|0|50|15|0|2|255|255|0|1|1|1
18645.0|1|1|1|255|1864|5|0|1|12|50|50|50|15|0|3|255|255|0|1|1|1
18646.0|1|1|1|255|1864|6|0|1|12|50|150|50|15|0|1|255|255|0|1|1|1
18649.0|2|2|2|255|1864|9|0|1|12|50|150|50|2|1|0|255|255|0|1|1|1
18658.0|1|1|1|255|1865|8|0|1|12|50|150|50|15|0|0|255|255|0|1|1|1
18665.0|2|2|2|255|1866|5|0|1|12|50|0|50|2|0|2|255|255|0|1|1|1
18666.0|2|2|2|255|1866|6|0|1|12|50|100|50|2|0|3|255|255|0|1|1|1
18669.0|2|2|2|255|1866|9|0|1|12|50|50|50|2|0|1|255|255|0|1|1|1
18678.0|2|2|2|255|1867|8|0|1|12|50|100|50|2|0|0|255|255|0|1|1|1
18737.0|1|1|1|255|1873|7|0|1|12|50|100|50|15|1|0|255|255|0|1|1|1
18744.0|1|1|1|255|1874|4|0|1|12|50|0|50|15|0|2|255|255|0|1|1|1
18745.0|1|1|1|255|1874|5|0|1|12|50|50|50|15|0|3|255|255|0|1|1|1
18746.0|1|1|1|255|1874|6|0|1|12|50|150|50|15|0|1|255|255|0|1|1|1
18749.0|2|2|2|255|1874|9|0|1|12|50|150|50|2|1|0|255|255|0|1|1|1
18758.0|1|1|1|255|1875|8|0|1|12|50|150|50|15|0|0|255|255|0|1|1|1
18765.0|2|2|2|255|1876|5|0|1|12|50|0|50|2|0|2|255|255|0|1|1|1
18766.0|2|2|2|255|1876|6|0|1|12|50|100|50|2|0|3|255|255|0|1|1|1
18769.0|2|2|2|255|1876|9|0|1|12|50|50|50|2|0|1|255|255|0|1|1|1
18778.0|2|2|2|255|1877|8|0|1|12|50|100|50|2|0|0|255|255|0|1|1|1
18837.0|1|1|1|255|1883|7|0|1|12|50|100|50|15|1|0|255|255|0|1|1|1
18844.0|1|1|1|255|1884|4|0|1|12|50|0|50|15|0|2|255|255|0|1|1|1
18845.0|1|1|1|255|1884|5|0|1|12|50|50|50|15|0|3|255|255|0|1|1|1
18846.0|1|1|1|255|1884|6|0|1|12|50|150|50|15|0|1|255|255|0|1|1|1
18857.0|2|2|2|255|1885|7|0|1|12|50|50|50|3|1|0|255|255|0|1|1|1
18858.0|2|2|2|255|1885|8|0|1|12|50|150|50|3|0|2|255|255|0|1|1|1
18858.0|1|1|1|255|1885|8|0|1|12|50|150|50|15|0|0|255|255|0|1|1|1
18859.0|2|2|2|255|1885|9|0|1|12|50|150|50|3|0|3|255|255|0|1|1|1
18867.0|2|2|2|255|1886|7|0|1|12|50|100|50|3|0|1|255|255|0|1|1|1
18879.0|2|2|2|255|1887|9|0|1|12|50|100|50|3|0|0|255|255|0|1|1|1
18937.0|1|1|1|255|1893|7|0|1|12|50|100|50|15|1|0|255|255|0|1|1|1
18944.0|1|1|1|255|1894|4|0|1|12|50|0|50|15|0|2|255|255|0|1|1|1
18945.0|1|1|1|255|1894|5|0|1|12|50|50|50|15|0|3|255|255|0|1|1|1
18946.0|1|1|1|255|1894|6|0|1|12|50|150|50|15|0|1|255|255|0|1|1|1
18957.0|2|2|2|255|1895|7|0|1|12|50|50|50|3|1|0|255|255|0|1|1|1
18958.0|2|2|2|255|1895|8|0|1|12|50|150|50|3|0|2|255|255|0|1|1|1
18958.0|1|1|1|255|1895|8|0|1|12|50|150|50|15|0|0|255|255|0|1|1|1
18959.0|2|2|2|255|1895|9|0|1|12|50|150|50|3|0|3|255|255|0|1|1|1
18967.0|2|2|2|255|1896|7|0|1|12|50|100|50|3|0|1|255|255|0|1|1|1
18979.0|2|2|2|255|1897|9|0|1|12|50|100|50|3|0|0|255|255|0|1|1|1
19037.0|1|1|1|255|1903|7|0|1|12|50|100|50|15|1|0|255|255|0|1|1|1
19044.0|1|1|1|255|1904|4|0|1|12|50|0|50|15|0|2|255|255|0|1|1|1
19045.0|1|1|1|255|1904|5|0|1|12|50|50|50|15|0|3|255|255|0|1|1|1
19046.0|1|1|1|255|1904|6|0|1|12|50|150|50|15|0|1|255|255|0|1|1|1
19057.0|2|2|2|255|1905|7|0|1|12|50|50|50|3|1|0|255|255|0|1|1|1
19058.0|2|2|2|255|1905|8|0|1|12|50|150|50|3|0|2|255|255|0|1|1|1
19058.0|1|1|1|255|1905|8|0|1|12|50|150|50|15|0|0|255|255|0|1|1|1
19059.0|2|2|2|255|1905|9|0|1|12|50|150|50|3|0|3|255|255|0|1|1|1
19067.0|2|2|2|255|1906|7|0|1|12|50|100|50|3|0|1|255|255|0|1|1|1
19079.0|2|2|2|255|1907|9|0|1|12|50|100|50|3|0|0|255|255|0|1|1|1
19144.0|1|1|1|255|1914|4|0|1|12|50|50|50|0|1|0|255|255|0|1|1|1
19146.0|1|1|1|255|1914|6|0|1|12|50|0|50|0|0|2|255|255|0|1|1|1
19147.0|1|1|1|255|1914|7|0|1|12|50|0|50|0|0|3|255|255|0|1|1|1
19157.0|1|1|1|255|1915|7|0|1|12|50|150|50|0|0|1|255|255|0|1|1|1
19157.0|2|2|2|255|1915|7|0|1|12|50|50|50|3|1|0|255|255|0|1|1|1
19158.0|2|2|2|255|1915|8|0|1|12|50|150|50|3|0|2|255|255|0|1|1|1
19159.0|2|2|2|255|1915|9|0|1|12|50|150|50|3|0|3|255|255|0|1|1|1
19159.0|1|1|1|255|1915|9|0|1|12|50|50|50|0|0|0|255|255|0|1|1|1
19167.0|2|2|2|255|1916|7|0|1|12|50|100|50|3|0|1|255|255|0|1|1|1
19179.0|2|2|2|255|1917|9|0|1|12|50|100|50|3|0|0|255|255|0|1|1|1
19244.0|1|1|1|255|1924|4|0|1|12|50|50|50|0|1|0|255|255|0|1|1|1
19246.0|1|1|1|255|1924|6|0|1|12|50|0|50|0|0|2|255|255|0|1|1|1
19247.0|1|1|1|255|1924|7|0|1|12|50|0|50|0|0|3|255|255|0|1|1|1
19257.0|1|1|1|255|1925|7|0|1|12|50|150|50|0|0|1|255|255|0|1|1|1
19257.0|2|2|2|255|1925|7|0|1|12|50|50|50|3|1|0|255|255|0|1|1|1
19258.0|2|2|2|255|1925|8|0|1|12|50|150|50|3|0|2|255|255|0|1|1|1
19259.0|2|2|2|255|1925|9|0|1|12|50|150|50|3|0|3|255|255|0|1|1|1
19259.0|1|1|1|255|1925|9|0|1|12|50|50|50|0|0|0|255|255|0|1|1|1
19267.0|2|2|2|255|1926|7|0|1|12|50|100|50|3|0|1|255|255|0|1|1|1
19279.0|2|2|2|255|1927|9|0|1|12|50|100|50|3|0|0|255|255|0|1|1|1
19344.0|1|1|1|255|1934|4|0|1|12|50|50|50|0|1|0|255|255|0|1|1|1
19346.0|1|1|1|255|1934|6|0|1|12|50|0|50|0|0|2|255|255|0|1|1|1
19347.0|1|1|1|255|1934|7|0|1|12|50|0|50|0|0|3|255|255|0|1|1|1
19357.0|1|1|1|255|1935|7|0|1|12|50|150|50|0|0|1|255|255|0|1|1|1
19357.0|2|2|2|255|1935|7|0|1|12|50|50|50|3|1|0|255|255|0|1|1|1
19358.0|2|2|2|255|1935|8|0|1|12|50|150|50|3|0|2|255|255|0|1|1|1
19359.0|2|2|2|255|1935|9|0|1|12|50|150|50|3|0|3|255|255|0|1|1|1
19359.0|1|1|1|255|1935|9|0|1|12|50|50|50|0|0|0|255|255|0|1|1|1
19367.0|2|2|2|255|1936|7|0|1|12|50|100|50|3|0|1|255|255|0|1|1|1
19379.0|2|2|2|255|1937|9|0|1|12|50|100|50|3|0|0|255|255|0|1|1|1
19444.0|1|1|1|255|1944|4|0|1|12|50|50|50|0|1|0|255|255|0|1|1|1
19446.0|1|1|1|255|1944|6|0|1|12|50|0|50|0|0|2|255|255|0|1|1|1
19447.0|1|1|1|255|1944|7|0|1|12|50|0|50|0|0|3|255|255|0|1|1|1
19457.0|1|1|1|255|1945|7|0|1|12|50|150|50|0|0|1|255|255|0|1|1|1
19457.0|2|2|2|255|1945|7|0|1|12|50|50|50|3|1|0|255|255|0|1|1|1
19458.0|2|2|2|255|1945|8|0|1|12|50|150|50|3|0|2|255|255|0|1|1|1
19459.0|2|2|2|255|1945|9|0|1|12|50|150|50|3|0|3|255|255|0|1|1|1
19459.0|1|1|1|255|1945|9|0|1|12|50|50|50|0|0|0|255|255|0|1|1|1
19467.0|2|2|2|255|1946|7|0|1|12|50|100|50|3|0|1|255|255|0|1|1|1
19479.0|2|2|2|255|1947|9|0|1|12|50|100|50|3|0|0|255|255|0|1|1|1
19544.0|1|1|1|255|1954|4|0|1|12|50|50|50|0|1|0|255|255|0|1|1|1
19546.0|1|1|1|255|1954|6|0|1|12|50|0|50|0|0|2|255|255|0|1|1|1
19547.0|1|1|1|255|1954|7|0|1|12|50|0|50|0|0|3|255|255|0|1|1|1
19557.0|1|1|1|255|1955|7|0|1|12|50|150|50|0|0|1|255|255|0|1|1|1
19557.0|2|2|2|255|1955|7|0|1|12|50|50|50|3|1|0|255|255|0|1|1|1
19558.0|2|2|2|255|1955|8|0|1|12|50|150|50|3|0|2|255|255|0|1|1|1
19559.0|2|2|2|255|1955|9|0|1|12|50|150|50|3|0|3|255|255|0|1|1|1
19559.0|1|1|1|255|1955|9|0|1|12|50|50|50|0|0|0|255|255|0|1|1|1
19567.0|2|2|2|255|1956|7|0|1|12|50|100|50|3|0|1|255|255|0|1|1|1
19579.0|2|2|2|255|1957|9|0|1|12|50|100|50|3|0|0|255|255|0|1|1|1
19644.0|1|1|1|255|1964|4|0|1|12|50|50|50|0|1|0|255|255|0|1|1|1
19646.0|1|1|1|255|1964|6|0|1|12|50|0|50|0|0|2|255|255|0|1|1|1
19647.0|1|1|1|255|1964|7|0|1|12|50|0|50|0|0|3|255|255|0|1|1|1
19657.0|1|1|1|255|1965|7|0|1|12|50|150|50|0|0|1|255|255|0|1|1|1
19657.0|2|2|2|255|1965|7|0|1|12|50|50|50|3|1|0|255|255|0|1|1|1
19658.0|2|2|2|255|1965|8|0|1|12|50|150|50|3|0|2|255|255|0|1|1|1
19659.0|2|2|2|255|1965|9|0|1|12|50|150|50|3|0|3|255|255|0|1|1|1
19659.0|1|1|1|255|1965|9|0|1|12|50|50|50|0|0|0|255|255|0|1|1|1
19667.0|2|2|2|255|1966|7|0|1|12|50|100|50|3|0|1|255|255|0|1|1|1
19679.0|2|2|2|255|1967|9|0|1|12|50|100|50|3|0|0|255|255|0|1|1|1
19744.0|1|1|1|255|1974|4|0|1|12|50|50|50|0|1|0|255|255|0|1|1|1
19746.0|1|1|1|255|1974|6|0|1|12|50|0|50|0|0|2|255|255|0|1|1|1
19747.0|1|1|1|255|1974|7|0|1|12|50|0|50|0|0|3|255|255|0|1|1|1
19757.0|1|1|1|255|1975|7|0|1|12|50|150|50|0|0|1|255|255|0|1|1|1
19759.0|1|1|1|255|1975|9|0|1|12|50|50|50|0|0|0|255|255|0|1|1|1
19765.0|2|2|2|255|1976|5|0|1|12|50|0|50|4|1|0|255|255|0|1|1|1
19766.0|2|2|2|255|1976|6|0|1|12|50|100|50|4|0|2|255|255|0|1|1|1
19768.0|2|2|2|255|1976|8|0|1|12|50|100|50|4|0|3|255|255|0|1|1|1
19777.0|2|2|2|255|1977|7|0|1|12|50|0|50|4|0|1|255|255|0|1|1|1
19778.0|2|2|2|255|1977|8|0|1|12|50|0|50|4|0|0|255|255|0|1|1|1
19844.0|1|1|1|255|1984|4|0|1|12|50|50|50|0|1|0|255|255|0|1|1|1
19846.0|1|1|1|255|1984|6|0|1|12|50|0|50|0|0|2|255|255|0|1|1|1
19847.0|1|1|1|255|1984|7|0|1|12|50|0|50|0|0|3|255|255|0|1|1|1
19857.0|1|1|1|255|1985|7|0|1|12|50|150|50|0|0|1|255|255|0|1|1|1
19859.0|1|1|1|255|1985|9|0|1|12|50|50|50|0|0|0|255|255|0|1|1|1
19865.0|2|2|2|255|1986|5|0|1|12|50|0|50|4|1|0|255|255|0|1|1|1
19866.0|2|2|2|255|1986|6|0|1|12|50|100|50|4|0|2|255|255|0|1|1|1
19868.0|2|2|2|255|1986|8|0|1|12|50|100|50|4|0|3|255|255|0|1|1|1
19877.0|2|2|2|255|1987|7|0|1|12|50|0|50|4|0|1|255|255|0|1|1|1
19878.0|2|2|2|255|1987|8|0|1|12|50|0|50|4|0|0|255|255|0|1|1|1
19944.0|1|1|1|255|1994|4|0|1|12|50|50|50|0|1|0|255|255|0|1|1|1
19946.0|1|1|1|255|1994|6|0|1|12|50|0|50|0|0|2|255|255|0|1|1|1
19947.0|1|1|1|255|1994|7|0|1|12|50|0|50|0|0|3|255|255|0|1|1|1
19957.0|1|1|1|255|1995|7|0|1|12|50|150|50|0|0|1|255|255|0|1|1|1
19959.0|1|1|1|255|1995|9|0|1|12|50|50|50|0|0|0|255|255|0|1|1|1
19965.0|2|2|2|255|1996|5|0|1|12|50|0|50|4|1|0|255|255|0|1|1|1
19966.0|2|2|2|255|1996|6|0|1|12|50|100|50|4|0|2|255|255|0|1|1|1
19968.0|2|2|2|255|1996|8|0|1|12|50|100|50|4|0|3|255|255|0|1|1|1
19977.0|2|2|2|255|1997|7|0|1|12|50|0|50|4|0|1|255|255|0|1|1|1
19978.0|2|2|2|255|1997|8|0|1|12|50|0|50|4|0|0|255|255|0|1|1|1
20044.0|1|1|1|255|2004|4|0|1|12|50|50|50|0|1|0|255|255|0|1|1|1
20046.0|1|1|1|255|2004|6|0|1|12|50|0|50|0|0|2|255|255|0|1|1|1
20047.0|1|1|1|255|2004|7|0|1|12|50|0|50|0|0|3|255|255|0|1|1|1
20057.0|1|1|1|255|2005|7|0|1|12|50|150|50|0|0|1|255|255|0|1|1|1
20059.0|1|1|1|255|2005|9|0|1|12|50|50|50|0|0|0|255|255|0|1|1|1
20065.0|2|2|2|255|2006|5|0|1|12|50|0|50|4|1|0|255|255|0|1|1|1
20066.0|2|2|2|255|2006|6|0|1|12|50|100|50|4|0|2|255|255|0|1|1|1
20068.0|2|2|2|255|2006|8|0|1|12|50|100|50|4|0|3|255|255|0|1|1|1
20077.0|2|2|2|255|2007|7|0|1|12|50|0|50|4|0|1|255|255|0|1|1|1
20078.0|2|2|2|255|2007|8|0|1|12|50|0|50|4|0|0|255|255|0|1|1|1
20144.0|1|1|1|255|2014|4|0|1|12|50|50|50|0|1|0|255|255|0|1|1|1
20146.0|1|1|1|255|2014|6|0|1|12|50|0|50|0|0|2|255|255|0|1|1|1
20147.0|1|1|1|255|2014|7|0|1|12|50|0|50|0|0|3|255|255|0|1|1|1
20157.0|1|1|1|255|2015|7|0|1|12|50|150|50|0|0|1|255|255|0|1|1|1
20159.0|1|1|1|255|2015|9|0|1|12|50|50|50|0|0|0|255|255|0|1|1|1
20165.0|2|2|2|255|2016|5|0|1|12|50|0|50|4|1|0|255|255|0|1|1|1
20166.0|2|2|2|255|2016|6|0|1|12|50|100|50|4|0|2|255|255|0|1|1|1
20168.0|2|2|2|255|2016|8|0|1|12|50|100|50|4|0|3|255|255|0|1|1|1
20177.0|2|2|2|255|2017|7|0|1|12|50|0|50|4|0|1|255|255|0|1|1|1
20178.0|2|2|2|255|2017|8|0|1|12|50|0|50|4|0|0|255|255|0|1|1|1
20244.0|1|1|1|255|2024|4|0|1|12|50|50|50|0|1|0|255|255|0|1|1|1
20246.0|1|1|1|255|2024|6|0|1|12|50|0|50|0|0|2|255|255|0|1|1|1
20247.0|1|1|1|255|2024|7|0|1|12|50|0|50|0|0|3|255|255|0|1|1|1
20257.0|1|1|1|255|2025|7|0|1|12|50|150|50|0|0|1|255|255|0|1|1|1
20259.0|1|1|1|255|2025|9|0|1|12|50|50|50|0|0|0|255|255|0|1|1|1
20265.0|2|2|2|255|2026|5|0|1|12|50|0|50|4|1|0|255|255|0|1|1|1
20266.0|2|2|2|255|2026|6|0|1|12|50|100|50|4|0|2|255|255|0|1|1|1
20268.0|2|2|2|255|2026|8|0|1|12|50|100|50|4|0|3|255|255|0|1|1|1
20277.0|2|2|2|255|2027|7|0|1|12|50|0|50|4|0|1|255|255|0|1|1|1
20278.0|2|2|2|255|2027|8|0|1|12|50|0|50|4|0|0|255|255|0|1|1|1
20344.0|1|1|1|255|2034|4|0|1|12|50|50|50|0|1|0|255|255|0|1|1|1
20346.0|1|1|1|255|2034|6|0|1|12|50|0|50|0|0|2|255|255|0|1|1|1
20347.0|1|1|1|255|2034|7|0|1|12|50|0|50|0|0|3|255|255|0|1|1|1
20357.0|1|1|1|255|2035|7|0|1|12|50|150|50|0|0|1|255|255|0|1|1|1
20359.0|1|1|1|255|2035|9|0|1|12|50|50|50|0|0|0|255|255|0|1|1|1
20365.0|2|2|2|255|2036|5|0|1|12|50|0|50|4|1|0|255|255|0|1|1|1
20366.0|2|2|2|255|2036|6|0|1|12|50|100|50|4|0|2|255|255|0|1|1|1
20368.0|2|2|2|255|2036|8|0|1|12|50|100|50|4|0|3|255|255|0|1|1|1
20377.0|2|2|2|255|2037|7|0|1|12|50|0|50|4|0|1|255|255|0|1|1|1
20378.0|2|2|2|255|2037|8|0|1|12|50|0|50|4|0|0|255|255|0|1|1|1
20437.0|1|1|1|255|2043|7|0|1|12|50|50|50|1|1|0|255|255|0|1|1|1
20438.0|1|1|1|255|2043|8|0|1|12|50|150|50|1|0|2|255|255|0|1|1|1
20444.0|1|1|1|255|2044|4|0|1|12|50|150|50|1|0|3|255|255|0|1|1|1
20445.0|1|1|1|255|2044|5|0|1|12|50|150|50|1|0|1|255|255|0|1|1|1
20459.0|1|1|1|255|2045|9|0|1|12|50|0|50|1|0|0|255|255|0|1|1|1
20465.0|2|2|2|255|2046|5|0|1|12|50|0|50|4|1|0|255|255|0|1|1|1
20466.0|2|2|2|255|2046|6|0|1|12|50|100|50|4|0|2|255|255|0|1|1|1
20468.0|2|2|2|255|2046|8|0|1|12|50|100|50|4|0|3|255|255|0|1|1|1
20477.0|2|2|2|255|2047|7|0|1|12|50|0|50|4|0|1|255|255|0|1|1|1
20478.0|2|2|2|255|2047|8|0|1|12|50|0|50|4|0|0|255|255|0|1|1|1
20537.0|1|1|1|255|2053|7|0|1|12|50|50|50|1|1|0|255|255|0|1|1|1
20538.0|1|1|1|255|2053|8|0|1|12|50|150|50|1|0|2|255|255|0|1|1|1
20544.0|1|1|1|255|2054|4|0|1|12|50|150|50|1|0|3|255|255|0|1|1|1
20545.0|1|1|1|255|2054|5|0|1|12|50|150|50|1|0|1|255|255|0|1|1|1
20559.0|1|1|1|255|2055|9|0|1|12|50|0|50|1|0|0|255|255|0|1|1|1
20565.0|2|2|2|255|2056|5|0|1|12|50|0|50|4|1|0|255|255|0|1|1|1
20566.0|2|2|2|255|2056|6|0|1|12|50|100|50|4|0|2|255|255|0|1|1|1
20568.0|2|2|2|255|2056|8|0|1|12|50|100|50|4|0|3|255|255|0|1|1|1
20577.0|2|2|2|255|2057|7|0|1|12|50|0|50|4|0|1|255|255|0|1|1|1
20578.0|2|2|2|255|2057|8|0|1|12|50|0|50|4|0|0|255|255|0|1|1|1
20637.0|1|1|1|255|2063|7|0|1|12|50|50|50|1|1|0|255|255|0|1|1|1
20638.0|1|1|1|255|2063|8|0|1|12|50|150|50|1|0|2|255|255|0|1|1|1
20644.0|1|1|1|255|2064|4|0|1|12|50|150|50|1|0|3|255|255|0|1|1|1
20645.0|1|1|1|255|2064|5|0|1|12|50|150|50|1|0|1|255|255|0|1|1|1
20659.0|1|1|1|255|2065|9|0|1|12|50|0|50|1|0|0|255|255|0|1|1|1
20665.0|2|2|2|255|2066|5|0|1|12|50|0|50|4|1|0|255|255|0|1|1|1
20666.0|2|2|2|255|2066|6|0|1|12|50|100|50|4|0|2|255|255|0|1|1|1
20668.0|2|2|2|255|2066|8|0|1|12|50|100|50|4|0|3|255|255|0|1|1|1
20677.0|2|2|2|255|2067|7|0|1|12|50|0|50|4|0|1|255|255|0|1|1|1
20678.0|2|2|2|255|2067|8|0|1|12|50|0|50|4|0|0|255|255|0|1|1|1
20737.0|1|1|1|255|2073|7|0|1|12|50|50|50|1|1|0|255|255|0|1|1|1
20738.0|1|1|1|255|2073|8|0|1|12|50|150|50|1|0|2|255|255|0|1|1|1
20744.0|1|1|1|255|2074|4|0|1|12|50|150|50|1|0|3|255|255|0|1|1|1
20745.0|1|1|1|255|2074|5|0|1|12|50|150|50|1|0|1|255|255|0|1|1|1
20759.0|1|1|1|255|2075|9|0|1|12|50|0|50|1|0|0|255|255|0|1|1|1
20765.0|2|2|2|255|2076|5|0|1|12|50|0|50|4|1|0|255|255|0|1|1|1
20766.0|2|2|2|255|2076|6|0|1|12|50|100|50|4|0|2|255|255|0|1|1|1
20768.0|2|2|2|255|2076|8|0|1|12|50|100|50|4|0|3|255|255|0|1|1|1
20777.0|2|2|2|255|2077|7|0|1|12|50|0|50|4|0|1|255|255|0|1|1|1
20778.0|2|2|2|255|2077|8|0|1|12|50|0|50|4|0|0|255|255|0|1|1|1
20837.0|1|1|1|255|2083|7|0|1|12|50|50|50|1|1|0|255|255|0|1|1|1
20838.0|1|1|1|255|2083|8|0|1|12|50|150|50|1|0|2|255|255|0|1|1|1
20844.0|1|1|1|255|2084|4|0|1|12|50|150|50|1|0|3|255|255|0|1|1|1
20845.0|1|1|1|255|2084|5|0|1|12|50|150|50|1|0|1|255|255|0|1|1|1
20859.0|1|1|1|255|2085|9|0|1|12|50|0|50|1|0|0|255|255|0|1|1|1
20865.0|2|2|2|255|2086|5|0|1|12|50|0|50|4|1|0|255|255|0|1|1|1
20866.0|2|2|2|255|2086|6|0|1|12|50|100|50|4|0|2|255|255|0|1|1|1
20868.0|2|2|2|255|2086|8|0|1|12|50|100|50|4|0|3|255|255|0|1|1|1
20877.0|2|2|2|255|2087|7|0|1|12|50|0|50|4|0|1|255|255|0|1|1|1
20878.0|2|2|2|255|2087|8|0|1|12|50|0|50|4|0|0|255|255|0|1|1|1
20937.0|1|1|1|255|2093|7|0|1|12|50|50|50|1|1|0|255|255|0|1|1|1
20938.0|1|1|1|255|2093|8|0|1|12|50|150|50|1|0|2|255|255|0|1|1|1
20944.0|1|1|1|255|2094|4|0|1|12|50|150|50|1|0|3|255|255|0|1|1|1
20945.0|1|1|1|255|2094|5|0|1|12|50|150|50|1|0|1|255|255|0|1|1|1
20949.0|2|2|2|255|2094|9|0|1|12|50|100|50|5|1|0|255|255|0|1|1|1
20959.0|2|2|2|255|2095|9|0|1|12|50|50|50|5|0|2|255|255|0|1|1|1
20959.0|1|1|1|255|2095|9|0|1|12|50|0|50|1|0|0|255|255|0|1|1|1
20964.0|2|2|2|255|2096|4|0|1|12|50|150|50|5|0|3|255|255|0|1|1|1
20977.0|2|2|2|255|2097|7|0|1|12|50|0|50|5|0|1|255|255|0|1|1|1
20979.0|2|2|2|255|2097|9|0|1|12|50|150|50|5|0|0|255|255|0|1|1|1
21037.0|1|1|1|255|2103|7|0|1|12|50|50|50|1|1|0|255|255|0|1|1|1
21038.0|1|1|1|255|2103|8|0|1|12|50|150|50|1|0|2|255|255|0|1|1|1
21044.0|1|1|1|255|2104|4|0|1|12|50|150|50|1|0|3|255|255|0|1|1|1
21045.0|1|1|1|255|2104|5|0|1|12|50|150|50|1|0|1|255|255|0|1|1|1
21049.0|2|2|2|255|2104|9|0|1|12|50|100|50|5|1|0|255|255|0|1|1|1
21059.0|2|2|2|255|2105|9|0|1|12|50|50|50|5|0|2|255|255|0|1|1|1
21059.0|1|1|1|255|2105|9|0|1|12|50|0|50|1|0|0|255|255|0|1|1|1
21064.0|2|2|2|255|2106|4|0|1|12|50|150|50|5|0|3|255|255|0|1|1|1
21077.0|2|2|2|255|2107|7|0|1|12|50|0|50|5|0|1|255|255|0|1|1|1
21079.0|2|2|2|255|2107|9|0|1|12|50|150|50|5|0|0|255|255|0|1|1|1
21137.0|1|1|1|255|2113|7|0|1|12|50|50|50|1|1|0|255|255|0|1|1|1
21138.0|1|1|1|255|2113|8|0|1|12|50|150|50|1|0|2|255|255|0|1|1|1
21144.0|1|1|1|255|2114|4|0|1|12|50|150|50|1|0|3|255|255|0|1|1|1
21145.0|1|1|1|255|2114|5|0|1|12|50|150|50|1|0|1|255|255|0|1|1|1
21149.0|2|2|2|255|2114|9|0|1|12|50|100|50|5|1|0|255|255|0|1|1|1
21159.0|2|2|2|255|2115|9|0|1|12|50|50|50|5|0|2|255|255|0|1|1|1
21159.0|1|1|1|255|2115|9|0|1|12|50|0|50|1|0|0|255|255|0|1|1|1
21164.0|2|2|2|255|2116|4|0|1|12|50|150|50|5|0|3|255|255|0|1|1|1
21177.0|2|2|2|255|2117|7|0|1|12|50|0|50|5|0|1|255|255|0|1|1|1
21179.0|2|2|2|255|2117|9|0|1|12|50|150|50|5|0|0|255|255|0|1|1|1
21237.0|1|1|1|255|2123|7|0|1|12|50|50|50|1|1|0|255|255|0|1|1|1
21238.0|1|1|1|255|2123|8|0|1|12|50|150|50|1|0|2|255|255|0|1|1|1
21244.0|1|1|1|255|2124|4|0|1|12|50|150|50|1|0|3|255|255|0|1|1|1
21245.0|1|1|1|255|2124|5|0|1|12|50|150|50|1|0|1|255|255|0|1|1|1
21249.0|2|2|2|255|2124|9|0|1|12|50|100|50|5|1|0|255|255|0|1|1|1
21259.0|2|2|2|255|2125|9|0|1|12|50|50|50|5|0|2|255|255|0|1|1|1
21259.0|1|1|1|255|2125|9|0|1|12|50|0|50|1|0|0|255|255|0|1|1|1
21264.0|2|2|2|255|2126|4|0|1|12|50|150|50|5|0|3|255|255|0|1|1|1
21277.0|2|2|2|255|2127|7|0|1|12|50|0|50|5|0|1|255|255|0|1|1|1
21279.0|2|2|2|255|2127|9|0|1|12|50|150|50|5|0|0|255|255|0|1|1|1
21338.0|1|1|1|255|2133|8|0|1|12|50|0|50|2|1|0|255|255|0|1|1|1
21339.0|1|1|1|255|2133|9|0|1|12|50|50|50|2|0|2|255|255|0|1|1|1
21346.0|1|1|1|255|2134|6|0|1|12|50|150|50|2|0|3|255|255|0|1|1|1
21348.0|1|1|1|255|2134|8|0|1|12|50|150|50|2|0|1|255|255|0|1|1|1
21349.0|2|2|2|255|2134|9|0|1|12|50|100|50|5|1|0|255|255|0|1|1|1
21357.0|1|1|1|255|2135|7|0|1|12|50|0|50|2|0|0|255|255|0|1|1|1
21359.0|2|2|2|255|2135|9|0|1|12|50|50|50|5|0|2|255|255|0|1|1|1
21364.0|2|2|2|255|2136|4|0|1|12|50|150|50|5|0|3|255|255|0|1|1|1
21377.0|2|2|2|255|2137|7|0|1|12|50|0|50|5|0|1|255|255|0|1|1|1
21379.0|2|2|2|255|2137|9|0|1|12|50|150|50|5|0|0|255|255|0|1|1|1
21438.0|1|1|1|255|2143|8|0|1|12|50|0|50|2|1|0|255|255|0|1|1|1
21439.0|1|1|1|255|2143|9|0|1|12|50|50|50|2|0|2|255|255|0|1|1|1
21446.0|1|1|1|255|2144|6|0|1|12|50|150|50|2|0|3|255|255|0|1|1|1
21448.0|1|1|1|255|2144|8|0|1|12|50|150|50|2|0|1|255|255|0|1|1|1
21449.0|2|2|2|255|2144|9|0|1|12|50|0|50|6|1|0|255|255|0|1|1|1
21457.0|2|2|2|255|2145|7|0|1|12|50|0|50|6|0|2|255|255|0|1|1|1
21457.0|1|1|1|255|2145|7|0|1|12|50|0|50|2|0|0|255|255|0|1|1|1
21464.0|2|2|2|255|2146|4|0|1|12|50|150|50|6|0|3|255|255|0|1|1|1
21469.0|2|2|2|255|2146|9|0|1|12|50|150|50|6|0|1|255|255|0|1|1|1
21478.0|2|2|2|255|2147|8|0|1|12|50|0|50|6|0|0|255|255|0|1|1|1
21538.0|1|1|1|255|2153|8|0|1|12|50|0|50|2|1|0|255|255|0|1|1|1
21539.0|1|1|1|255|2153|9|0|1|12|50|50|50|2|0|2|255|255|0|1|1|1
21546.0|1|1|1|255|2154|6|0|1|12|50|150|50|2|0|3|255|255|0|1|1|1
21548.0|1|1|1|255|2154|8|0|1|12|50|150|50|2|0|1|255|255|0|1|1|1
21549.0|2|2|2|255|2154|9|0|1|12|50|0|50|6|1|0|255|255|0|1|1|1
21557.0|2|2|2|255|2155|7|0|1|12|50|0|50|6|0|2|255|255|0|1|1|1
21557.0|1|1|1|255|2155|7|0|1|12|50|0|50|2|0|0|255|255|0|1|1|1
21564.0|2|2|2|255|2156|4|0|1|12|50|150|50|6|0|3|255|255|0|1|1|1
21569.0|2|2|2|255|2156|9|0|1|12|50|150|50|6|0|1|255|255|0|1|1|1
21578.0|2|2|2|255|2157|8|0|1|12|50|0|50|6|0|0|255|255|0|1|1|1
21638.0|1|1|1|255|2163|8|0|1|12|50|0|50|2|1|0|255|255|0|1|1|1
21639.0|1|1|1|255|2163|9|0|1|12|50|50|50|2|0|2|255|255|0|1|1|1
21646.0|1|1|1|255|2164|6|0|1|12|50|150|50|2|0|3|255|255|0|1|1|1
21648.0|1|1|1|255|2164|8|0|1|12|50|150|50|2|0|1|255|255|0|1|1|1
21649.0|2|2|2|255|2164|9|0|1|12|50|0|50|6|1|0|255|255|0|1|1|1
21657.0|2|2|2|255|2165|7|0|1|12|50|0|50|6|0|2|255|255|0|1|1|1
21657.0|1|1|1|255|2165|7|0|1|12|50|0|50|2|0|0|255|255|0|1|1|1
21664.0|2|2|2|255|2166|4|0|1|12|50|150|50|6|0|3|255|255|0|1|1|1
21669.0|2|2|2|255|2166|9|0|1|12|50|150|50|6|0|1|255|255|0|1|1|1
21678.0|2|2|2|255|2167|8|0|1|12|50|0|50|6|0|0|255|255|0|1|1|1
21738.0|1|1|1|255|2173|8|0|1|12|50|0|50|2|1|0|255|255|0|1|1|1
21739.0|1|1|1|255|2173|9|0|1|12|50|50|50|2|0|2|255|255|0|1|1|1
21746.0|1|1|1|255|2174|6|0|1|12|50|150|50|2|0|3|255|255|0|1|1|1
21748.0|1|1|1|255|2174|8|0|1|12|50|150|50|2|0|1|255|255|0|1|1|1
21749.0|2|2|2|255|2174|9|0|1|12|50|0|50|6|1|0|255|255|0|1|1|1
21757.0|2|2|2|255|2175|7|0|1|12|50|0|50|6|0|2|255|255|0|1|1|1
21757.0|1|1|1|255|2175|7|0|1|12|50|0|50|2|0|0|255|255|0|1|1|1
21764.0|2|2|2|255|2176|4|0|1|12|50|150|50|6|0|3|255|255|0|1|1|1
21769.0|2|2|2|255|2176|9|0|1|12|50|150|50|6|0|1|255|255|0|1|1|1
21778.0|2|2|2|255|2177|8|0|1|12|50|0|50|6|0|0|255|255|0|1|1|1
21838.0|1|1|1|255|2183|8|0|1|12|50|0|50|2|1|0|255|255|0|1|1|1
21839.0|1|1|1|255|2183|9|0|1|12|50|50|50|2|0|2|255|255|0|1|1|1
21846.0|1|1|1|255|2184|6|0|1|12|50|150|50|2|0|3|255|255|0|1|1|1
21848.0|1|1|1|255|2184|8|0|1|12|50|150|50|2|0|1|255|255|0|1|1|1
21849.0|2|2|2|255|2184|9|0|1|12|50|0|50|6|1|0|255|255|0|1|1|1
21857.0|2|2|2|255|2185|7|0|1|12|50|0|50|6|0|2|255|255|0|1|1|1
21857.0|1|1|1|255|2185|7|0|1|12|50|0|50|2|0|0|255|255|0|1|1|1
21864.0|2|2|2|255|2186|4|0|1|12|50|150|50|6|0|3|255|255|0|1|1|1
21869.0|2|2|2|255|2186|9|0|1|12|50|150|50|6|0|1|255|255|0|1|1|1
21878.0|2|2|2|255|2187|8|0|1|12|50|0|50|6|0|0|255|255|0|1|1|1
21938.0|1|1|1|255|2193|8|0|1|12|50|0|50|2|1|0|255|255|0|1|1|1
21939.0|1|1|1|255|2193|9|0|1|12|50|50|50|2|0|2|255|255|0|1|1|1
21946.0|1|1|1|255|2194|6|0|1|12|50|150|50|2|0|3|255|255|0|1|1|1
21948.0|1|1|1|255|2194|8|0|1|12|50|150|50|2|0|1|255|255|0|1|1|1
21949.0|2|2|2|255|2194|9|0|1|12|50|0|50|6|1|0|255|255|0|1|1|1
21957.0|2|2|2|255|2195|7|0|1|12|50|0|50|6|0|2|255|255|0|1|1|1
21957.0|1|1|1|255|2195|7|0|1|12|50|0|50|2|0|0|255|255|0|1|1|1
21964.0|2|2|2|255|2196|4|0|1|12|50|150|50|6|0|3|255|255|0|1|1|1
21969.0|2|2|2|255|2196|9|0|1|12|50|150|50|6|0|1|255|255|0|1|1|1
21978.0|2|2|2|255|2197|8|0|1|12|50|0|50|6|0|0|255|255|0|1|1|1
22038.0|1|1|1|255|2203|8|0|1|12|50|0|50|2|1|0|255|255|0|1|1|1
22039.0|1|1|1|255|2203|9|0|1|12|50|50|50|2|0|2|255|255|0|1|1|1
22046.0|1|1|1|255|2204|6|0|1|12|50|150|50|2|0|3|255|255|0|1|1|1
22048.0|1|1|1|255|2204|8|0|1|12|50|150|50|2|0|1|255|255|0|1|1|1
22049.0|2|2|2|255|2204|9|0|1|12|50|0|50|6|1|0|255|255|0|1|1|1
22057.0|2|2|2|255|2205|7|0|1|12|50|0|50|6|0|2|255|255|0|1|1|1
22057.0|1|1|1|255|2205|7|0|1|12|50|0|50|2|0|0|255|255|0|1|1|1
22064.0|2|2|2|255|2206|4|0|1|12|50|150|50|6|0|3|255|255|0|1|1|1
22069.0|2|2|2|255|2206|9|0|1|12|50|150|50|6|0|1|255|255|0|1|1|1
22078.0|2|2|2|255|2207|8|0|1|12|50|0|50|6|0|0|255|255|0|1|1|1
