timeSec,seq_id,sinr_db,mcs,packet_sent,packet_received,window_pdr
2.101195891,0,-1.0865022386165764,14,1,0.5883333333333334,0.6
2.163385696,0,0.729077432979089,14,1,0.5883333333333334,0.6
2.201195891,1,-1.9703560689442943,14,1,0.5883333333333334,0.6
2.263385696,1,5.3575002970178485,14,1,0.5883333333333334,0.6
2.301195891,2,-4.892992122601363,14,1,0.5883333333333334,0.6
2.363385696,2,-2.7126600673949404,14,1,0.5883333333333334,0.6
2.401195891,3,-1.2752855581783473,14,1,0.5883333333333334,0.6
2.463385696,3,-3.6287030358100205,14,1,0.5883333333333334,0.6
2.501195891,4,3.6665264802974686,14,1,0.5883333333333334,0.6074999999999999
2.563385696,4,3.740404839153222,14,1,0.5883333333333334,0.6074999999999999
2.601195891,5,3.8509418234024198,14,1,0.5883333333333334,0.6074999999999999
2.663385696,5,-5.976931131355285,14,1,0.5883333333333334,0.6074999999999999
2.701195891,6,1.3961173828746376,14,1,0.5883333333333334,0.6074999999999999
2.763385696,6,4.435189070700806,14,1,0.5883333333333334,0.6074999999999999
2.801195891,7,2.39819206115282,14,1,0.5883333333333334,0.6074999999999999
2.863385696,7,3.529145487824338,14,1,0.5883333333333334,0.6074999999999999
2.901195891,8,4.70474587641017,14,1,0.5883333333333334,0.6074999999999999
2.963385696,8,-0.020034465740364292,14,1,0.5883333333333334,0.6074999999999999
3.001195891,9,3.1348938729316216,14,1,0.5883333333333334,0.6074999999999999
3.063385696,9,-21.771102781362707,14,1,0.5883333333333334,0.6074999999999999
3.101195891,10,-2.161018660284738,14,1,0.5883333333333334,0.6074999999999999
3.163385696,10,-16.186210328908743,14,1,0.5883333333333334,0.6074999999999999
3.201195891,11,-2.358906714827296,14,1,0.5883333333333334,0.6074999999999999
3.263385696,11,-7.834285589657025,14,1,0.5883333333333334,0.6074999999999999
3.301195891,12,-7.209109561488774,14,1,0.5883333333333334,0.6074999999999999
3.363385696,12,2.4200171403336967,14,1,0.5883333333333334,0.6074999999999999
3.401195891,13,-8.336556843083216,14,1,0.5883333333333334,0.6074999999999999
3.463385696,13,-10.799543877537129,14,1,0.5883333333333334,0.6074999999999999
3.501195891,14,-1.1288896133664885,14,1,0.5883333333333334,0.605
3.563385696,14,-0.09725179583234372,14,1,0.5883333333333334,0.605
3.601195891,15,-7.541622400629565,14,1,0.5883333333333334,0.605
3.663385696,15,-9.14271580128161,14,1,0.5883333333333334,0.605
3.701195891,16,-5.0060432442467695,14,1,0.5883333333333334,0.605
3.763385696,16,4.442495424007543,14,1,0.5883333333333334,0.605
3.801195891,17,2.8443747687553413,14,1,0.5883333333333334,0.605
3.863385696,17,-34.33486931763074,14,1,0.5883333333333334,0.605
3.901195891,18,-0.8813815578836155,14,1,0.5883333333333334,0.605
3.963385696,18,1.3185524739023342,14,1,0.5883333333333334,0.605
4.001195891,19,2.707904031398154,14,1,0.5883333333333334,0.605
4.063385696,19,-0.9407356382138331,14,1,0.5883333333333334,0.605
4.101195891,20,-6.7022188996171215,14,1,0.5883333333333334,0.605
4.163385696,20,5.434529495683007,14,1,0.5883333333333334,0.605
4.201195891,21,-0.279102056289458,14,1,0.5883333333333334,0.605
4.263385696,21,-2.5462340861085835,14,1,0.5883333333333334,0.605
4.301195891,22,-4.899111483433186,14,1,0.5883333333333334,0.605
4.363385696,22,-9.487936086214777,14,1,0.5883333333333334,0.605
4.401195891,23,0.9378239995546112,14,1,0.5883333333333334,0.605
4.463385696,23,4.9438611123934,14,1,0.5883333333333334,0.605
4.501195891,24,-13.209039663397029,14,1,0.5883333333333334,0.5974999999999999
4.563385696,24,-4.049537597481013,14,1,0.5883333333333334,0.5974999999999999
4.601195891,25,-4.62242251854391,14,1,0.5883333333333334,0.5974999999999999
4.663385696,25,0.634376767202619,14,1,0.5883333333333334,0.5974999999999999
4.701195891,26,5.652544939611209,14,1,0.5883333333333334,0.5974999999999999
4.763385696,26,-1.934375334681082,14,1,0.5883333333333334,0.5974999999999999
4.801195891,27,-2.3663075055416556,14,1,0.5883333333333334,0.5974999999999999
4.863385696,27,0.799777530762118,14,1,0.5883333333333334,0.5974999999999999
4.901195891,28,6.544664799470458,14,1,0.5883333333333334,0.5974999999999999
4.963385696,28,3.05163446193363,14,1,0.5883333333333334,0.5974999999999999
5.001195891,29,5.83427286309247,14,1,0.5883333333333334,0.5974999999999999
5.063385696,29,-1.154838775455615,14,1,0.5883333333333334,0.5974999999999999
5.101195891,30,-1.1816915567044988,14,1,0.5883333333333334,0.5974999999999999
5.163385696,30,2.748751348998054,14,1,0.5883333333333334,0.5974999999999999
5.201195891,31,3.486557897266599,14,1,0.5883333333333334,0.5974999999999999
5.263385696,31,-12.280411200340815,14,1,0.5883333333333334,0.5974999999999999
5.301195891,32,-13.00628566566919,14,1,0.5883333333333334,0.5974999999999999
5.363385696,32,-8.45027044777657,14,1,0.5883333333333334,0.5974999999999999
5.401195891,33,-20.49843189468728,14,1,0.5883333333333334,0.5974999999999999
5.463385696,33,-7.519265786378075,14,1,0.5883333333333334,0.5974999999999999
5.501195891,34,4.431111397254806,14,1,0.5883333333333334,0.606
5.563385696,34,-8.475413402032656,14,1,0.5883333333333334,0.606
5.601195891,35,2.578571750571486,14,1,0.5883333333333334,0.606
5.663385696,35,-14.052471248488331,14,1,0.5883333333333334,0.606
5.701195891,36,-4.214594734233957,14,1,0.5883333333333334,0.606
5.763385696,36,3.6821885507821306,14,1,0.5883333333333334,0.606
5.801195891,37,-2.511142996169089,14,1,0.5883333333333334,0.606
5.863385696,37,-12.606816002431923,14,1,0.5883333333333334,0.606
5.901195891,38,4.5040937059862385,14,1,0.5883333333333334,0.606
5.963385696,38,1.7009657307870398,14,1,0.5883333333333334,0.606
6.001195891,39,-6.533222630410846,14,1,0.5883333333333334,0.606
6.063385696,39,-5.611675169543544,14,1,0.5883333333333334,0.606
6.101195891,40,-6.221386574867505,14,1,0.5883333333333334,0.606
6.163385696,40,2.282941923557293,14,1,0.5883333333333334,0.606
6.201195891,41,3.017896516477144,14,1,0.5883333333333334,0.606
6.263385696,41,1.4652555445760151,14,1,0.5883333333333334,0.606
6.301195891,42,4.883832642442933,14,1,0.5883333333333334,0.606
6.363385696,42,-12.451199712521039,14,1,0.5883333333333334,0.606
6.401195891,43,-1.9848619304946737,14,1,0.5883333333333334,0.606
6.463385696,43,4.9465291378639815,14,1,0.5883333333333334,0.606
6.501195891,44,-5.310368156108643,14,1,0.5883333333333334,0.6
6.563385696,44,-12.106935847423806,14,1,0.5883333333333334,0.6
6.601195891,45,1.163891134320912,14,1,0.5883333333333334,0.6
6.663385696,45,-1.0841935468702304,14,1,0.5883333333333334,0.6
6.701195891,46,3.429141163920615,14,1,0.5883333333333334,0.6
6.763385696,46,-2.0490377733056393,14,1,0.5883333333333334,0.6
6.801195891,47,-11.684060456357681,14,1,0.5883333333333334,0.6
6.863385696,47,7.004282000024336,14,1,0.5883333333333334,0.6
6.901195891,48,2.2301436769495666,14,1,0.5883333333333334,0.6
6.963385696,48,-17.0253745512851,14,1,0.5883333333333334,0.6
7.001195891,49,-11.43870943034228,14,1,0.5883333333333334,0.6
7.063385696,49,1.1288178136424682,14,1,0.5883333333333334,0.6
7.101195891,50,-13.481220032448714,14,1,0.5883333333333334,0.6
7.163385696,50,3.961726780653202,14,1,0.5883333333333334,0.6
7.201195891,51,-3.9402169007110066,14,1,0.5883333333333334,0.6
7.263385696,51,3.6330252299113437,14,1,0.5883333333333334,0.6
7.301195891,52,3.4854561693545056,14,1,0.5883333333333334,0.6
7.363385696,52,-9.741130997672089,14,1,0.5883333333333334,0.6
7.401195891,53,-11.954713520600166,14,1,0.5883333333333334,0.6
7.463385696,53,-5.544695136149031,14,1,0.5883333333333334,0.6
7.501195891,54,2.879604796611623,14,1,0.5883333333333334,0.5935714285714286
7.563385696,54,7.733736098223342,14,1,0.5883333333333334,0.5935714285714286
7.601195891,55,-9.444696918795328,14,1,0.5883333333333334,0.5935714285714286
7.663385696,55,-3.737493673725269,14,1,0.5883333333333334,0.5935714285714286
7.701195891,56,-6.987503612501759,14,1,0.5883333333333334,0.5935714285714286
7.763385696,56,-3.2906646599936713,14,1,0.5883333333333334,0.5935714285714286
7.801195891,57,-1.919353226379739,14,1,0.5883333333333334,0.5935714285714286
7.863385696,57,-4.542475929384429,14,1,0.5883333333333334,0.5935714285714286
7.901195891,58,-3.7900943336925086,14,1,0.5883333333333334,0.5935714285714286
7.963385696,58,4.137701102452922,14,1,0.5883333333333334,0.5935714285714286
8.001195891,59,-2.0282982850457394,14,1,0.5883333333333334,0.5935714285714286
8.063385696,59,0.3770234513028762,14,1,0.5883333333333334,0.5935714285714286
8.101195891,60,-3.2921322202497794,14,1,0.5883333333333334,0.5935714285714286
8.163385696,60,-9.094039147848486,14,1,0.5883333333333334,0.5935714285714286
8.201195891,61,6.072559030574029,14,1,0.5883333333333334,0.5935714285714286
8.263385696,61,-0.6747059881761728,14,1,0.5883333333333334,0.5935714285714286
8.301195891,62,-7.269303076856551,14,1,0.5883333333333334,0.5935714285714286
8.363385696,62,-0.7349161342575744,14,1,0.5883333333333334,0.5935714285714286
8.401195891,63,4.081777012863103,14,1,0.5883333333333334,0.5935714285714286
8.463385696,63,-0.5125401231515823,14,1,0.5883333333333334,0.5935714285714286
8.501195891,64,3.8401784105679733,14,1,0.5883333333333334,0.595625
8.563385696,64,-23.80822029458661,14,1,0.5883333333333334,0.595625
8.601195891,65,-0.7998405954980197,14,1,0.5883333333333334,0.595625
8.663385696,65,2.4519536902654973,14,1,0.5883333333333334,0.595625
8.701195891,66,-9.137638646936837,14,1,0.5883333333333334,0.595625
8.763385696,66,0.3560650642365768,14,1,0.5883333333333334,0.595625
8.801195891,67,-1.8252803688456853,14,1,0.5883333333333334,0.595625
8.863385696,67,-6.201583236197403,14,1,0.5883333333333334,0.595625
8.901195891,68,-7.173469625438842,14,1,0.5883333333333334,0.595625
8.963385696,68,-12.057087746880315,14,1,0.5883333333333334,0.595625
9.001195891,69,-19.1071086885539,14,1,0.5883333333333334,0.595625
9.063385696,69,-12.840488197107078,14,1,0.5883333333333334,0.595625
9.101195891,70,1.9215806045425112,14,1,0.5883333333333334,0.595625
9.163385696,70,-2.7743774842042934,14,1,0.5883333333333334,0.595625
9.201195891,71,-0.5421479131954128,14,1,0.5883333333333334,0.595625
9.263385696,71,-6.985790450642603,14,1,0.5883333333333334,0.595625
9.301195891,72,-3.1172569952897695,14,1,0.5883333333333334,0.595625
9.363385696,72,-6.2827369677298766,14,1,0.5883333333333334,0.595625
9.401195891,73,6.944335054082727,14,1,0.5883333333333334,0.595625
9.463385696,73,2.519229176895237,14,1,0.5883333333333334,0.595625
9.501195891,74,-0.17680623146794355,14,1,0.5883333333333334,0.5944444444444444
9.563385696,74,-3.8806377989686553,14,1,0.5883333333333334,0.5944444444444444
9.601195891,75,-3.7908458202870947,14,1,0.5883333333333334,0.5944444444444444
9.663385696,75,3.7515706260906967,14,1,0.5883333333333334,0.5944444444444444
9.701195891,76,-13.081393841673567,14,1,0.5883333333333334,0.5944444444444444
9.763385696,76,-2.900648318120766,14,1,0.5883333333333334,0.5944444444444444
9.801195891,77,-10.608605421961883,14,1,0.5883333333333334,0.5944444444444444
9.863385696,77,0.05796425216031873,14,1,0.5883333333333334,0.5944444444444444
9.901195891,78,-2.8466719500413227,14,1,0.5883333333333334,0.5944444444444444
9.963385696,78,2.625327795222525,14,1,0.5883333333333334,0.5944444444444444
10.001195891,79,8.194428207123224,14,1,0.5883333333333334,0.5944444444444444
10.063385696,79,-2.9736759287343073,14,1,0.5883333333333334,0.5944444444444444
10.101195891,80,-0.997319860334624,14,1,0.5883333333333334,0.5944444444444444
10.163385696,80,0.07049305219748842,14,1,0.5883333333333334,0.5944444444444444
10.201195891,81,-0.8704608476435558,14,1,0.5883333333333334,0.5944444444444444
10.263385696,81,-2.8514740489769053,14,1,0.5883333333333334,0.5944444444444444
10.301195891,82,0.8715607742454545,14,1,0.5883333333333334,0.5944444444444444
10.363385696,82,-2.1053844599137923,14,1,0.5883333333333334,0.5944444444444444
10.401195891,83,-3.476774667078529,14,1,0.5883333333333334,0.5944444444444444
10.463385696,83,-1.7517170440837075,14,1,0.5883333333333334,0.5944444444444444
10.501195891,84,-0.916172039735998,14,1,0.5883333333333334,0.5955
10.563385696,84,-1.4447778982505204,14,1,0.5883333333333334,0.5955
10.601195891,85,-0.08455394323627026,14,1,0.5883333333333334,0.5955
10.663385696,85,-6.8782009586389865,14,1,0.5883333333333334,0.5955
10.701195891,86,0.9977760984605253,14,1,0.5883333333333334,0.5955
10.763385696,86,3.403446893728759,14,1,0.5883333333333334,0.5955
10.801195891,87,2.4482164904868933,14,1,0.5883333333333334,0.5955
10.863385696,87,-6.963278380256368,14,1,0.5883333333333334,0.5955
10.901195891,88,-6.937118369622045,14,1,0.5883333333333334,0.5955
10.963385696,88,0.4470389345736536,14,1,0.5883333333333334,0.5955
11.001195891,89,-1.5569282392940047,14,1,0.5883333333333334,0.5955
11.063385696,89,3.520303659576287,14,1,0.5883333333333334,0.5955
11.101195891,90,3.725520294918569,14,1,0.5883333333333334,0.5955
11.163385696,90,2.1079442365548404,14,1,0.5883333333333334,0.5955
11.201195891,91,-9.929695906135416,14,1,0.5883333333333334,0.5955
11.263385696,91,-3.163649150251842,14,1,0.5883333333333334,0.5955
11.301195891,92,-4.915162263900937,14,1,0.5883333333333334,0.5955
11.363385696,92,-7.398678217902514,14,1,0.5883333333333334,0.5955
11.401195891,93,1.7003639760688367,14,1,0.5883333333333334,0.5955
11.463385696,93,6.737341897969599,14,1,0.5883333333333334,0.5955
11.501195891,94,-3.428133996058218,14,1,0.5883333333333334,0.593
11.563385696,94,-6.097318015862925,14,1,0.5883333333333334,0.593
11.601195891,95,3.727018895029703,14,1,0.5883333333333334,0.593
11.663385696,95,-1.317210531192432,14,1,0.5883333333333334,0.593
11.701195891,96,-0.7334411972824252,14,1,0.5883333333333334,0.593
11.763385696,96,-0.5321040273313002,14,1,0.5883333333333334,0.593
11.801195891,97,2.181449423253254,14,1,0.5883333333333334,0.593
11.863385696,97,-3.4428905844500575,14,1,0.5883333333333334,0.593
11.901195891,98,1.06856419988776,14,1,0.5883333333333334,0.593
11.963385696,98,-4.736828514163866,14,1,0.5883333333333334,0.593
12.001195891,99,2.5954720587394187,14,1,0.5883333333333334,0.593
12.063385696,99,-3.142090923761275,14,1,0.5883333333333334,0.593
12.101195891,100,-1.1779796023628926,14,1,0.5883333333333334,0.593
12.163385696,100,-5.329212942792724,14,1,0.5883333333333334,0.593
12.201195891,101,-1.6891938924611207,14,1,0.5883333333333334,0.593
12.263385696,101,2.928137287513326,14,1,0.5883333333333334,0.593
12.301195891,102,2.372224262845932,14,1,0.5883333333333334,0.593
12.363385696,102,6.24151798050598,14,1,0.5883333333333334,0.593
12.401195891,103,-0.8094924140195763,14,1,0.5883333333333334,0.593
12.463385696,103,-3.9382065910387736,14,1,0.5883333333333334,0.593
12.501195891,104,-4.021674015130269,14,1,0.5883333333333334,0.5845
12.563385696,104,2.9071091289149624,14,1,0.5883333333333334,0.5845
12.601195891,105,-0.8086521202637066,14,1,0.5883333333333334,0.5845
12.663385696,105,-27.610719129930846,14,1,0.5883333333333334,0.5845
12.701195891,106,-7.325388331725322,14,1,0.5883333333333334,0.5845
12.763385696,106,-1.7508823595930425,14,1,0.5883333333333334,0.5845
12.801195891,107,0.9500869140127423,14,1,0.5883333333333334,0.5845
12.863385696,107,-16.54599075473097,14,1,0.5883333333333334,0.5845
12.901195891,108,-3.3997116569611627,14,1,0.5883333333333334,0.5845
12.963385696,108,-0.7895716735314355,14,1,0.5883333333333334,0.5845
13.001195891,109,-4.847502784732592,14,1,0.5883333333333334,0.5845
13.063385696,109,-6.925229397365216,14,1,0.5883333333333334,0.5845
13.101195891,110,6.007142751249206,14,1,0.5883333333333334,0.5845
13.163385696,110,3.733379211544436,14,1,0.5883333333333334,0.5845
13.201195891,111,-4.206297590906748,14,1,0.5883333333333334,0.5845
13.263385696,111,-23.055378025558934,14,1,0.5883333333333334,0.5845
13.301195891,112,-4.517098544228181,14,1,0.5883333333333334,0.5845
13.363385696,112,3.8705477299596867,14,1,0.5883333333333334,0.5845
13.401195891,113,0.6838822346231752,14,1,0.5883333333333334,0.5845
13.463385696,113,-15.49379827197789,14,1,0.5883333333333334,0.5845
13.501195891,114,-8.968784260221707,14,1,0.5883333333333334,0.5874999999999999
13.563385696,114,-5.741627391299709,14,1,0.5883333333333334,0.5874999999999999
13.601195891,115,-4.162566990616938,14,1,0.5883333333333334,0.5874999999999999
13.663385696,115,-6.981928642613193,14,1,0.5883333333333334,0.5874999999999999
13.701195891,116,-2.155340993665282,14,1,0.5883333333333334,0.5874999999999999
13.763385696,116,-0.17378714320189298,14,1,0.5883333333333334,0.5874999999999999
13.801195891,117,2.6529587610350855,14,1,0.5883333333333334,0.5874999999999999
13.863385696,117,-6.80524778528876,14,1,0.5883333333333334,0.5874999999999999
13.901195891,118,-0.8322936462620762,14,1,0.5883333333333334,0.5874999999999999
13.963385696,118,-3.450330086005936,14,1,0.5883333333333334,0.5874999999999999
14.001195891,119,2.226465380046818,14,1,0.5883333333333334,0.5874999999999999
14.063385696,119,-6.3274307763481055,14,1,0.5883333333333334,0.5874999999999999
14.101195891,120,2.462114004982464,14,1,0.5883333333333334,0.5874999999999999
14.163385696,120,0.794456965284217,14,1,0.5883333333333334,0.5874999999999999
14.201195891,121,0.5164563121505092,14,1,0.5883333333333334,0.5874999999999999
14.263385696,121,0.9979599097330577,14,1,0.5883333333333334,0.5874999999999999
14.301195891,122,-3.5667854509547183,14,1,0.5883333333333334,0.5874999999999999
14.363385696,122,2.0808330397883683,14,1,0.5883333333333334,0.5874999999999999
14.401195891,123,4.612855750349834,14,1,0.5883333333333334,0.5874999999999999
14.463385696,123,-3.270704693430431,14,1,0.5883333333333334,0.5874999999999999
14.501195891,124,-11.72686856174301,14,1,0.5883333333333334,0.5865
14.563385696,124,-21.284207090769115,14,1,0.5883333333333334,0.5865
14.601195891,125,-10.478741323332434,14,1,0.5883333333333334,0.5865
14.663385696,125,1.7780269175629901,14,1,0.5883333333333334,0.5865
14.701195891,126,2.3411951791875536,14,1,0.5883333333333334,0.5865
14.763385696,126,-13.944363858651997,14,1,0.5883333333333334,0.5865
14.801195891,127,5.225086035864005,14,1,0.5883333333333334,0.5865
14.863385696,127,1.5606455050959533,14,1,0.5883333333333334,0.5865
14.901195891,128,2.236191369176083,14,1,0.5883333333333334,0.5865
14.963385696,128,2.2417305062105304,14,1,0.5883333333333334,0.5865
15.001195891,129,3.7552859527457887,14,1,0.5883333333333334,0.5865
15.063385696,129,5.245427421564805,14,1,0.5883333333333334,0.5865
15.101195891,130,2.2057634666207364,14,1,0.5883333333333334,0.5865
15.163385696,130,2.0200954094770203,14,1,0.5883333333333334,0.5865
15.201195891,131,-0.94246883251565,14,1,0.5883333333333334,0.5865
15.263385696,131,-0.7179412257320845,14,1,0.5883333333333334,0.5865
15.301195891,132,-1.5303093629618478,14,1,0.5883333333333334,0.5865
15.363385696,132,-0.12042097257676547,14,1,0.5883333333333334,0.5865
15.401195891,133,0.6906135700665819,14,1,0.5883333333333334,0.5865
15.463385696,133,-2.8908181585802746,14,1,0.5883333333333334,0.5865
15.501195891,134,-0.5959775490990016,14,1,0.5883333333333334,0.5814999999999999
15.563385696,134,3.2303405249016888,14,1,0.5883333333333334,0.5814999999999999
15.601195891,135,0.8900977879077145,14,1,0.5883333333333334,0.5814999999999999
15.663385696,135,-5.504662490573786,14,1,0.5883333333333334,0.5814999999999999
15.701195891,136,5.703710711627799,14,1,0.5883333333333334,0.5814999999999999
15.763385696,136,3.2701631462932514,14,1,0.5883333333333334,0.5814999999999999
15.801195891,137,-2.0684484444558047,14,1,0.5883333333333334,0.5814999999999999
15.863385696,137,-7.407801638599336,14,1,0.5883333333333334,0.5814999999999999
15.901195891,138,-9.256740238612325,14,1,0.5883333333333334,0.5814999999999999
15.963385696,138,6.84762046528099,14,1,0.5883333333333334,0.5814999999999999
16.001195891,139,1.8790155353413756,14,1,0.5883333333333334,0.5814999999999999
16.063385696,139,-31.318378900919363,14,1,0.5883333333333334,0.5814999999999999
16.101195891,140,-1.9275761597943215,14,1,0.5883333333333334,0.5814999999999999
16.163385696,140,3.422716775103385,14,1,0.5883333333333334,0.5814999999999999
16.201195891,141,-10.742154209148644,14,1,0.5883333333333334,0.5814999999999999
16.263385696,141,-0.7049895082710909,14,1,0.5883333333333334,0.5814999999999999
16.301195891,142,-36.88155413126021,14,1,0.5883333333333334,0.5814999999999999
16.363385696,142,5.448937153468724,14,1,0.5883333333333334,0.5814999999999999
16.401195891,143,0.116584355282673,14,1,0.5883333333333334,0.5814999999999999
16.463385696,143,0.7938444625453412,14,1,0.5883333333333334,0.5814999999999999
16.501195891,144,-14.169301022364458,14,1,0.5883333333333334,0.5845
16.563385696,144,-10.206918192338323,14,1,0.5883333333333334,0.5845
16.601195891,145,-5.583316449466849,14,1,0.5883333333333334,0.5845
16.663385696,145,-2.7624775472553647,14,1,0.5883333333333334,0.5845
16.701195891,146,-9.340278583599977,14,1,0.5883333333333334,0.5845
16.763385696,146,3.225918427829223,14,1,0.5883333333333334,0.5845
16.801195891,147,-5.6580038642930575,14,1,0.5883333333333334,0.5845
16.863385696,147,4.567759430677362,14,1,0.5883333333333334,0.5845
16.901195891,148,-0.1952410788965599,14,1,0.5883333333333334,0.5845
16.963385696,148,-7.552532056546859,14,1,0.5883333333333334,0.5845
17.001195891,149,1.9595018427909163,14,1,0.5883333333333334,0.5845
17.063385696,149,-3.952798820049715,14,1,0.5883333333333334,0.5845
17.101195891,150,-7.620210023594179,14,1,0.5883333333333334,0.5845
17.163385696,150,-4.9030264204142195,14,1,0.5883333333333334,0.5845
17.201195891,151,-6.300251426098607,14,1,0.5883333333333334,0.5845
17.263385696,151,3.341496959939645,14,1,0.5883333333333334,0.5845
17.301195891,152,-6.344933245559389,14,1,0.5883333333333334,0.5845
17.363385696,152,2.1584696643828374,14,1,0.5883333333333334,0.5845
17.401195891,153,-1.96143734244183,14,1,0.5883333333333334,0.5845
17.463385696,153,-4.300253246529206,14,1,0.5883333333333334,0.5845
17.501195891,154,0.6111271848954224,14,1,0.5883333333333334,0.589
17.563385696,154,1.4058389895681294,14,1,0.5883333333333334,0.589
17.601195891,155,-1.7919277539916243,14,1,0.5883333333333334,0.589
17.663385696,155,4.306801375554396,14,1,0.5883333333333334,0.589
17.701195891,156,-3.292750718193076,14,1,0.5883333333333334,0.589
17.763385696,156,-6.9115619937992285,14,1,0.5883333333333334,0.589
17.801195891,157,-9.508803173188905,14,1,0.5883333333333334,0.589
17.863385696,157,1.9931720351417836,14,1,0.5883333333333334,0.589
17.901195891,158,-0.5148297913348753,14,1,0.5883333333333334,0.589
17.963385696,158,6.8421139078892965,14,1,0.5883333333333334,0.589
18.001195891,159,2.4799472198253563,14,1,0.5883333333333334,0.589
18.063385696,159,5.115125812630808,14,1,0.5883333333333334,0.589
18.101195891,160,-10.870624409469901,14,1,0.5883333333333334,0.589
18.163385696,160,-2.198624309722911,14,1,0.5883333333333334,0.589
18.201195891,161,-7.747517378021498,14,1,0.5883333333333334,0.589
18.263385696,161,-6.4712525043492475,14,1,0.5883333333333334,0.589
18.301195891,162,-7.570183771115671,14,1,0.5883333333333334,0.589
18.363385696,162,3.564534410310527,14,1,0.5883333333333334,0.589
18.401195891,163,-0.11148915800607301,14,1,0.5883333333333334,0.589
18.463385696,163,-2.700043907654947,14,1,0.5883333333333334,0.589
18.501195891,164,1.5478270016794848,14,1,0.5883333333333334,0.592
18.563385696,164,-1.3055548929667982,14,1,0.5883333333333334,0.592
18.601195891,165,-1.3865581009993342,14,1,0.5883333333333334,0.592
18.663385696,165,-3.6696756360019083,14,1,0.5883333333333334,0.592
18.701195891,166,1.7374505355945304,14,1,0.5883333333333334,0.592
18.763385696,166,3.65535413627597,14,1,0.5883333333333334,0.592
18.801195891,167,0.14768481981710466,14,1,0.5883333333333334,0.592
18.863385696,167,-1.9397706366777228,14,1,0.5883333333333334,0.592
18.901195891,168,-0.044959203262668446,14,1,0.5883333333333334,0.592
18.963385696,168,3.955255555806861,14,1,0.5883333333333334,0.592
19.001195891,169,-17.582443759097583,14,1,0.5883333333333334,0.592
19.063385696,169,-7.496232106863174,14,1,0.5883333333333334,0.592
19.101195891,170,4.4367469790498575,14,1,0.5883333333333334,0.592
19.163385696,170,-1.1130690492191353,14,1,0.5883333333333334,0.592
19.201195891,171,4.922530775275571,14,1,0.5883333333333334,0.592
19.263385696,171,-6.250067114200797,14,1,0.5883333333333334,0.592
19.301195891,172,0.2976461838231241,14,1,0.5883333333333334,0.592
19.363385696,172,3.7872474595380607,14,1,0.5883333333333334,0.592
19.401195891,173,2.490673348483996,14,1,0.5883333333333334,0.592
19.463385696,173,-5.180013235470918,14,1,0.5883333333333334,0.592
19.501195891,174,0.11311399898122537,14,1,0.5883333333333334,0.5955
19.563385696,174,2.862483206888799,14,1,0.5883333333333334,0.5955
19.601195891,175,2.030453985346245,14,1,0.5883333333333334,0.5955
19.663385696,175,-27.761063779190373,14,1,0.5883333333333334,0.5955
19.701195891,176,-5.6459781994479465,14,1,0.5883333333333334,0.5955
19.763385696,176,0.31013115877632536,14,1,0.5883333333333334,0.5955
19.801195891,177,1.2418210660412783,14,1,0.5883333333333334,0.5955
19.863385696,177,5.202236764271976,14,1,0.5883333333333334,0.5955
19.901195891,178,-6.221826190133895,14,1,0.5883333333333334,0.5955
19.963385696,178,-4.404931023696957,14,1,0.5883333333333334,0.5955
20.001195891,179,3.011573005253647,14,1,0.5883333333333334,0.5955
20.063385696,179,5.326056253884484,14,1,0.5883333333333334,0.5955
20.101195891,180,-11.849802898353168,14,1,0.5883333333333334,0.5955
20.163385696,180,0.7305535303617762,14,1,0.5883333333333334,0.5955
20.201195891,181,6.532087326674394,14,1,0.5883333333333334,0.5955
20.263385696,181,-0.8670100905807233,14,1,0.5883333333333334,0.5955
20.301195891,182,7.164913185973658,14,1,0.5883333333333334,0.5955
20.363385696,182,2.228515106104058,14,1,0.5883333333333334,0.5955
20.401195891,183,-1.6738030222992175,14,1,0.5883333333333334,0.5955
20.463385696,183,0.3049697322023661,14,1,0.5883333333333334,0.5955
20.501195891,184,1.8342363235417267,14,1,0.5883333333333334,0.5955
20.563385696,184,1.658987070691901,14,1,0.5883333333333334,0.5955
20.601195891,185,0.4441822012041913,14,1,0.5883333333333334,0.5955
20.663385696,185,7.5342380991444635,14,1,0.5883333333333334,0.5955
20.701195891,186,-12.81322476272597,14,1,0.5883333333333334,0.5955
20.763385696,186,-7.206789914862658,14,1,0.5883333333333334,0.5955
20.801195891,187,-2.6501450410014584,14,1,0.5883333333333334,0.5955
20.863385696,187,4.482661352608235,14,1,0.5883333333333334,0.5955
20.901195891,188,3.3620149867651126,14,1,0.5883333333333334,0.5955
20.963385696,188,-6.578040187504812,14,1,0.5883333333333334,0.5955
21.001195891,189,-4.262271395513198,14,1,0.5883333333333334,0.5955
21.063385696,189,1.3456945645747362,14,1,0.5883333333333334,0.5955
21.101195891,190,-1.7620682785447686,14,1,0.5883333333333334,0.5955
21.163385696,190,0.4871113842346666,14,1,0.5883333333333334,0.5955
21.201195891,191,5.7980122260994,14,1,0.5883333333333334,0.5955
21.263385696,191,4.330290241285319,14,1,0.5883333333333334,0.5955
21.301195891,192,4.57978201186218,14,1,0.5883333333333334,0.5955
21.363385696,192,-2.80793838738492,14,1,0.5883333333333334,0.5955
21.401195891,193,-3.2307589980609426,14,1,0.5883333333333334,0.5955
21.463385696,193,5.059006179249916,14,1,0.5883333333333334,0.5955
21.501195891,194,-0.8516796341503751,14,1,0.5883333333333334,0.5975
21.563385696,194,6.7921619091662215,14,1,0.5883333333333334,0.5975
21.601195891,195,-11.40224726399251,14,1,0.5883333333333334,0.5975
21.663385696,195,1.9734399993910592,14,1,0.5883333333333334,0.5975
21.701195891,196,-18.270666869805165,14,1,0.5883333333333334,0.5975
21.763385696,196,-0.3892569753589221,14,1,0.5883333333333334,0.5975
21.801195891,197,-1.7234609102734655,14,1,0.5883333333333334,0.5975
21.863385696,197,0.419851546086925,14,1,0.5883333333333334,0.5975
21.901195891,198,-1.2218618534034402,14,1,0.5883333333333334,0.5975
21.963385696,198,-18.453760528469058,14,1,0.5883333333333334,0.5975
22.001195891,199,5.583066355744207,14,1,0.5883333333333334,0.5975
22.063385696,199,2.9924222912283156,14,1,0.5883333333333334,0.5975
22.101195891,200,2.5296930743045234,14,1,0.5883333333333334,0.5975
22.163385696,200,-0.6427365355378502,14,1,0.5883333333333334,0.5975
22.201195891,201,3.1870202210405933,14,1,0.5883333333333334,0.5975
22.263385696,201,2.44197290637984,14,1,0.5883333333333334,0.5975
22.301195891,202,-0.3844187354872143,14,1,0.5883333333333334,0.5975
22.363385696,202,1.93915862995532,14,1,0.5883333333333334,0.5975
22.401195891,203,-1.9069222219284963,14,1,0.5883333333333334,0.5975
22.463385696,203,6.062597081307962,14,1,0.5883333333333334,0.5975
22.501195891,204,3.6429621530721876,14,1,0.5883333333333334,0.5995
22.563385696,204,-1.9699241862576702,14,1,0.5883333333333334,0.5995
22.601195891,205,0.855356731458105,14,1,0.5883333333333334,0.5995
22.663385696,205,1.2768710752500914,14,1,0.5883333333333334,0.5995
22.701195891,206,-2.778078865766733,14,1,0.5883333333333334,0.5995
22.763385696,206,-4.240307013006503,14,1,0.5883333333333334,0.5995
22.801195891,207,3.797121773298031,14,1,0.5883333333333334,0.5995
22.863385696,207,3.064301664576023,14,1,0.5883333333333334,0.5995
22.901195891,208,-0.6599700293728825,14,1,0.5883333333333334,0.5995
22.963385696,208,-9.81455932295219,14,1,0.5883333333333334,0.5995
23.001195891,209,-7.524326284617096,14,1,0.5883333333333334,0.5995
23.063385696,209,-1.2726847895150961,14,1,0.5883333333333334,0.5995
23.101195891,210,4.416202245407972,14,1,0.5883333333333334,0.5995
23.163385696,210,-5.461224332741621,14,1,0.5883333333333334,0.5995
23.201195891,211,-0.0812712064990273,14,1,0.5883333333333334,0.5995
23.263385696,211,-3.362224173237638,14,1,0.5883333333333334,0.5995
23.301195891,212,1.7949242247873465,14,1,0.5883333333333334,0.5995
23.363385696,212,5.814498111486431,14,1,0.5883333333333334,0.5995
23.401195891,213,0.7791557040729875,14,1,0.5883333333333334,0.5995
23.463385696,213,-1.026967512925625,14,1,0.5883333333333334,0.5995
23.501195891,214,-2.4161385961288118,14,1,0.5883333333333334,0.593
23.563385696,214,0.7525494262740939,14,1,0.5883333333333334,0.593
23.601195891,215,-1.057522265526749,14,1,0.5883333333333334,0.593
23.663385696,215,1.0085888848737918,14,1,0.5883333333333334,0.593
23.701195891,216,0.8534554849577327,14,1,0.5883333333333334,0.593
23.763385696,216,-0.9651058093194651,14,1,0.5883333333333334,0.593
23.801195891,217,-4.788595012227591,14,1,0.5883333333333334,0.593
23.863385696,217,-12.354400065687852,14,1,0.5883333333333334,0.593
23.901195891,218,-2.196375784690981,14,1,0.5883333333333334,0.593
23.963385696,218,-2.4140132560232526,14,1,0.5883333333333334,0.593
24.001195891,219,-11.150195248041184,14,1,0.5883333333333334,0.593
24.063385696,219,-2.422962720204072,14,1,0.5883333333333334,0.593
24.101195891,220,-13.904940332248568,14,1,0.5883333333333334,0.593
24.163385696,220,-11.885836859229839,14,1,0.5883333333333334,0.593
24.201195891,221,-2.925286143255402,14,1,0.5883333333333334,0.593
24.263385696,221,-0.667641129852409,14,1,0.5883333333333334,0.593
24.301195891,222,-5.637480933795759,14,1,0.5883333333333334,0.593
24.363385696,222,5.831552682679446,14,1,0.5883333333333334,0.593
24.401195891,223,-38.52538981931281,14,1,0.5883333333333334,0.593
24.463385696,223,-19.24386349717375,14,1,0.5883333333333334,0.593
24.501195891,224,0.29995700403435527,14,1,0.5883333333333334,0.597
24.563385696,224,-0.34487221431612125,14,1,0.5883333333333334,0.597
24.601195891,225,-5.123401765937901,14,1,0.5883333333333334,0.597
24.663385696,225,-9.699237464754653,14,1,0.5883333333333334,0.597
24.701195891,226,-7.2346928310087435,14,1,0.5883333333333334,0.597
24.763385696,226,3.0925847556303947,14,1,0.5883333333333334,0.597
24.801195891,227,-3.554944140988649,14,1,0.5883333333333334,0.597
24.863385696,227,1.253846737512655,14,1,0.5883333333333334,0.597
24.901195891,228,-11.331230650026336,14,1,0.5883333333333334,0.597
24.963385696,228,-5.0386876337245585,14,1,0.5883333333333334,0.597
25.001195891,229,4.597984316475803,14,1,0.5883333333333334,0.597
25.063385696,229,9.59029715049036,14,1,0.5883333333333334,0.597
25.101195891,230,-2.5134203211995123,14,1,0.5883333333333334,0.597
25.163385696,230,-5.150811619970783,14,1,0.5883333333333334,0.597
25.201195891,231,-5.279369687398624,14,1,0.5883333333333334,0.597
25.263385696,231,-2.187060353211538,14,1,0.5883333333333334,0.597
25.301195891,232,-5.822533890553116,14,1,0.5883333333333334,0.597
25.363385696,232,-3.14769329632729,14,1,0.5883333333333334,0.597
25.401195891,233,2.5810431587260756,14,1,0.5883333333333334,0.597
25.463385696,233,-2.6640202165955866,14,1,0.5883333333333334,0.597
25.501195891,234,0.2993073552405349,14,1,0.5883333333333334,0.5984999999999999
25.563385696,234,-10.888397881467482,14,1,0.5883333333333334,0.5984999999999999
25.601195891,235,1.3770213052298674,14,1,0.5883333333333334,0.5984999999999999
25.663385696,235,-16.346161717543165,14,1,0.5883333333333334,0.5984999999999999
25.701195891,236,-0.3218776376654853,14,1,0.5883333333333334,0.5984999999999999
25.763385696,236,-2.0724559633736708,14,1,0.5883333333333334,0.5984999999999999
25.801195891,237,0.30089672696595565,14,1,0.5883333333333334,0.5984999999999999
25.863385696,237,-0.7629159011591242,14,1,0.5883333333333334,0.5984999999999999
25.901195891,238,2.3385695804579436,14,1,0.5883333333333334,0.5984999999999999
25.963385696,238,6.621143871893804,14,1,0.5883333333333334,0.5984999999999999
26.001195891,239,-0.23975602976689542,14,1,0.5883333333333334,0.5984999999999999
26.063385696,239,4.586719894020891,14,1,0.5883333333333334,0.5984999999999999
26.101195891,240,3.223685100579796,14,1,0.5883333333333334,0.5984999999999999
26.163385696,240,-3.9209108002259283,14,1,0.5883333333333334,0.5984999999999999
26.201195891,241,-1.5727234849599037,14,1,0.5883333333333334,0.5984999999999999
26.263385696,241,-2.168086731439183,14,1,0.5883333333333334,0.5984999999999999
26.301195891,242,-4.908084785377511,14,1,0.5883333333333334,0.5984999999999999
26.363385696,242,8.402110567815468,14,1,0.5883333333333334,0.5984999999999999
26.401195891,243,-11.459584619674306,14,1,0.5883333333333334,0.5984999999999999
26.463385696,243,-21.604921343186938,14,1,0.5883333333333334,0.5984999999999999
26.501195891,244,1.7547991654970043,14,1,0.5883333333333334,0.5980000000000001
26.563385696,244,0.6520048637292999,14,1,0.5883333333333334,0.5980000000000001
26.601195891,245,-1.620285152823866,14,1,0.5883333333333334,0.5980000000000001
26.663385696,245,-6.278058797740933,14,1,0.5883333333333334,0.5980000000000001
26.701195891,246,1.2325758465623602,14,1,0.5883333333333334,0.5980000000000001
26.763385696,246,4.547494660364642,14,1,0.5883333333333334,0.5980000000000001
26.801195891,247,1.9334995344295542,14,1,0.5883333333333334,0.5980000000000001
26.863385696,247,-21.732470035222807,14,1,0.5883333333333334,0.5980000000000001
26.901195891,248,-2.582201006629476,14,1,0.5883333333333334,0.5980000000000001
26.963385696,248,-10.99921473958981,14,1,0.5883333333333334,0.5980000000000001
27.001195891,249,-1.473095971923386,14,1,0.5883333333333334,0.5980000000000001
27.063385696,249,0.3878570127249004,14,1,0.5883333333333334,0.5980000000000001
27.101195891,250,-3.221473214414368,14,1,0.5883333333333334,0.5980000000000001
27.163385696,250,-0.15965564599903279,14,1,0.5883333333333334,0.5980000000000001
27.201195891,251,-4.132087590335799,14,1,0.5883333333333334,0.5980000000000001
27.263385696,251,-2.2141075747823225,14,1,0.5883333333333334,0.5980000000000001
27.301195891,252,3.005329319098731,14,1,0.5883333333333334,0.5980000000000001
27.363385696,252,-6.216372193712861,14,1,0.5883333333333334,0.5980000000000001
27.401195891,253,1.608851268880833,14,1,0.5883333333333334,0.5980000000000001
27.463385696,253,7.539158191500217,14,1,0.5883333333333334,0.5980000000000001
27.501195891,254,1.8209375053875756,14,1,0.5883333333333334,0.601
27.563385696,254,-0.6277106954432581,14,1,0.5883333333333334,0.601
27.601195891,255,1.8415230038385213,14,1,0.5883333333333334,0.601
27.663385696,255,6.889972388763743,14,1,0.5883333333333334,0.601
27.701195891,256,3.6730050549805777,14,1,0.5883333333333334,0.601
27.763385696,256,4.432586656087397,14,1,0.5883333333333334,0.601
27.801195891,257,-14.959969676743455,14,1,0.5883333333333334,0.601
27.863385696,257,5.7476226771241095,14,1,0.5883333333333334,0.601
27.901195891,258,-0.4752895656931655,14,1,0.5883333333333334,0.601
27.963385696,258,-14.361805088958452,14,1,0.5883333333333334,0.601
28.001195891,259,3.6820174203899505,14,1,0.5883333333333334,0.601
28.063385696,259,-3.667489612614455,14,1,0.5883333333333334,0.601
28.101195891,260,-11.228245416335206,14,1,0.5883333333333334,0.601
28.163385696,260,-1.4468454885214026,14,1,0.5883333333333334,0.601
28.201195891,261,3.0834108387653574,14,1,0.5883333333333334,0.601
28.263385696,261,6.069808062630663,14,1,0.5883333333333334,0.601
28.301195891,262,-1.2872605036098992,14,1,0.5883333333333334,0.601
28.363385696,262,-2.4757418460736758,14,1,0.5883333333333334,0.601
28.401195891,263,2.174973710305566,14,1,0.5883333333333334,0.601
28.463385696,263,-3.6374702449994185,14,1,0.5883333333333334,0.601
28.501195891,264,-8.41278112022558,14,1,0.5883333333333334,0.5955
28.563385696,264,4.115105737499976,14,1,0.5883333333333334,0.5955
28.601195891,265,-32.40658111366709,14,1,0.5883333333333334,0.5955
28.663385696,265,6.163486979686202,14,1,0.5883333333333334,0.5955
28.701195891,266,-9.92803060844297,14,1,0.5883333333333334,0.5955
28.763385696,266,-3.629079481868837,14,1,0.5883333333333334,0.5955
28.801195891,267,-6.535110530402899,14,1,0.5883333333333334,0.5955
28.863385696,267,-3.8822043914970807,14,1,0.5883333333333334,0.5955
28.901195891,268,-0.013437626423157543,14,1,0.5883333333333334,0.5955
28.963385696,268,-4.412655422273012,14,1,0.5883333333333334,0.5955
29.001195891,269,-3.2106388834612924,14,1,0.5883333333333334,0.5955
29.063385696,269,-4.889009368702783,14,1,0.5883333333333334,0.5955
29.101195891,270,-0.8946979094074365,14,1,0.5883333333333334,0.5955
29.163385696,270,6.858928256038964,14,1,0.5883333333333334,0.5955
29.201195891,271,-12.747601443274972,14,1,0.5883333333333334,0.5955
29.263385696,271,-18.07895855344825,14,1,0.5883333333333334,0.5955
29.301195891,272,-9.912795367563943,14,1,0.5883333333333334,0.5955
29.363385696,272,1.070963553817938,14,1,0.5883333333333334,0.5955
29.401195891,273,-3.1540606152720803,14,1,0.5883333333333334,0.5955
29.463385696,273,-9.657223714591831,14,1,0.5883333333333334,0.5955
29.501195891,274,2.115296305114472,14,1,0.5883333333333334,0.589
29.563385696,274,-1.393311595693246,14,1,0.5883333333333334,0.589
29.601195891,275,-22.252975407676313,14,1,0.5883333333333334,0.589
29.663385696,275,-8.85235200810336,14,1,0.5883333333333334,0.589
29.701195891,276,-5.585079810432211,14,1,0.5883333333333334,0.589
29.763385696,276,5.257191273242644,14,1,0.5883333333333334,0.589
29.801195891,277,5.485799463626502,14,1,0.5883333333333334,0.589
29.863385696,277,-2.4371032115621953,14,1,0.5883333333333334,0.589
29.901195891,278,1.0650707212898776,14,1,0.5883333333333334,0.589
29.963385696,278,-1.6333170379791773,14,1,0.5883333333333334,0.589
30.001195891,279,1.8505964946009184,14,1,0.5883333333333334,0.589
30.063385696,279,2.827951452787784,14,1,0.5883333333333334,0.589
30.101195891,280,2.035287195032141,14,1,0.5883333333333334,0.589
30.163385696,280,-6.640074177245929,14,1,0.5883333333333334,0.589
30.201195891,281,-1.9673726651991263,14,1,0.5883333333333334,0.589
30.263385696,281,-1.6982631191841524,14,1,0.5883333333333334,0.589
30.301195891,282,0.19493356501974254,14,1,0.5883333333333334,0.589
30.363385696,282,-19.954783412634857,14,1,0.5883333333333334,0.589
30.401195891,283,-3.3946132467668644,14,1,0.5883333333333334,0.589
30.463385696,283,-1.462402452931881,14,1,0.5883333333333334,0.589
30.501195891,284,1.6321521996991901,14,1,0.5883333333333334,0.5915
30.563385696,284,8.186321865378943,14,1,0.5883333333333334,0.5915
30.601195891,285,-5.4762270139731815,14,1,0.5883333333333334,0.5915
30.663385696,285,-8.432705915559412,14,1,0.5883333333333334,0.5915
30.701195891,286,-3.778325110811796,14,1,0.5883333333333334,0.5915
30.763385696,286,-11.091611721613326,14,1,0.5883333333333334,0.5915
30.801195891,287,-0.9004036684317178,14,1,0.5883333333333334,0.5915
30.863385696,287,6.060586465448496,14,1,0.5883333333333334,0.5915
30.901195891,288,-5.801457072252379,14,1,0.5883333333333334,0.5915
30.963385696,288,2.2848506294238113,14,1,0.5883333333333334,0.5915
31.001195891,289,-7.375228439371142,14,1,0.5883333333333334,0.5915
31.063385696,289,4.011355657398777,14,1,0.5883333333333334,0.5915
31.101195891,290,-1.5400042838728887,14,1,0.5883333333333334,0.5915
31.163385696,290,3.1481883421793793,14,1,0.5883333333333334,0.5915
31.201195891,291,3.5512343687769885,14,1,0.5883333333333334,0.5915
31.263385696,291,-9.567117594847257,14,1,0.5883333333333334,0.5915
31.301195891,292,0.41591884600278073,14,1,0.5883333333333334,0.5915
31.363385696,292,1.233659434240861,14,1,0.5883333333333334,0.5915
31.401195891,293,1.5575609082299118,14,1,0.5883333333333334,0.5915
31.463385696,293,2.645353141712194,14,1,0.5883333333333334,0.5915
31.501195891,294,9.775746831926108,14,1,0.5883333333333334,0.591
31.563385696,294,3.7433179031015573,14,1,0.5883333333333334,0.591
31.601195891,295,-9.472322016788358,14,1,0.5883333333333334,0.591
31.663385696,295,-7.782534240294221,14,1,0.5883333333333334,0.591
31.701195891,296,7.209249449279317,14,1,0.5883333333333334,0.591
31.763385696,296,0.5135975238565158,14,1,0.5883333333333334,0.591
31.801195891,297,-1.0198912850866972,14,1,0.5883333333333334,0.591
31.863385696,297,-3.4797348241632013,14,1,0.5883333333333334,0.591
31.901195891,298,-10.88423855187293,14,1,0.5883333333333334,0.591
31.963385696,298,-0.20075178744926764,14,1,0.5883333333333334,0.591
32.001195891,299,-3.5998018472250144,14,1,0.5883333333333334,0.591
32.063385696,299,-2.231685337564713,14,1,0.5883333333333334,0.591
32.101195891,300,1.21274586195051,14,1,0.5883333333333334,0.591
32.163385696,300,-8.105374350010376,14,1,0.5883333333333334,0.591
32.201195891,301,1.2243630628994269,14,1,0.5883333333333334,0.591
32.263385696,301,0.5062258969959783,14,1,0.5883333333333334,0.591
32.301195891,302,-1.9128009508483577,14,1,0.5883333333333334,0.591
32.363385696,302,-5.126166471465055,14,1,0.5883333333333334,0.591
32.401195891,303,-9.404301855464025,14,1,0.5883333333333334,0.591
32.463385696,303,2.6749685535339074,14,1,0.5883333333333334,0.591
32.501195891,304,-0.319141026361877,14,1,0.5883333333333334,0.597
32.563385696,304,-9.778766015995275,14,1,0.5883333333333334,0.597
32.601195891,305,-1.1330948301146517,14,1,0.5883333333333334,0.597
32.663385696,305,3.6878853143248107,14,1,0.5883333333333334,0.597
32.701195891,306,-5.02861053251978,14,1,0.5883333333333334,0.597
32.763385696,306,-11.661817240143215,14,1,0.5883333333333334,0.597
32.801195891,307,-14.131145591878466,14,1,0.5883333333333334,0.597
32.863385696,307,3.5746572808386103,14,1,0.5883333333333334,0.597
32.901195891,308,0.3200827296163252,14,1,0.5883333333333334,0.597
32.963385696,308,-6.074498441005223,14,1,0.5883333333333334,0.597
33.001195891,309,-1.8752738724115547,14,1,0.5883333333333334,0.597
33.063385696,309,-9.352143185360935,14,1,0.5883333333333334,0.597
33.101195891,310,4.190010730085752,14,1,0.5883333333333334,0.597
33.163385696,310,-14.536642093335463,14,1,0.5883333333333334,0.597
33.201195891,311,4.29890730724812,14,1,0.5883333333333334,0.597
33.263385696,311,8.603020777242747,14,1,0.5883333333333334,0.597
33.301195891,312,2.0120170415642185,14,1,0.5883333333333334,0.597
33.363385696,312,-0.5326018746039105,14,1,0.5883333333333334,0.597
33.401195891,313,-2.509356421787335,14,1,0.5883333333333334,0.597
33.463385696,313,0.12799992404403204,14,1,0.5883333333333334,0.597
33.501195891,314,-1.5882188792835474,14,1,0.5883333333333334,0.602
33.563385696,314,-13.976951855048448,14,1,0.5883333333333334,0.602
33.601195891,315,-5.958271747596239,14,1,0.5883333333333334,0.602
33.663385696,315,3.0777144220890413,14,1,0.5883333333333334,0.602
33.701195891,316,-21.81487675130966,14,1,0.5883333333333334,0.602
33.763385696,316,2.398446236645312,14,1,0.5883333333333334,0.602
33.801195891,317,3.6930165607577754,14,1,0.5883333333333334,0.602
33.863385696,317,2.2460331231226873,14,1,0.5883333333333334,0.602
33.901195891,318,-8.644177214381813,14,1,0.5883333333333334,0.602
33.963385696,318,6.317226882398325,14,1,0.5883333333333334,0.602
34.001195891,319,-3.5578086958705315,14,1,0.5883333333333334,0.602
34.063385696,319,2.8602439913497886,14,1,0.5883333333333334,0.602
34.101195891,320,-10.237273761499273,14,1,0.5883333333333334,0.602
34.163385696,320,-1.2513860492637496,14,1,0.5883333333333334,0.602
34.201195891,321,6.155940639007196,14,1,0.5883333333333334,0.602
34.263385696,321,0.01876059627694925,14,1,0.5883333333333334,0.602
34.301195891,322,-2.0891381745510804,14,1,0.5883333333333334,0.602
34.363385696,322,3.619831981491364,14,1,0.5883333333333334,0.602
34.401195891,323,-1.0578226083303457,14,1,0.5883333333333334,0.602
34.463385696,323,-1.958415463573706,14,1,0.5883333333333334,0.602
34.501195891,324,4.889116450369005,14,1,0.5883333333333334,0.5974999999999999
34.563385696,324,2.840341280654423,14,1,0.5883333333333334,0.5974999999999999
34.601195891,325,-6.891180862142569,14,1,0.5883333333333334,0.5974999999999999
34.663385696,325,-3.89896520457746,14,1,0.5883333333333334,0.5974999999999999
34.701195891,326,0.556550326055339,14,1,0.5883333333333334,0.5974999999999999
34.763385696,326,3.2915553381562956,14,1,0.5883333333333334,0.5974999999999999
34.801195891,327,2.125388753793625,14,1,0.5883333333333334,0.5974999999999999
34.863385696,327,3.497974755240396,14,1,0.5883333333333334,0.5974999999999999
34.901195891,328,-15.465479229485208,14,1,0.5883333333333334,0.5974999999999999
34.963385696,328,-2.11523280027515,14,1,0.5883333333333334,0.5974999999999999
35.001195891,329,-13.747349255632841,14,1,0.5883333333333334,0.5974999999999999
35.063385696,329,3.2628221703332723,14,1,0.5883333333333334,0.5974999999999999
35.101195891,330,2.6194665654391636,14,1,0.5883333333333334,0.5974999999999999
35.163385696,330,4.0635966355883095,14,1,0.5883333333333334,0.5974999999999999
35.201195891,331,-10.648265902074172,14,1,0.5883333333333334,0.5974999999999999
35.263385696,331,-1.4359448597963702,14,1,0.5883333333333334,0.5974999999999999
35.301195891,332,-3.2286450630882566,14,1,0.5883333333333334,0.5974999999999999
35.363385696,332,-5.843087192010911,14,1,0.5883333333333334,0.5974999999999999
35.401195891,333,-0.970246712497018,14,1,0.5883333333333334,0.5974999999999999
35.463385696,333,-1.732703485559344,14,1,0.5883333333333334,0.5974999999999999
35.501195891,334,-7.186862522536368,14,1,0.5883333333333334,0.5984999999999999
35.563385696,334,-6.013932506020719,14,1,0.5883333333333334,0.5984999999999999
35.601195891,335,-2.583180300678776,14,1,0.5883333333333334,0.5984999999999999
35.663385696,335,1.108088385002297,14,1,0.5883333333333334,0.5984999999999999
35.701195891,336,-14.666740265300142,14,1,0.5883333333333334,0.5984999999999999
35.763385696,336,-17.106254113139364,14,1,0.5883333333333334,0.5984999999999999
35.801195891,337,-9.875381708780731,14,1,0.5883333333333334,0.5984999999999999
35.863385696,337,-0.9265632469727143,14,1,0.5883333333333334,0.5984999999999999
35.901195891,338,-3.2437924772759135,14,1,0.5883333333333334,0.5984999999999999
35.963385696,338,-0.2823429595783401,14,1,0.5883333333333334,0.5984999999999999
36.001195891,339,-6.321521750945488,14,1,0.5883333333333334,0.5984999999999999
36.063385696,339,4.708281239974739,14,1,0.5883333333333334,0.5984999999999999
36.101195891,340,-1.3932138058961998,14,1,0.5883333333333334,0.5984999999999999
36.163385696,340,-19.49026032998747,14,1,0.5883333333333334,0.5984999999999999
36.201195891,341,-1.7323527526610043,14,1,0.5883333333333334,0.5984999999999999
36.263385696,341,0.8516905277100729,14,1,0.5883333333333334,0.5984999999999999
36.301195891,342,-7.751490051958139,14,1,0.5883333333333334,0.5984999999999999
36.363385696,342,-5.805042990744145,14,1,0.5883333333333334,0.5984999999999999
36.401195891,343,4.6544855844806925,14,1,0.5883333333333334,0.5984999999999999
36.463385696,343,-15.941742046351594,14,1,0.5883333333333334,0.5984999999999999
36.501195891,344,4.317814331301943,14,1,0.5883333333333334,0.5974999999999999
36.563385696,344,-2.358805171237014,14,1,0.5883333333333334,0.5974999999999999
36.601195891,345,-6.177863998513288,14,1,0.5883333333333334,0.5974999999999999
36.663385696,345,-5.555124297950455,14,1,0.5883333333333334,0.5974999999999999
36.701195891,346,7.166660274340458,14,1,0.5883333333333334,0.5974999999999999
36.763385696,346,0.5095378980077476,14,1,0.5883333333333334,0.5974999999999999
36.801195891,347,2.4680412720591445,14,1,0.5883333333333334,0.5974999999999999
36.863385696,347,-3.4155598865168986,14,1,0.5883333333333334,0.5974999999999999
36.901195891,348,-25.961483708724703,14,1,0.5883333333333334,0.5974999999999999
36.963385696,348,2.047964032098349,14,1,0.5883333333333334,0.5974999999999999
37.001195891,349,-6.1187716560929335,14,1,0.5883333333333334,0.5974999999999999
37.063385696,349,-5.968247039989939,14,1,0.5883333333333334,0.5974999999999999
37.101195891,350,-1.9643192454740128,14,1,0.5883333333333334,0.5974999999999999
37.163385696,350,5.399661899781746,14,1,0.5883333333333334,0.5974999999999999
37.201195891,351,1.2084899615022815,14,1,0.5883333333333334,0.5974999999999999
37.263385696,351,-1.4819666070194253,14,1,0.5883333333333334,0.5974999999999999
37.301195891,352,-2.921324337140123,14,1,0.5883333333333334,0.5974999999999999
37.363385696,352,6.606370411879224,14,1,0.5883333333333334,0.5974999999999999
37.401195891,353,-3.95817607803276,14,1,0.5883333333333334,0.5974999999999999
37.463385696,353,-3.3107698876267184,14,1,0.5883333333333334,0.5974999999999999
37.501195891,354,-11.130950479534622,14,1,0.5883333333333334,0.5945
37.563385696,354,-3.3348393783559493,14,1,0.5883333333333334,0.5945
37.601195891,355,-3.088638669885364,14,1,0.5883333333333334,0.5945
37.663385696,355,-0.47858955589911545,14,1,0.5883333333333334,0.5945
37.701195891,356,5.876365626396241,14,1,0.5883333333333334,0.5945
37.763385696,356,-0.636393242171573,14,1,0.5883333333333334,0.5945
37.801195891,357,0.06485875978203844,14,1,0.5883333333333334,0.5945
37.863385696,357,-6.970635214231008,14,1,0.5883333333333334,0.5945
37.901195891,358,6.803487414986389,14,1,0.5883333333333334,0.5945
37.963385696,358,3.9068474643528788,14,1,0.5883333333333334,0.5945
38.001195891,359,-2.1136034511736246,14,1,0.5883333333333334,0.5945
38.063385696,359,-4.701080500926714,14,1,0.5883333333333334,0.5945
38.101195891,360,-3.9028679851034784,14,1,0.5883333333333334,0.5945
38.163385696,360,-4.334366604853653,14,1,0.5883333333333334,0.5945
38.201195891,361,2.4349202774796446,14,1,0.5883333333333334,0.5945
38.263385696,361,-3.47594468659729,14,1,0.5883333333333334,0.5945
38.301195891,362,-3.1762148185461965,14,1,0.5883333333333334,0.5945
38.363385696,362,-17.956213405421984,14,1,0.5883333333333334,0.5945
38.401195891,363,-1.196277304199446,14,1,0.5883333333333334,0.5945
38.463385696,363,2.4984406571176683,14,1,0.5883333333333334,0.5945
38.501195891,364,-5.683372543523215,14,1,0.5883333333333334,0.5915
38.563385696,364,-19.31125655424853,14,1,0.5883333333333334,0.5915
38.601195891,365,1.2991556149539383,14,1,0.5883333333333334,0.5915
38.663385696,365,0.07064008489533885,14,1,0.5883333333333334,0.5915
38.701195891,366,2.835792056122533,14,1,0.5883333333333334,0.5915
38.763385696,366,-23.9226683682988,14,1,0.5883333333333334,0.5915
38.801195891,367,0.7684529111134326,14,1,0.5883333333333334,0.5915
38.863385696,367,-1.61770615833331,14,1,0.5883333333333334,0.5915
38.901195891,368,0.7850380515206312,14,1,0.5883333333333334,0.5915
38.963385696,368,4.05922991482812,14,1,0.5883333333333334,0.5915
39.001195891,369,2.3223714900099295,14,1,0.5883333333333334,0.5915
39.063385696,369,-10.984215198866199,14,1,0.5883333333333334,0.5915
39.101195891,370,-10.202307985532242,14,1,0.5883333333333334,0.5915
39.163385696,370,-1.619231746902433,14,1,0.5883333333333334,0.5915
39.201195891,371,-4.526180742808022,14,1,0.5883333333333334,0.5915
39.263385696,371,1.3480522040785003,14,1,0.5883333333333334,0.5915
39.301195891,372,0.600009422993369,14,1,0.5883333333333334,0.5915
39.363385696,372,1.0667574356511358,14,1,0.5883333333333334,0.5915
39.401195891,373,-11.82573063697931,14,1,0.5883333333333334,0.5915
39.463385696,373,-7.913986732066057,14,1,0.5883333333333334,0.5915
39.501195891,374,-2.7669693818722103,14,1,0.5883333333333334,0.5940000000000001
39.563385696,374,5.70399186099213,14,1,0.5883333333333334,0.5940000000000001
39.601195891,375,1.0702033819231285,14,1,0.5883333333333334,0.5940000000000001
39.663385696,375,-0.6719218855934873,14,1,0.5883333333333334,0.5940000000000001
39.701195891,376,-7.984971535638317,14,1,0.5883333333333334,0.5940000000000001
39.763385696,376,4.3547783932294575,14,1,0.5883333333333334,0.5940000000000001
39.801195891,377,4.4800570823336,14,1,0.5883333333333334,0.5940000000000001
39.863385696,377,-2.2691889790586157,14,1,0.5883333333333334,0.5940000000000001
39.901195891,378,-0.19968724466876991,14,1,0.5883333333333334,0.5940000000000001
39.963385696,378,0.21648669277038765,14,1,0.5883333333333334,0.5940000000000001
40.001195891,379,-0.45416903770485967,14,1,0.5883333333333334,0.5940000000000001
40.063385696,379,4.080029228392588,14,1,0.5883333333333334,0.5940000000000001
40.101195891,380,-0.6554486143257743,14,1,0.5883333333333334,0.5940000000000001
40.163385696,380,-3.6677248681916925,14,1,0.5883333333333334,0.5940000000000001
40.201195891,381,-27.877456779439484,14,1,0.5883333333333334,0.5940000000000001
40.263385696,381,-8.429611095580947,14,1,0.5883333333333334,0.5940000000000001
40.301195891,382,-0.06097790556521477,14,1,0.5883333333333334,0.5940000000000001
40.363385696,382,-4.839112096891681,14,1,0.5883333333333334,0.5940000000000001
40.401195891,383,7.88959047750562,14,1,0.5883333333333334,0.5940000000000001
40.463385696,383,2.7702907885372827,14,1,0.5883333333333334,0.5940000000000001
40.501195891,384,-2.1323696022021794,14,1,0.5883333333333334,0.5915
40.563385696,384,3.6073977603015055,14,1,0.5883333333333334,0.5915
40.601195891,385,-8.499693486158444,14,1,0.5883333333333334,0.5915
40.663385696,385,-1.264667455309553,14,1,0.5883333333333334,0.5915
40.701195891,386,1.2972344368942312,14,1,0.5883333333333334,0.5915
40.763385696,386,-16.610398058603785,14,1,0.5883333333333334,0.5915
40.801195891,387,-0.6967574695803079,14,1,0.5883333333333334,0.5915
40.863385696,387,0.3966564342949551,14,1,0.5883333333333334,0.5915
40.901195891,388,2.9033075282252163,14,1,0.5883333333333334,0.5915
40.963385696,388,1.9977964443337748,14,1,0.5883333333333334,0.5915
41.001195891,389,-6.285712983057308,14,1,0.5883333333333334,0.5915
41.063385696,389,-5.504112919861292,14,1,0.5883333333333334,0.5915
41.101195891,390,-5.595930404214034,14,1,0.5883333333333334,0.5915
41.163385696,390,-10.529230518545658,14,1,0.5883333333333334,0.5915
41.201195891,391,1.3962663833493496,14,1,0.5883333333333334,0.5915
41.263385696,391,-5.266622320468386,14,1,0.5883333333333334,0.5915
41.301195891,392,1.5480445141525476,14,1,0.5883333333333334,0.5915
41.363385696,392,3.3832675627681983,14,1,0.5883333333333334,0.5915
41.401195891,393,-12.020700646673108,14,1,0.5883333333333334,0.5915
41.463385696,393,2.1617020459728096,14,1,0.5883333333333334,0.5915
41.501195891,394,-2.431381506538098,14,1,0.5883333333333334,0.59
41.563385696,394,1.528249269438904,14,1,0.5883333333333334,0.59
41.601195891,395,2.7569586631093,14,1,0.5883333333333334,0.59
41.663385696,395,1.440479323137707,14,1,0.5883333333333334,0.59
41.701195891,396,4.871589063744015,14,1,0.5883333333333334,0.59
41.763385696,396,3.983157242611383,14,1,0.5883333333333334,0.59
41.801195891,397,-2.7147618691306272,14,1,0.5883333333333334,0.59
41.863385696,397,0.5132105923164408,14,1,0.5883333333333334,0.59
41.901195891,398,-7.185837015423406,14,1,0.5883333333333334,0.59
41.963385696,398,-2.6087514523564193,14,1,0.5883333333333334,0.59
42.001195891,399,0.21156517363389693,14,1,0.5883333333333334,0.59
42.063385696,399,-8.099143927998684,14,1,0.5883333333333334,0.59
42.101195891,400,3.5495422630571887,14,1,0.5883333333333334,0.59
42.163385696,400,-5.3058802337304165,14,1,0.5883333333333334,0.59
42.201195891,401,-8.512753863981358,14,1,0.5883333333333334,0.59
42.263385696,401,0.8562565559485631,14,1,0.5883333333333334,0.59
42.301195891,402,-6.04716726243423,14,1,0.5883333333333334,0.59
42.363385696,402,-0.05020915545946468,14,1,0.5883333333333334,0.59
42.401195891,403,0.8609715953666018,14,1,0.5883333333333334,0.59
42.463385696,403,-0.5656676978915908,14,1,0.5883333333333334,0.59
42.501195891,404,1.8479877485767484,14,1,0.5883333333333334,0.585
42.563385696,404,0.9988097655071769,14,1,0.5883333333333334,0.585
42.601195891,405,-18.522534019552864,14,1,0.5883333333333334,0.585
42.663385696,405,-0.5333120852860974,14,1,0.5883333333333334,0.585
42.701195891,406,-2.0130628599766203,14,1,0.5883333333333334,0.585
42.763385696,406,-1.454268576067802,14,1,0.5883333333333334,0.585
42.801195891,407,4.108820206509181,14,1,0.5883333333333334,0.585
42.863385696,407,7.797098752985411,14,1,0.5883333333333334,0.585
42.901195891,408,-7.0921630301087735,14,1,0.5883333333333334,0.585
42.963385696,408,4.226903961450257,14,1,0.5883333333333334,0.585
43.001195891,409,-3.856536628020399,14,1,0.5883333333333334,0.585
43.063385696,409,-1.1588414716166064,14,1,0.5883333333333334,0.585
43.101195891,410,-2.5537603682162886,14,1,0.5883333333333334,0.585
43.163385696,410,-27.0390084983171,14,1,0.5883333333333334,0.585
43.201195891,411,-10.47124407373887,14,1,0.5883333333333334,0.585
43.263385696,411,4.306386103455586,14,1,0.5883333333333334,0.585
43.301195891,412,-0.24161745067847062,14,1,0.5883333333333334,0.585
43.363385696,412,-2.101730048870875,14,1,0.5883333333333334,0.585
43.401195891,413,-23.376550143995125,14,1,0.5883333333333334,0.585
43.463385696,413,9.277599351422076,14,1,0.5883333333333334,0.585
43.501195891,414,-9.012828675552365,14,1,0.5883333333333334,0.5835
43.563385696,414,-5.961868512214562,14,1,0.5883333333333334,0.5835
43.601195891,415,-5.800791559108976,14,1,0.5883333333333334,0.5835
43.663385696,415,-5.309177827841841,14,1,0.5883333333333334,0.5835
43.701195891,416,-0.028145771802996683,14,1,0.5883333333333334,0.5835
43.763385696,416,1.4462650456422834,14,1,0.5883333333333334,0.5835
43.801195891,417,-4.627068005914328,14,1,0.5883333333333334,0.5835
43.863385696,417,-3.0859571156934655,14,1,0.5883333333333334,0.5835
43.901195891,418,-22.09105939390544,14,1,0.5883333333333334,0.5835
43.963385696,418,-3.374888290813466,14,1,0.5883333333333334,0.5835
44.001195891,419,-14.863656414398037,14,1,0.5883333333333334,0.5835
44.063385696,419,2.302096202931882,14,1,0.5883333333333334,0.5835
44.101195891,420,-4.6379303968456345,14,1,0.5883333333333334,0.5835
44.163385696,420,-7.127348134226995,14,1,0.5883333333333334,0.5835
44.201195891,421,-0.5637287506231621,14,1,0.5883333333333334,0.5835
44.263385696,421,0.2636627467133735,14,1,0.5883333333333334,0.5835
44.301195891,422,-10.99416427869106,14,1,0.5883333333333334,0.5835
44.363385696,422,7.97006582473628,14,1,0.5883333333333334,0.5835
44.401195891,423,5.429277156484611,14,1,0.5883333333333334,0.5835
44.463385696,423,3.940819515787475,14,1,0.5883333333333334,0.5835
44.501195891,424,-4.804510768693834,14,1,0.5883333333333334,0.587
44.563385696,424,1.665325677169056,14,1,0.5883333333333334,0.587
44.601195891,425,-11.282160451366574,14,1,0.5883333333333334,0.587
44.663385696,425,2.0657293054803643,14,1,0.5883333333333334,0.587
44.701195891,426,-0.5887442808964427,14,1,0.5883333333333334,0.587
44.763385696,426,1.1694774849915006,14,1,0.5883333333333334,0.587
44.801195891,427,-3.013819414029907,14,1,0.5883333333333334,0.587
44.863385696,427,-2.8975566615337502,14,1,0.5883333333333334,0.587
44.901195891,428,-0.6259742131247916,14,1,0.5883333333333334,0.587
44.963385696,428,6.5909101538120005,14,1,0.5883333333333334,0.587
45.001195891,429,-2.666944059699043,14,1,0.5883333333333334,0.587
45.063385696,429,-5.590143781790334,14,1,0.5883333333333334,0.587
45.101195891,430,-3.164043959821334,14,1,0.5883333333333334,0.587
45.163385696,430,0.8634287884507905,14,1,0.5883333333333334,0.587
45.201195891,431,2.724586018482003,14,1,0.5883333333333334,0.587
45.263385696,431,-1.6898236682479637,14,1,0.5883333333333334,0.587
45.301195891,432,-3.9712341051195503,14,1,0.5883333333333334,0.587
45.363385696,432,0.4881225984893542,14,1,0.5883333333333334,0.587
45.401195891,433,-2.014768480831036,14,1,0.5883333333333334,0.587
45.463385696,433,-1.365246563656385,14,1,0.5883333333333334,0.587
45.501195891,434,-2.7462016424669717,14,1,0.5883333333333334,0.5875
45.563385696,434,3.5211749065163227,14,1,0.5883333333333334,0.5875
45.601195891,435,0.8788161623771806,14,1,0.5883333333333334,0.5875
45.663385696,435,-2.33797765988259,14,1,0.5883333333333334,0.5875
45.701195891,436,4.247724679969231,14,1,0.5883333333333334,0.5875
45.763385696,436,-3.736544829013597,14,1,0.5883333333333334,0.5875
45.801195891,437,-11.739728365252803,14,1,0.5883333333333334,0.5875
45.863385696,437,-4.925346731518795,14,1,0.5883333333333334,0.5875
45.901195891,438,-14.247039880537155,14,1,0.5883333333333334,0.5875
45.963385696,438,-9.868751671235898,14,1,0.5883333333333334,0.5875
46.001195891,439,1.179776981893361,14,1,0.5883333333333334,0.5875
46.063385696,439,3.008179629373735,14,1,0.5883333333333334,0.5875
46.101195891,440,4.308008961991748,14,1,0.5883333333333334,0.5875
46.163385696,440,-0.4743993760185996,14,1,0.5883333333333334,0.5875
46.201195891,441,-0.5596755617905252,14,1,0.5883333333333334,0.5875
46.263385696,441,3.449099695949058,14,1,0.5883333333333334,0.5875
46.301195891,442,-2.2881583462697113,14,1,0.5883333333333334,0.5875
46.363385696,442,-3.810743766829139,14,1,0.5883333333333334,0.5875
46.401195891,443,-5.488435327907394,14,1,0.5883333333333334,0.5875
46.463385696,443,1.2751317304595085,14,1,0.5883333333333334,0.5875
46.501195891,444,1.8649192358827125,14,1,0.5883333333333334,0.589
46.563385696,444,-5.166447563616446,14,1,0.5883333333333334,0.589
46.601195891,445,-1.8496480508870181,14,1,0.5883333333333334,0.589
46.663385696,445,2.909697814000719,14,1,0.5883333333333334,0.589
46.701195891,446,1.7040699119157934,14,1,0.5883333333333334,0.589
46.763385696,446,-14.680356573125056,14,1,0.5883333333333334,0.589
46.801195891,447,4.231501456140705,14,1,0.5883333333333334,0.589
46.863385696,447,0.9200091999203454,14,1,0.5883333333333334,0.589
46.901195891,448,3.9940905381497798,14,1,0.5883333333333334,0.589
46.963385696,448,1.1082313332415248,14,1,0.5883333333333334,0.589
47.001195891,449,-14.267059084047535,14,1,0.5883333333333334,0.589
47.063385696,449,8.347053585567966,14,1,0.5883333333333334,0.589
47.101195891,450,4.2087924610090335,14,1,0.5883333333333334,0.589
47.163385696,450,-5.782517463175116,14,1,0.5883333333333334,0.589
47.201195891,451,2.499785473198793,14,1,0.5883333333333334,0.589
47.263385696,451,-0.09202280189150647,14,1,0.5883333333333334,0.589
47.301195891,452,1.0273969081883625,14,1,0.5883333333333334,0.589
47.363385696,452,3.831397672085715,14,1,0.5883333333333334,0.589
47.401195891,453,4.303857096279233,14,1,0.5883333333333334,0.589
47.463385696,453,2.4826242455683953,14,1,0.5883333333333334,0.589
47.501195891,454,-3.9520300298442264,14,1,0.5883333333333334,0.5885
47.563385696,454,2.149525417047667,14,1,0.5883333333333334,0.5885
47.601195891,455,-5.1952656387741705,14,1,0.5883333333333334,0.5885
47.663385696,455,-22.563846526487165,14,1,0.5883333333333334,0.5885
47.701195891,456,4.2212820515288305,14,1,0.5883333333333334,0.5885
47.763385696,456,0.3911588964452734,14,1,0.5883333333333334,0.5885
47.801195891,457,-6.093088647409635,14,1,0.5883333333333334,0.5885
47.863385696,457,1.0325310857807062,14,1,0.5883333333333334,0.5885
47.901195891,458,-0.14150523963935893,14,1,0.5883333333333334,0.5885
47.963385696,458,-0.9290337788982311,14,1,0.5883333333333334,0.5885
48.001195891,459,-4.774695386555045,14,1,0.5883333333333334,0.5885
48.063385696,459,-13.388601121868994,14,1,0.5883333333333334,0.5885
48.101195891,460,4.724630103444879,14,1,0.5883333333333334,0.5885
48.163385696,460,4.030089094942445,14,1,0.5883333333333334,0.5885
48.201195891,461,-5.28656975061579,14,1,0.5883333333333334,0.5885
48.263385696,461,-3.6223647929824816,14,1,0.5883333333333334,0.5885
48.301195891,462,-3.119391618866363,14,1,0.5883333333333334,0.5885
48.363385696,462,2.45810701998401,14,1,0.5883333333333334,0.5885
48.401195891,463,-4.624968407085428,14,1,0.5883333333333334,0.5885
48.463385696,463,4.269461221606696,14,1,0.5883333333333334,0.5885
48.501195891,464,-1.1071324253656634,14,1,0.5883333333333334,0.5904999999999999
48.563385696,464,2.316559654297899,14,1,0.5883333333333334,0.5904999999999999
48.601195891,465,4.169048062294472,14,1,0.5883333333333334,0.5904999999999999
48.663385696,465,-2.5932433938301003,14,1,0.5883333333333334,0.5904999999999999
48.701195891,466,-9.199642017046504,14,1,0.5883333333333334,0.5904999999999999
48.763385696,466,-5.024058493884343,14,1,0.5883333333333334,0.5904999999999999
48.801195891,467,3.8812351363863353,14,1,0.5883333333333334,0.5904999999999999
48.863385696,467,-5.104000607026766,14,1,0.5883333333333334,0.5904999999999999
48.901195891,468,4.502169496005325,14,1,0.5883333333333334,0.5904999999999999
48.963385696,468,-22.06690040090273,14,1,0.5883333333333334,0.5904999999999999
49.001195891,469,-12.124322652271445,14,1,0.5883333333333334,0.5904999999999999
49.063385696,469,-4.636464574976716,14,1,0.5883333333333334,0.5904999999999999
49.101195891,470,1.4873762215721462,14,1,0.5883333333333334,0.5904999999999999
49.163385696,470,3.1969514845415765,14,1,0.5883333333333334,0.5904999999999999
49.201195891,471,-2.5087489552681848,14,1,0.5883333333333334,0.5904999999999999
49.263385696,471,2.211919994189558,14,1,0.5883333333333334,0.5904999999999999
49.301195891,472,4.346657842276647,14,1,0.5883333333333334,0.5904999999999999
49.363385696,472,-5.232429810425109,14,1,0.5883333333333334,0.5904999999999999
49.401195891,473,3.4765183483163273,14,1,0.5883333333333334,0.5904999999999999
49.463385696,473,0.544129725550107,14,1,0.5883333333333334,0.5904999999999999
49.501195891,474,-2.4455483594457346,14,1,0.5883333333333334,0.5914999999999999
49.563385696,474,2.0744747006184907,14,1,0.5883333333333334,0.5914999999999999
49.601195891,475,0.8594626250659534,14,1,0.5883333333333334,0.5914999999999999
49.663385696,475,6.524007770990678,14,1,0.5883333333333334,0.5914999999999999
49.701195891,476,-5.875012915853216,14,1,0.5883333333333334,0.5914999999999999
49.763385696,476,-2.4292955364761113,14,1,0.5883333333333334,0.5914999999999999
49.801195891,477,0.1590489758047262,14,1,0.5883333333333334,0.5914999999999999
49.863385696,477,-12.848018082908826,14,1,0.5883333333333334,0.5914999999999999
49.901195891,478,-0.8343559232275432,14,1,0.5883333333333334,0.5914999999999999
49.963385696,478,1.3968836291460198,14,1,0.5883333333333334,0.5914999999999999
50.001195891,479,-18.823733027370693,14,1,0.5883333333333334,0.5914999999999999
50.063385696,479,-0.7611388620191749,14,1,0.5883333333333334,0.5914999999999999
50.101195891,480,-8.057331796933786,14,1,0.5883333333333334,0.5914999999999999
50.163385696,480,-0.2978154087542296,14,1,0.5883333333333334,0.5914999999999999
50.201195891,481,2.3595690813206014,14,1,0.5883333333333334,0.5914999999999999
50.263385696,481,-9.743456184367211,14,1,0.5883333333333334,0.5914999999999999
50.301195891,482,0.36872421610906503,14,1,0.5883333333333334,0.5914999999999999
50.363385696,482,-2.4707888023328524,14,1,0.5883333333333334,0.5914999999999999
50.401195891,483,-1.5621507561924144,14,1,0.5883333333333334,0.5914999999999999
50.463385696,483,-9.056930230205385,14,1,0.5883333333333334,0.5914999999999999
50.501195891,484,-3.765585543373672,14,1,0.5883333333333334,0.588
50.563385696,484,4.059041684320142,14,1,0.5883333333333334,0.588
50.601195891,485,-5.243653186953154,14,1,0.5883333333333334,0.588
50.663385696,485,-9.008518530972093,14,1,0.5883333333333334,0.588
50.701195891,486,-12.390918391254928,14,1,0.5883333333333334,0.588
50.763385696,486,0.5470220344528796,14,1,0.5883333333333334,0.588
50.801195891,487,-9.100014254361483,14,1,0.5883333333333334,0.588
50.863385696,487,-10.389195510668984,14,1,0.5883333333333334,0.588
50.901195891,488,-1.7599019735720929,14,1,0.5883333333333334,0.588
50.963385696,488,-2.195386986184171,14,1,0.5883333333333334,0.588
51.001195891,489,1.971448122024958,14,1,0.5883333333333334,0.588
51.063385696,489,5.164139426419846,14,1,0.5883333333333334,0.588
51.101195891,490,-10.949515403882987,14,1,0.5883333333333334,0.588
51.163385696,490,6.075509585107968,14,1,0.5883333333333334,0.588
51.201195891,491,0.3350535363490989,14,1,0.5883333333333334,0.588
51.263385696,491,-4.071360528877054,14,1,0.5883333333333334,0.588
51.301195891,492,4.133755359319321,14,1,0.5883333333333334,0.588
51.363385696,492,-14.754119842709834,14,1,0.5883333333333334,0.588
51.401195891,493,-4.443319399207319,14,1,0.5883333333333334,0.588
51.463385696,493,9.321864036631224,14,1,0.5883333333333334,0.588
51.501195891,494,-8.021334846775725,14,1,0.5883333333333334,0.59
51.563385696,494,-4.652372637277388,14,1,0.5883333333333334,0.59
51.601195891,495,-5.037535477065871,14,1,0.5883333333333334,0.59
51.663385696,495,0.22110355403423287,14,1,0.5883333333333334,0.59
51.701195891,496,0.2353883676330498,14,1,0.5883333333333334,0.59
51.763385696,496,3.750225104895648,14,1,0.5883333333333334,0.59
51.801195891,497,2.526642125144016,14,1,0.5883333333333334,0.59
51.863385696,497,5.018054463684485,14,1,0.5883333333333334,0.59
51.901195891,498,-10.110448822058935,14,1,0.5883333333333334,0.59
51.963385696,498,-3.6442572491715097,14,1,0.5883333333333334,0.59
52.001195891,499,-13.243812264599246,14,1,0.5883333333333334,0.59
52.063385696,499,7.041498841827409,14,1,0.5883333333333334,0.59
52.101195891,500,1.7967110034680753,14,1,0.5883333333333334,0.59
52.163385696,500,-10.946499328801561,14,1,0.5883333333333334,0.59
52.201195891,501,-3.4572132213060964,14,1,0.5883333333333334,0.59
52.263385696,501,-2.468335434712056,14,1,0.5883333333333334,0.59
52.301195891,502,-5.64606394890545,14,1,0.5883333333333334,0.59
52.363385696,502,7.1313594768494335,14,1,0.5883333333333334,0.59
52.401195891,503,-0.7273898541296148,14,1,0.5883333333333334,0.59
52.463385696,503,2.8133234732237926,14,1,0.5883333333333334,0.59
52.501195891,504,-20.7161205200303,14,1,0.5883333333333334,0.5935
52.563385696,504,0.551357856735081,14,1,0.5883333333333334,0.5935
52.601195891,505,-10.082192213156711,14,1,0.5883333333333334,0.5935
52.663385696,505,-13.997539898167311,14,1,0.5883333333333334,0.5935
52.701195891,506,-3.9238578450044193,14,1,0.5883333333333334,0.5935
52.763385696,506,2.712571129319163,14,1,0.5883333333333334,0.5935
52.801195891,507,-7.890728720725245,14,1,0.5883333333333334,0.5935
52.863385696,507,-4.566513616108265,14,1,0.5883333333333334,0.5935
52.901195891,508,-6.195203822961779,14,1,0.5883333333333334,0.5935
52.963385696,508,3.501228309031043,14,1,0.5883333333333334,0.5935
53.001195891,509,3.454302092263325,14,1,0.5883333333333334,0.5935
53.063385696,509,-17.312329408346756,14,1,0.5883333333333334,0.5935
53.101195891,510,2.71500661505005,14,1,0.5883333333333334,0.5935
53.163385696,510,4.251417411747674,14,1,0.5883333333333334,0.5935
53.201195891,511,-16.97875626176325,14,1,0.5883333333333334,0.5935
53.263385696,511,-5.555327597475869,14,1,0.5883333333333334,0.5935
53.301195891,512,3.4160096190193343,14,1,0.5883333333333334,0.5935
53.363385696,512,7.134852964330961,14,1,0.5883333333333334,0.5935
53.401195891,513,-1.788003584091047,14,1,0.5883333333333334,0.5935
53.463385696,513,-2.03852900839189,14,1,0.5883333333333334,0.5935
53.501195891,514,-5.446387907095856,14,1,0.5883333333333334,0.5934999999999999
53.563385696,514,5.062846694647819,14,1,0.5883333333333334,0.5934999999999999
53.601195891,515,-12.573809674538257,14,1,0.5883333333333334,0.5934999999999999
53.663385696,515,-0.5867246543178166,14,1,0.5883333333333334,0.5934999999999999
53.701195891,516,-2.547889775539356,14,1,0.5883333333333334,0.5934999999999999
53.763385696,516,-2.743301689130041,14,1,0.5883333333333334,0.5934999999999999
53.801195891,517,-32.54226639370233,14,1,0.5883333333333334,0.5934999999999999
53.863385696,517,1.7596287183908315,14,1,0.5883333333333334,0.5934999999999999
53.901195891,518,-4.410046900820741,14,1,0.5883333333333334,0.5934999999999999
53.963385696,518,-9.513577444134482,14,1,0.5883333333333334,0.5934999999999999
54.001195891,519,-7.595915553143644,14,1,0.5883333333333334,0.5934999999999999
54.063385696,519,0.7802796294664927,14,1,0.5883333333333334,0.5934999999999999
54.101195891,520,-2.8922953898359776,14,1,0.5883333333333334,0.5934999999999999
54.163385696,520,-13.78275792802393,14,1,0.5883333333333334,0.5934999999999999
54.201195891,521,-1.0491355420271242,14,1,0.5883333333333334,0.5934999999999999
54.263385696,521,-5.985934677751525,14,1,0.5883333333333334,0.5934999999999999
54.301195891,522,-7.813414160247772,14,1,0.5883333333333334,0.5934999999999999
54.363385696,522,-10.06514948318313,14,1,0.5883333333333334,0.5934999999999999
54.401195891,523,-1.3816500129861868,14,1,0.5883333333333334,0.5934999999999999
54.463385696,523,-8.920364310634739,14,1,0.5883333333333334,0.5934999999999999
54.501195891,524,-23.364408399210205,14,1,0.5883333333333334,0.5925
54.563385696,524,-20.780007914015734,14,1,0.5883333333333334,0.5925
54.601195891,525,-8.536909480258032,14,1,0.5883333333333334,0.5925
54.663385696,525,-4.937428989218,14,1,0.5883333333333334,0.5925
54.701195891,526,-19.066748320632204,14,1,0.5883333333333334,0.5925
54.763385696,526,0.06960453292639603,14,1,0.5883333333333334,0.5925
54.801195891,527,-18.049941893659728,14,1,0.5883333333333334,0.5925
54.863385696,527,4.30267795759884,14,1,0.5883333333333334,0.5925
54.901195891,528,-1.1856051605703741,14,1,0.5883333333333334,0.5925
54.963385696,528,3.6594924919781935,14,1,0.5883333333333334,0.5925
55.001195891,529,-5.370845410251558,14,1,0.5883333333333334,0.5925
55.063385696,529,-0.3782057605240686,14,1,0.5883333333333334,0.5925
55.101195891,530,1.3420653830156704,14,1,0.5883333333333334,0.5925
55.163385696,530,-0.29756776245041855,14,1,0.5883333333333334,0.5925
55.201195891,531,-12.596265966567785,14,1,0.5883333333333334,0.5925
55.263385696,531,-10.022489694069199,14,1,0.5883333333333334,0.5925
55.301195891,532,3.9745113591532437,14,1,0.5883333333333334,0.5925
55.363385696,532,4.339695642492723,14,1,0.5883333333333334,0.5925
55.401195891,533,1.3458773752231377,14,1,0.5883333333333334,0.5925
55.463385696,533,-18.048282858886104,14,1,0.5883333333333334,0.5925
55.501195891,534,-2.8880763206623987,14,1,0.5883333333333334,0.5925
55.563385696,534,-10.02933838013804,14,1,0.5883333333333334,0.5925
55.601195891,535,-0.800482055203237,14,1,0.5883333333333334,0.5925
55.663385696,535,-21.419515316369562,14,1,0.5883333333333334,0.5925
55.701195891,536,-2.10743632211949,14,1,0.5883333333333334,0.5925
55.763385696,536,4.1472696370285265,14,1,0.5883333333333334,0.5925
55.801195891,537,0.1983211891149348,14,1,0.5883333333333334,0.5925
55.863385696,537,-11.908745584110612,14,1,0.5883333333333334,0.5925
55.901195891,538,2.203230757884998,14,1,0.5883333333333334,0.5925
55.963385696,538,3.0650105241124304,14,1,0.5883333333333334,0.5925
56.001195891,539,-5.7272300080434455,14,1,0.5883333333333334,0.5925
56.063385696,539,1.7194069111885213,14,1,0.5883333333333334,0.5925
56.101195891,540,3.7579791867348615,14,1,0.5883333333333334,0.5925
56.163385696,540,6.071829671308025,14,1,0.5883333333333334,0.5925
56.201195891,541,3.7763323167427214,14,1,0.5883333333333334,0.5925
56.263385696,541,-6.51103335338156,14,1,0.5883333333333334,0.5925
56.301195891,542,-0.08362457222857661,14,1,0.5883333333333334,0.5925
56.363385696,542,-1.0377097370079367,14,1,0.5883333333333334,0.5925
56.401195891,543,-8.137567348049199,14,1,0.5883333333333334,0.5925
56.463385696,543,0.7833761584198169,14,1,0.5883333333333334,0.5925
56.501195891,544,2.3684900308804386,14,1,0.5883333333333334,0.5915
56.563385696,544,-9.103235134719142,14,1,0.5883333333333334,0.5915
56.601195891,545,-4.003127547921947,14,1,0.5883333333333334,0.5915
56.663385696,545,5.914436824149951,14,1,0.5883333333333334,0.5915
56.701195891,546,-2.2820252245846135,14,1,0.5883333333333334,0.5915
56.763385696,546,-8.97332664413212,14,1,0.5883333333333334,0.5915
56.801195891,547,0.31402950953615894,14,1,0.5883333333333334,0.5915
56.863385696,547,4.303236637766037,14,1,0.5883333333333334,0.5915
56.901195891,548,2.4296545842230595,14,1,0.5883333333333334,0.5915
56.963385696,548,-17.373386471721147,14,1,0.5883333333333334,0.5915
57.001195891,549,-1.0610891435970402,14,1,0.5883333333333334,0.5915
57.063385696,549,2.2594238149396944,14,1,0.5883333333333334,0.5915
57.101195891,550,-22.789985879814427,14,1,0.5883333333333334,0.5915
57.163385696,550,-9.287323481581504,14,1,0.5883333333333334,0.5915
57.201195891,551,-23.092235206932372,14,1,0.5883333333333334,0.5915
57.263385696,551,6.42066281944405,14,1,0.5883333333333334,0.5915
57.301195891,552,2.0044537194723464,14,1,0.5883333333333334,0.5915
57.363385696,552,2.367779361615269,14,1,0.5883333333333334,0.5915
57.401195891,553,-3.529472472071968,14,1,0.5883333333333334,0.5915
57.463385696,553,6.680471765794952,14,1,0.5883333333333334,0.5915
57.501195891,554,0.21785603431281111,14,1,0.5883333333333334,0.5874999999999999
57.563385696,554,-4.2533778454862645,14,1,0.5883333333333334,0.5874999999999999
57.601195891,555,-10.158060935428148,14,1,0.5883333333333334,0.5874999999999999
57.663385696,555,-10.436368984410809,14,1,0.5883333333333334,0.5874999999999999
57.701195891,556,-8.395291118626467,14,1,0.5883333333333334,0.5874999999999999
57.763385696,556,0.7635410543863927,14,1,0.5883333333333334,0.5874999999999999
57.801195891,557,5.801359673365491,14,1,0.5883333333333334,0.5874999999999999
57.863385696,557,-0.7959241678703055,14,1,0.5883333333333334,0.5874999999999999
57.901195891,558,4.4331156632917565,14,1,0.5883333333333334,0.5874999999999999
57.963385696,558,-7.815011554352256,14,1,0.5883333333333334,0.5874999999999999
58.001195891,559,-7.020562401925012,14,1,0.5883333333333334,0.5874999999999999
58.063385696,559,-7.815656118526989,14,1,0.5883333333333334,0.5874999999999999
58.101195891,560,-4.641548818530655,14,1,0.5883333333333334,0.5874999999999999
58.163385696,560,-0.7407233779398502,14,1,0.5883333333333334,0.5874999999999999
58.201195891,561,-0.6103434927330049,14,1,0.5883333333333334,0.5874999999999999
58.263385696,561,-1.5419838784998794,14,1,0.5883333333333334,0.5874999999999999
58.301195891,562,-9.437049147817172,14,1,0.5883333333333334,0.5874999999999999
58.363385696,562,3.6100325504642807,14,1,0.5883333333333334,0.5874999999999999
58.401195891,563,-3.624323205509069,14,1,0.5883333333333334,0.5874999999999999
58.463385696,563,-6.723366941492316,14,1,0.5883333333333334,0.5874999999999999
58.501195891,564,-31.061515999209128,14,1,0.5883333333333334,0.5915
58.563385696,564,2.549947197629322,14,1,0.5883333333333334,0.5915
58.601195891,565,-4.244248407709651,14,1,0.5883333333333334,0.5915
58.663385696,565,-16.610439684907213,14,1,0.5883333333333334,0.5915
58.701195891,566,-5.136036479413233,14,1,0.5883333333333334,0.5915
58.763385696,566,-0.18597456574798688,14,1,0.5883333333333334,0.5915
58.801195891,567,-2.2477052316114925,14,1,0.5883333333333334,0.5915
58.863385696,567,-8.92592004380578,14,1,0.5883333333333334,0.5915
58.901195891,568,-9.679840461193962,14,1,0.5883333333333334,0.5915
58.963385696,568,1.4172678196610216,14,1,0.5883333333333334,0.5915
59.001195891,569,-3.543865790417749,14,1,0.5883333333333334,0.5915
59.063385696,569,-6.239852922071912,14,1,0.5883333333333334,0.5915
59.101195891,570,-1.5918216343766198,14,1,0.5883333333333334,0.5915
59.163385696,570,-17.112651252621472,14,1,0.5883333333333334,0.5915
59.201195891,571,-4.009301654244654,14,1,0.5883333333333334,0.5915
59.263385696,571,3.7798615688263304,14,1,0.5883333333333334,0.5915
59.301195891,572,3.8061204503887094,14,1,0.5883333333333334,0.5915
59.363385696,572,-3.5634890129782653,14,1,0.5883333333333334,0.5915
59.401195891,573,-3.2368807766979266,14,1,0.5883333333333334,0.5915
59.463385696,573,-0.2882349883297968,14,1,0.5883333333333334,0.5915
59.501195891,574,-0.9662672742937444,14,1,0.5883333333333334,0.593
59.563385696,574,-18.476640782425264,14,1,0.5883333333333334,0.593
59.601195891,575,0.23203838747813232,14,1,0.5883333333333334,0.593
59.663385696,575,-2.634945094087098,14,1,0.5883333333333334,0.593
59.701195891,576,-13.115213658963796,14,1,0.5883333333333334,0.593
59.763385696,576,-5.985909854684598,14,1,0.5883333333333334,0.593
59.801195891,577,0.7425542949722534,14,1,0.5883333333333334,0.593
59.863385696,577,-2.8989427962039436,14,1,0.5883333333333334,0.593
59.901195891,578,2.360266586934943,14,1,0.5883333333333334,0.593
59.963385696,578,-4.913900819456018,14,1,0.5883333333333334,0.593
60.001195891,579,-0.8113684537971679,14,1,0.5883333333333334,0.593
60.063385696,579,4.946858049939547,14,1,0.5883333333333334,0.593
60.101195891,580,-2.0125887828086535,14,1,0.5883333333333334,0.593
60.163385696,580,-9.250762577729494,14,1,0.5883333333333334,0.593
60.201195891,581,2.736231340004367,14,1,0.5883333333333334,0.593
60.263385696,581,-4.769084421547759,14,1,0.5883333333333334,0.593
60.301195891,582,-12.380473529901293,14,1,0.5883333333333334,0.593
60.363385696,582,6.724008150392575,14,1,0.5883333333333334,0.593
60.401195891,583,-0.8283842130355503,14,1,0.5883333333333334,0.593
60.463385696,583,-3.4872792809705584,14,1,0.5883333333333334,0.593
60.501195891,584,-0.7040345467199104,14,1,0.5883333333333334,0.594
60.563385696,584,-3.1385499483728823,14,1,0.5883333333333334,0.594
60.601195891,585,-0.7696528816025112,14,1,0.5883333333333334,0.594
60.663385696,585,0.7550725039844475,14,1,0.5883333333333334,0.594
60.701195891,586,-9.11538168131369,14,1,0.5883333333333334,0.594
60.763385696,586,5.994963530875092,14,1,0.5883333333333334,0.594
60.801195891,587,-2.5079641193381272,14,1,0.5883333333333334,0.594
60.863385696,587,-8.989094851594926,14,1,0.5883333333333334,0.594
60.901195891,588,6.5887876528867695,14,1,0.5883333333333334,0.594
60.963385696,588,-1.5920643471001688,14,1,0.5883333333333334,0.594
61.001195891,589,-28.17926044172706,14,1,0.5883333333333334,0.594
61.063385696,589,-2.9424483976149785,14,1,0.5883333333333334,0.594
61.101195891,590,-4.435368717231244,14,1,0.5883333333333334,0.594
61.163385696,590,0.33840988042002285,14,1,0.5883333333333334,0.594
61.201195891,591,-3.0309219141377843,14,1,0.5883333333333334,0.594
61.263385696,591,2.472987297290927,14,1,0.5883333333333334,0.594
61.301195891,592,-5.219138192646792,14,1,0.5883333333333334,0.594
61.363385696,592,-1.657827858924079,14,1,0.5883333333333334,0.594
61.401195891,593,-11.882207142319919,14,1,0.5883333333333334,0.594
61.463385696,593,0.16786444330966513,14,1,0.5883333333333334,0.594
61.501195891,594,6.908834620206221,14,1,0.5883333333333334,0.5925
61.563385696,594,-0.8077760584920921,14,1,0.5883333333333334,0.5925
61.601195891,595,-15.529935882109339,14,1,0.5883333333333334,0.5925
61.663385696,595,0.9968844649526708,14,1,0.5883333333333334,0.5925
61.701195891,596,4.999552444736972,14,1,0.5883333333333334,0.5925
61.763385696,596,-25.03387553016259,14,1,0.5883333333333334,0.5925
61.801195891,597,6.964027390844937,14,1,0.5883333333333334,0.5925
61.863385696,597,3.381023478140968,14,1,0.5883333333333334,0.5925
61.901195891,598,-5.538208411312201,14,1,0.5883333333333334,0.5925
61.963385696,598,-3.9835321588580186,14,1,0.5883333333333334,0.5925
62.001195891,599,-11.278949872985232,14,1,0.5883333333333334,0.5925
62.063385696,599,0.8303632180867793,14,1,0.5883333333333334,0.5925
62.101195891,600,2.005831520389788,14,1,0.5883333333333334,0.5925
62.163385696,600,-20.402351138341437,14,1,0.5883333333333334,0.5925
62.201195891,601,-0.7895839267764969,14,1,0.5883333333333334,0.5925
62.263385696,601,-3.297343805749089,14,1,0.5883333333333334,0.5925
62.301195891,602,2.140531985370571,14,1,0.5883333333333334,0.5925
62.363385696,602,-2.835438606059233,14,1,0.5883333333333334,0.5925
62.401195891,603,1.3949663809311668,14,1,0.5883333333333334,0.5925
62.463385696,603,1.823186546801851,14,1,0.5883333333333334,0.5925
62.501195891,604,-4.093463275354354,14,1,0.5883333333333334,0.59
62.563385696,604,-4.4095688493140175,14,1,0.5883333333333334,0.59
62.601195891,605,-6.58426575527058,14,1,0.5883333333333334,0.59
62.663385696,605,-1.1407440894139063,14,1,0.5883333333333334,0.59
62.701195891,606,0.1428674090449112,14,1,0.5883333333333334,0.59
62.763385696,606,5.311536028954226,14,1,0.5883333333333334,0.59
62.801195891,607,-11.944356906748602,14,1,0.5883333333333334,0.59
62.863385696,607,-23.63803376439996,14,1,0.5883333333333334,0.59
62.901195891,608,-4.279422308963524,14,1,0.5883333333333334,0.59
62.963385696,608,-6.3635903177494315,14,1,0.5883333333333334,0.59
63.001195891,609,0.606430555366773,14,1,0.5883333333333334,0.59
63.063385696,609,-4.016076081208481,14,1,0.5883333333333334,0.59
63.101195891,610,-11.830495985093902,14,1,0.5883333333333334,0.59
63.163385696,610,0.9066822623765242,14,1,0.5883333333333334,0.59
63.201195891,611,-4.402949790728921,14,1,0.5883333333333334,0.59
63.263385696,611,-10.158836577879997,14,1,0.5883333333333334,0.59
63.301195891,612,-12.236832461983154,14,1,0.5883333333333334,0.59
63.363385696,612,-8.036505237660045,14,1,0.5883333333333334,0.59
63.401195891,613,-6.87157895398821,14,1,0.5883333333333334,0.59
63.463385696,613,1.9886972343670068,14,1,0.5883333333333334,0.59
63.501195891,614,-10.817934553501116,14,1,0.5883333333333334,0.5904999999999999
63.563385696,614,3.330524150060902,14,1,0.5883333333333334,0.5904999999999999
63.601195891,615,2.1209378045467093,14,1,0.5883333333333334,0.5904999999999999
63.663385696,615,-0.5617091083825282,14,1,0.5883333333333334,0.5904999999999999
63.701195891,616,-2.503665747895421,14,1,0.5883333333333334,0.5904999999999999
63.763385696,616,3.9713855665705466,14,1,0.5883333333333334,0.5904999999999999
63.801195891,617,-11.0414447900969,14,1,0.5883333333333334,0.5904999999999999
63.863385696,617,3.061856044891857,14,1,0.5883333333333334,0.5904999999999999
63.901195891,618,-1.3559953205687343,14,1,0.5883333333333334,0.5904999999999999
63.963385696,618,3.0870805814845665,14,1,0.5883333333333334,0.5904999999999999
64.001195891,619,-8.227223871994315,14,1,0.5883333333333334,0.5904999999999999
64.063385696,619,-0.17679130550902464,14,1,0.5883333333333334,0.5904999999999999
64.101195891,620,1.7470636118445104,14,1,0.5883333333333334,0.5904999999999999
64.163385696,620,-0.34794767400933624,14,1,0.5883333333333334,0.5904999999999999
64.201195891,621,-4.928378816174729,14,1,0.5883333333333334,0.5904999999999999
64.263385696,621,-2.219443915239333,14,1,0.5883333333333334,0.5904999999999999
64.301195891,622,-10.994463611090964,14,1,0.5883333333333334,0.5904999999999999
64.363385696,622,-3.0965732369269356,14,1,0.5883333333333334,0.5904999999999999
64.401195891,623,1.7573602335233778,14,1,0.5883333333333334,0.5904999999999999
64.463385696,623,-4.310328467596605,14,1,0.5883333333333334,0.5904999999999999
64.501195891,624,-7.541101445901704,14,1,0.5883333333333334,0.591
64.563385696,624,-2.0169440311062967,14,1,0.5883333333333334,0.591
64.601195891,625,-8.097588900356795,14,1,0.5883333333333334,0.591
64.663385696,625,4.1258931056794275,14,1,0.5883333333333334,0.591
64.701195891,626,-3.286400964651865,14,1,0.5883333333333334,0.591
64.763385696,626,-3.0985144674967535,14,1,0.5883333333333334,0.591
64.801195891,627,2.212824491215964,14,1,0.5883333333333334,0.591
64.863385696,627,5.721668254275054,14,1,0.5883333333333334,0.591
64.901195891,628,-3.3802042256438423,14,1,0.5883333333333334,0.591
64.963385696,628,-2.3017328272852353,14,1,0.5883333333333334,0.591
65.001195891,629,-7.409429804815763,14,1,0.5883333333333334,0.591
65.063385696,629,4.1059705677911955,14,1,0.5883333333333334,0.591
65.101195891,630,-13.697305614591087,14,1,0.5883333333333334,0.591
65.163385696,630,1.6824280374279534,14,1,0.5883333333333334,0.591
65.201195891,631,-17.10833346661377,14,1,0.5883333333333334,0.591
65.263385696,631,2.326417459163945,14,1,0.5883333333333334,0.591
65.301195891,632,-18.460061329378547,14,1,0.5883333333333334,0.591
65.363385696,632,-9.827948735175784,14,1,0.5883333333333334,0.591
65.401195891,633,-7.385116176824003,14,1,0.5883333333333334,0.591
65.463385696,633,0.31607530422799657,14,1,0.5883333333333334,0.591
65.501195891,634,-1.8549158095720957,14,1,0.5883333333333334,0.5904999999999999
65.563385696,634,3.5454578471994997,14,1,0.5883333333333334,0.5904999999999999
65.601195891,635,1.1966389153321704,14,1,0.5883333333333334,0.5904999999999999
65.663385696,635,0.8432231458623598,14,1,0.5883333333333334,0.5904999999999999
65.701195891,636,1.6493425773206285,14,1,0.5883333333333334,0.5904999999999999
65.763385696,636,-0.47500664300960366,14,1,0.5883333333333334,0.5904999999999999
65.801195891,637,-2.7048616214399286,14,1,0.5883333333333334,0.5904999999999999
65.863385696,637,-5.033951814630892,14,1,0.5883333333333334,0.5904999999999999
65.901195891,638,-4.354393182111606,14,1,0.5883333333333334,0.5904999999999999
65.963385696,638,8.539150750611405,14,1,0.5883333333333334,0.5904999999999999
66.001195891,639,6.899175555421635,14,1,0.5883333333333334,0.5904999999999999
66.063385696,639,-12.978698212623875,14,1,0.5883333333333334,0.5904999999999999
66.101195891,640,2.860688096660742,14,1,0.5883333333333334,0.5904999999999999
66.163385696,640,4.625938834207661,14,1,0.5883333333333334,0.5904999999999999
66.201195891,641,-14.835727236067704,14,1,0.5883333333333334,0.5904999999999999
66.263385696,641,1.4788782589607115,14,1,0.5883333333333334,0.5904999999999999
66.301195891,642,-19.94134270525629,14,1,0.5883333333333334,0.5904999999999999
66.363385696,642,7.751173818681868,14,1,0.5883333333333334,0.5904999999999999
66.401195891,643,1.0038827256968705,14,1,0.5883333333333334,0.5904999999999999
66.463385696,643,-16.021797058274124,14,1,0.5883333333333334,0.5904999999999999
66.501195891,644,3.919174797343674,14,1,0.5883333333333334,0.5865
66.563385696,644,-9.698621791901159,14,1,0.5883333333333334,0.5865
66.601195891,645,-6.7449548183176224,14,1,0.5883333333333334,0.5865
66.663385696,645,-1.2743593258209693,14,1,0.5883333333333334,0.5865
66.701195891,646,-16.826911883867787,14,1,0.5883333333333334,0.5865
66.763385696,646,4.384492077252659,14,1,0.5883333333333334,0.5865
66.801195891,647,2.4168897128080764,14,1,0.5883333333333334,0.5865
66.863385696,647,-5.303706189111775,14,1,0.5883333333333334,0.5865
66.901195891,648,0.3771047910236265,14,1,0.5883333333333334,0.5865
66.963385696,648,4.322430325300904,14,1,0.5883333333333334,0.5865
67.001195891,649,-5.914931808602377,14,1,0.5883333333333334,0.5865
67.063385696,649,-7.5662914794693235,14,1,0.5883333333333334,0.5865
67.101195891,650,-1.8857546292886909,14,1,0.5883333333333334,0.5865
67.163385696,650,4.756534609760358,14,1,0.5883333333333334,0.5865
67.201195891,651,1.0651111871544157,14,1,0.5883333333333334,0.5865
67.263385696,651,-6.991819709687145,14,1,0.5883333333333334,0.5865
67.301195891,652,-9.62427121258424,14,1,0.5883333333333334,0.5865
67.363385696,652,-5.7885235889859645,14,1,0.5883333333333334,0.5865
67.401195891,653,-2.389041027481719,14,1,0.5883333333333334,0.5865
67.463385696,653,-0.014340650592091782,14,1,0.5883333333333334,0.5865
67.501195891,654,1.0049931135456656,14,1,0.5883333333333334,0.5875
67.563385696,654,2.8292349300038016,14,1,0.5883333333333334,0.5875
67.601195891,655,-4.448188374237319,14,1,0.5883333333333334,0.5875
67.663385696,655,-6.60682984648382,14,1,0.5883333333333334,0.5875
67.701195891,656,-0.3225500701533801,14,1,0.5883333333333334,0.5875
67.763385696,656,1.4020096005620344,14,1,0.5883333333333334,0.5875
67.801195891,657,-0.012834922598638577,14,1,0.5883333333333334,0.5875
67.863385696,657,1.1261250349942853,14,1,0.5883333333333334,0.5875
67.901195891,658,-14.086229417012696,14,1,0.5883333333333334,0.5875
67.963385696,658,-3.3797579068674857,14,1,0.5883333333333334,0.5875
68.001195891,659,0.8490484762923689,14,1,0.5883333333333334,0.5875
68.063385696,659,2.0752698044703646,14,1,0.5883333333333334,0.5875
68.101195891,660,-5.482293549354224,14,1,0.5883333333333334,0.5875
68.163385696,660,3.02445880958331,14,1,0.5883333333333334,0.5875
68.201195891,661,2.7566421866425217,14,1,0.5883333333333334,0.5875
68.263385696,661,-8.782946208229045,14,1,0.5883333333333334,0.5875
68.301195891,662,-7.08501964654197,14,1,0.5883333333333334,0.5875
68.363385696,662,-11.559841795020498,14,1,0.5883333333333334,0.5875
68.401195891,663,-7.423990641485597,14,1,0.5883333333333334,0.5875
68.463385696,663,-3.1577052960421694,14,1,0.5883333333333334,0.5875
68.501195891,664,7.9543119953430095,14,1,0.5883333333333334,0.5814999999999999
68.563385696,664,-1.303012521863567,14,1,0.5883333333333334,0.5814999999999999
68.601195891,665,-4.057905745894477,14,1,0.5883333333333334,0.5814999999999999
68.663385696,665,-2.4024438536970942,14,1,0.5883333333333334,0.5814999999999999
68.701195891,666,-23.240153112490134,14,1,0.5883333333333334,0.5814999999999999
68.763385696,666,6.070366445931844,14,1,0.5883333333333334,0.5814999999999999
68.801195891,667,5.180573396913314,14,1,0.5883333333333334,0.5814999999999999
68.863385696,667,-13.124223631749807,14,1,0.5883333333333334,0.5814999999999999
68.901195891,668,-7.639735230031643,14,1,0.5883333333333334,0.5814999999999999
68.963385696,668,-1.7360320607450865,14,1,0.5883333333333334,0.5814999999999999
69.001195891,669,-31.99952360714153,14,1,0.5883333333333334,0.5814999999999999
69.063385696,669,-1.856375039274314,14,1,0.5883333333333334,0.5814999999999999
69.101195891,670,-0.2224509616050666,14,1,0.5883333333333334,0.5814999999999999
69.163385696,670,1.4277324046171338,14,1,0.5883333333333334,0.5814999999999999
69.201195891,671,-9.181230848879796,14,1,0.5883333333333334,0.5814999999999999
69.263385696,671,-13.669154371359253,14,1,0.5883333333333334,0.5814999999999999
69.301195891,672,-6.3310666223732435,14,1,0.5883333333333334,0.5814999999999999
69.363385696,672,-1.0568982115251901,14,1,0.5883333333333334,0.5814999999999999
69.401195891,673,2.6808283263376715,14,1,0.5883333333333334,0.5814999999999999
69.463385696,673,-1.983698237161059,14,1,0.5883333333333334,0.5814999999999999
69.501195891,674,-2.7689058191528737,14,1,0.5883333333333334,0.582
69.563385696,674,2.0948341589859196,14,1,0.5883333333333334,0.582
69.601195891,675,-4.496269378218869,14,1,0.5883333333333334,0.582
69.663385696,675,1.0103347624343055,14,1,0.5883333333333334,0.582
69.701195891,676,-10.989717548508324,14,1,0.5883333333333334,0.582
69.763385696,676,-9.308569138398942,14,1,0.5883333333333334,0.582
69.801195891,677,-1.8614327031531328,14,1,0.5883333333333334,0.582
69.863385696,677,-3.5558861721884725,14,1,0.5883333333333334,0.582
69.901195891,678,-10.463630240688977,14,1,0.5883333333333334,0.582
69.963385696,678,-3.563955301040234,14,1,0.5883333333333334,0.582
70.001195891,679,-4.088450080266432,14,1,0.5883333333333334,0.582
70.063385696,679,2.6100445601011746,14,1,0.5883333333333334,0.582
70.101195891,680,-24.204153964073782,14,1,0.5883333333333334,0.582
70.163385696,680,-8.05202222620691,14,1,0.5883333333333334,0.582
70.201195891,681,3.547243059737022,14,1,0.5883333333333334,0.582
70.263385696,681,-0.37985695335980496,14,1,0.5883333333333334,0.582
70.301195891,682,-6.368955474516259,14,1,0.5883333333333334,0.582
70.363385696,682,-6.534510988448731,14,1,0.5883333333333334,0.582
70.401195891,683,-6.503309666694972,14,1,0.5883333333333334,0.582
70.463385696,683,3.1119757298624506,14,1,0.5883333333333334,0.582
70.501195891,684,3.943395082191619,14,1,0.5883333333333334,0.5820000000000001
70.563385696,684,-26.524768366882043,14,1,0.5883333333333334,0.5820000000000001
70.601195891,685,0.4527891585259546,14,1,0.5883333333333334,0.5820000000000001
70.663385696,685,6.0207974664396255,14,1,0.5883333333333334,0.5820000000000001
70.701195891,686,1.1464009028247026,14,1,0.5883333333333334,0.5820000000000001
70.763385696,686,-1.7789737740476752,14,1,0.5883333333333334,0.5820000000000001
70.801195891,687,-8.40484457736127,14,1,0.5883333333333334,0.5820000000000001
70.863385696,687,2.0684594250399226,14,1,0.5883333333333334,0.5820000000000001
70.901195891,688,3.0098058723202383,14,1,0.5883333333333334,0.5820000000000001
70.963385696,688,-10.599180134917127,14,1,0.5883333333333334,0.5820000000000001
71.001195891,689,2.407975370153703,14,1,0.5883333333333334,0.5820000000000001
71.063385696,689,-0.9557429313748604,14,1,0.5883333333333334,0.5820000000000001
71.101195891,690,-3.4873341861033538,14,1,0.5883333333333334,0.5820000000000001
71.163385696,690,-7.9498865232412985,14,1,0.5883333333333334,0.5820000000000001
71.201195891,691,-20.800752039580374,14,1,0.5883333333333334,0.5820000000000001
71.263385696,691,0.4338878365032825,14,1,0.5883333333333334,0.5820000000000001
71.301195891,692,-3.418868151891386,14,1,0.5883333333333334,0.5820000000000001
71.363385696,692,-9.493711303075832,14,1,0.5883333333333334,0.5820000000000001
71.401195891,693,-24.342163829834213,14,1,0.5883333333333334,0.5820000000000001
71.463385696,693,-2.07655821493434,14,1,0.5883333333333334,0.5820000000000001
71.501195891,694,4.767219043382724,14,1,0.5883333333333334,0.5835
71.563385696,694,4.121485999868738,14,1,0.5883333333333334,0.5835
71.601195891,695,0.027211147457676197,14,1,0.5883333333333334,0.5835
71.663385696,695,7.763259542928964,14,1,0.5883333333333334,0.5835
71.701195891,696,-11.00497962503332,14,1,0.5883333333333334,0.5835
71.763385696,696,3.184900844836272,14,1,0.5883333333333334,0.5835
71.801195891,697,-7.9776604235784685,14,1,0.5883333333333334,0.5835
71.863385696,697,2.316051864045491,14,1,0.5883333333333334,0.5835
71.901195891,698,-10.416712406296043,14,1,0.5883333333333334,0.5835
71.963385696,698,-3.189185070411253,14,1,0.5883333333333334,0.5835
72.001195891,699,-14.61867071485475,14,1,0.5883333333333334,0.5835
72.063385696,699,0.830443570733853,14,1,0.5883333333333334,0.5835
72.101195891,700,1.1542229904929644,14,1,0.5883333333333334,0.5835
72.163385696,700,-10.54170690809664,14,1,0.5883333333333334,0.5835
72.201195891,701,-9.672280722720151,14,1,0.5883333333333334,0.5835
72.263385696,701,7.097348934792002,14,1,0.5883333333333334,0.5835
72.301195891,702,0.919678212294885,14,1,0.5883333333333334,0.5835
72.363385696,702,-5.868357021958884,14,1,0.5883333333333334,0.5835
72.401195891,703,3.2399030680296868,14,1,0.5883333333333334,0.5835
72.463385696,703,6.1912937667145,14,1,0.5883333333333334,0.5835
72.501195891,704,1.4201308856959276,14,1,0.5883333333333334,0.5825
72.563385696,704,-8.181066092349454,14,1,0.5883333333333334,0.5825
72.601195891,705,-6.838147104596176,14,1,0.5883333333333334,0.5825
72.663385696,705,0.5659598417837218,14,1,0.5883333333333334,0.5825
72.701195891,706,-2.7404964841198645,14,1,0.5883333333333334,0.5825
72.763385696,706,2.2091706047756445,14,1,0.5883333333333334,0.5825
72.801195891,707,-3.604868455356719,14,1,0.5883333333333334,0.5825
72.863385696,707,1.6762432882263578,14,1,0.5883333333333334,0.5825
72.901195891,708,-3.0548722702788913,14,1,0.5883333333333334,0.5825
72.963385696,708,-2.0596349103158076,14,1,0.5883333333333334,0.5825
73.001195891,709,1.7929038493849188,14,1,0.5883333333333334,0.5825
73.063385696,709,-4.055021064419173,14,1,0.5883333333333334,0.5825
73.101195891,710,-1.618409612347616,14,1,0.5883333333333334,0.5825
73.163385696,710,-9.432943616638523,14,1,0.5883333333333334,0.5825
73.201195891,711,1.6570568275044606,14,1,0.5883333333333334,0.5825
73.263385696,711,-6.4466472710894775,14,1,0.5883333333333334,0.5825
73.301195891,712,-2.2924097145554088,14,1,0.5883333333333334,0.5825
73.363385696,712,-1.5210473216993468,14,1,0.5883333333333334,0.5825
73.401195891,713,-60.0,14,1,0.5883333333333334,0.5825
73.463385696,713,-3.2782417182560626,14,1,0.5883333333333334,0.5825
73.501195891,714,-6.828399899191389,14,1,0.5883333333333334,0.5765
73.563385696,714,-4.447869572302658,14,1,0.5883333333333334,0.5765
73.601195891,715,-2.8243120552539684,14,1,0.5883333333333334,0.5765
73.663385696,715,3.751722053778319,14,1,0.5883333333333334,0.5765
73.701195891,716,-3.5389506080308397,14,1,0.5883333333333334,0.5765
73.763385696,716,1.419185319408776,14,1,0.5883333333333334,0.5765
73.801195891,717,-9.943156921694321,14,1,0.5883333333333334,0.5765
73.863385696,717,-8.227216424110305,14,1,0.5883333333333334,0.5765
73.901195891,718,-8.244462857657656,14,1,0.5883333333333334,0.5765
73.963385696,718,4.903513946213297,14,1,0.5883333333333334,0.5765
74.001195891,719,-3.153921270485292,14,1,0.5883333333333334,0.5765
74.063385696,719,5.469678025576664,14,1,0.5883333333333334,0.5765
74.101195891,720,1.6256758592961869,14,1,0.5883333333333334,0.5765
74.163385696,720,-0.7435452494735983,14,1,0.5883333333333334,0.5765
74.201195891,721,1.9037951517969853,14,1,0.5883333333333334,0.5765
74.263385696,721,-29.50054037060575,14,1,0.5883333333333334,0.5765
74.301195891,722,2.8685415671043013,14,1,0.5883333333333334,0.5765
74.363385696,722,6.4899596980398835,14,1,0.5883333333333334,0.5765
74.401195891,723,-1.4783272392669942,14,1,0.5883333333333334,0.5765
74.463385696,723,-2.1726885277876384,14,1,0.5883333333333334,0.5765
74.501195891,724,-12.116171057584717,14,1,0.5883333333333334,0.5755
74.563385696,724,-0.0890661859127771,14,1,0.5883333333333334,0.5755
74.601195891,725,-15.403096720252629,14,1,0.5883333333333334,0.5755
74.663385696,725,2.6457385000417255,14,1,0.5883333333333334,0.5755
74.701195891,726,3.1434864132516394,14,1,0.5883333333333334,0.5755
74.763385696,726,0.782708020119557,14,1,0.5883333333333334,0.5755
74.801195891,727,-4.658729055391325,14,1,0.5883333333333334,0.5755
74.863385696,727,1.5746209934600066,14,1,0.5883333333333334,0.5755
74.901195891,728,-2.152816198854551,14,1,0.5883333333333334,0.5755
74.963385696,728,0.44772835799088806,14,1,0.5883333333333334,0.5755
75.001195891,729,-2.2089966745753746,14,1,0.5883333333333334,0.5755
75.063385696,729,-5.409954832254728,14,1,0.5883333333333334,0.5755
75.101195891,730,-17.46838950909263,14,1,0.5883333333333334,0.5755
75.163385696,730,-0.48276707417217757,14,1,0.5883333333333334,0.5755
75.201195891,731,-5.809538659312292,14,1,0.5883333333333334,0.5755
75.263385696,731,3.368969729732783,14,1,0.5883333333333334,0.5755
75.301195891,732,-3.7255332973644695,14,1,0.5883333333333334,0.5755
75.363385696,732,-0.6860876541878633,14,1,0.5883333333333334,0.5755
75.401195891,733,-24.0666358400758,14,1,0.5883333333333334,0.5755
75.463385696,733,-8.96402880456888,14,1,0.5883333333333334,0.5755
75.501195891,734,1.1916592612268497,14,1,0.5883333333333334,0.5720000000000001
75.563385696,734,3.9606084436743725,14,1,0.5883333333333334,0.5720000000000001
75.601195891,735,-8.943277779071447,14,1,0.5883333333333334,0.5720000000000001
75.663385696,735,3.632174403264992,14,1,0.5883333333333334,0.5720000000000001
75.701195891,736,-2.5148417060258343,14,1,0.5883333333333334,0.5720000000000001
75.763385696,736,-12.587806025492913,14,1,0.5883333333333334,0.5720000000000001
75.801195891,737,-2.3921000205731375,14,1,0.5883333333333334,0.5720000000000001
75.863385696,737,1.676175207132512,14,1,0.5883333333333334,0.5720000000000001
75.901195891,738,3.786282146544872,14,1,0.5883333333333334,0.5720000000000001
75.963385696,738,5.2363253713698334,14,1,0.5883333333333334,0.5720000000000001
76.001195891,739,-2.8403437804004645,14,1,0.5883333333333334,0.5720000000000001
76.063385696,739,-1.5813359463808325,14,1,0.5883333333333334,0.5720000000000001
76.101195891,740,1.536700174839181,14,1,0.5883333333333334,0.5720000000000001
76.163385696,740,-0.008994835035100547,14,1,0.5883333333333334,0.5720000000000001
76.201195891,741,2.53979201727629,14,1,0.5883333333333334,0.5720000000000001
76.263385696,741,-5.543036461971251,14,1,0.5883333333333334,0.5720000000000001
76.301195891,742,-13.37103247553248,14,1,0.5883333333333334,0.5720000000000001
76.363385696,742,4.570235678085735,14,1,0.5883333333333334,0.5720000000000001
76.401195891,743,-10.7671858748404,14,1,0.5883333333333334,0.5720000000000001
76.463385696,743,-4.600819072892656,14,1,0.5883333333333334,0.5720000000000001
76.501195891,744,-21.48762909433701,14,1,0.5883333333333334,0.577
76.563385696,744,-1.459398660935221,14,1,0.5883333333333334,0.577
76.601195891,745,6.387602233227438,14,1,0.5883333333333334,0.577
76.663385696,745,-1.2526075344668834,14,1,0.5883333333333334,0.577
76.701195891,746,1.3511541696689426,14,1,0.5883333333333334,0.577
76.763385696,746,1.1537753221385085,14,1,0.5883333333333334,0.577
76.801195891,747,-9.737519531905608,14,1,0.5883333333333334,0.577
76.863385696,747,-20.1835209944425,14,1,0.5883333333333334,0.577
76.901195891,748,-1.2989551942828874,14,1,0.5883333333333334,0.577
76.963385696,748,3.798160294964797,14,1,0.5883333333333334,0.577
77.001195891,749,-8.22159299531082,14,1,0.5883333333333334,0.577
77.063385696,749,-1.1862812409983325,14,1,0.5883333333333334,0.577
77.101195891,750,4.973711106693866,14,1,0.5883333333333334,0.577
77.163385696,750,-1.5964027130467824,14,1,0.5883333333333334,0.577
77.201195891,751,-10.9278734130077,14,1,0.5883333333333334,0.577
77.263385696,751,0.08613871065909096,14,1,0.5883333333333334,0.577
77.301195891,752,-18.71086161211511,14,1,0.5883333333333334,0.577
77.363385696,752,1.6628779911342324,14,1,0.5883333333333334,0.577
77.401195891,753,-7.780497043625514,14,1,0.5883333333333334,0.577
77.463385696,753,-14.980508646790243,14,1,0.5883333333333334,0.577
77.501195891,754,0.695206259383649,14,1,0.5883333333333334,0.5825
77.563385696,754,-9.404361093372849,14,1,0.5883333333333334,0.5825
77.601195891,755,-6.255029450080949,14,1,0.5883333333333334,0.5825
77.663385696,755,-4.007942090277975,14,1,0.5883333333333334,0.5825
77.701195891,756,-9.761422105747478,14,1,0.5883333333333334,0.5825
77.763385696,756,0.8571778691824529,14,1,0.5883333333333334,0.5825
77.801195891,757,1.9451518389526414,14,1,0.5883333333333334,0.5825
77.863385696,757,0.6804609338705312,14,1,0.5883333333333334,0.5825
77.901195891,758,-1.122992780641207,14,1,0.5883333333333334,0.5825
77.963385696,758,6.786250464357062,14,1,0.5883333333333334,0.5825
78.001195891,759,3.267289320453555,14,1,0.5883333333333334,0.5825
78.063385696,759,5.28276076380838,14,1,0.5883333333333334,0.5825
78.101195891,760,-8.920180894072738,14,1,0.5883333333333334,0.5825
78.163385696,760,0.6857782569853975,14,1,0.5883333333333334,0.5825
78.201195891,761,-4.169239771515228,14,1,0.5883333333333334,0.5825
78.263385696,761,5.0300721275739,14,1,0.5883333333333334,0.5825
78.301195891,762,4.4140196865013,14,1,0.5883333333333334,0.5825
78.363385696,762,-2.961698018483566,14,1,0.5883333333333334,0.5825
78.401195891,763,-2.9240927825611056,14,1,0.5883333333333334,0.5825
78.463385696,763,3.4095136952595557,14,1,0.5883333333333334,0.5825
78.501195891,764,-10.561979307429826,14,1,0.5883333333333334,0.5845
78.563385696,764,-6.326629307881425,14,1,0.5883333333333334,0.5845
78.601195891,765,1.2713082425988858,14,1,0.5883333333333334,0.5845
78.663385696,765,1.551904605569646,14,1,0.5883333333333334,0.5845
78.701195891,766,5.908559284946855,14,1,0.5883333333333334,0.5845
78.763385696,766,-17.80134719262502,14,1,0.5883333333333334,0.5845
78.801195891,767,-12.349346248153648,14,1,0.5883333333333334,0.5845
78.863385696,767,2.5088288344796705,14,1,0.5883333333333334,0.5845
78.901195891,768,-8.824049839784452,14,1,0.5883333333333334,0.5845
78.963385696,768,2.9765184413316654,14,1,0.5883333333333334,0.5845
79.001195891,769,0.8872766184355749,14,1,0.5883333333333334,0.5845
79.063385696,769,-1.7542270530263668,14,1,0.5883333333333334,0.5845
79.101195891,770,1.8220223864173277,14,1,0.5883333333333334,0.5845
79.163385696,770,2.320413351779802,14,1,0.5883333333333334,0.5845
79.201195891,771,-13.726036449609351,14,1,0.5883333333333334,0.5845
79.263385696,771,-12.632968522039931,14,1,0.5883333333333334,0.5845
79.301195891,772,-5.9026581420851665,14,1,0.5883333333333334,0.5845
79.363385696,772,1.9790822424005927,14,1,0.5883333333333334,0.5845
79.401195891,773,-5.989576487819834,14,1,0.5883333333333334,0.5845
79.463385696,773,-2.374096311753555,14,1,0.5883333333333334,0.5845
79.501195891,774,-0.658416431069875,14,1,0.5883333333333334,0.58
79.563385696,774,4.717592220021133,14,1,0.5883333333333334,0.58
79.601195891,775,-19.813241936363358,14,1,0.5883333333333334,0.58
79.663385696,775,-4.076024222638852,14,1,0.5883333333333334,0.58
79.701195891,776,-8.396873399912401,14,1,0.5883333333333334,0.58
79.763385696,776,-2.009979719240024,14,1,0.5883333333333334,0.58
79.801195891,777,-4.547873805198036,14,1,0.5883333333333334,0.58
79.863385696,777,-0.7527564269626401,14,1,0.5883333333333334,0.58
79.901195891,778,-1.9856177335827787,14,1,0.5883333333333334,0.58
79.963385696,778,3.6333686430328793,14,1,0.5883333333333334,0.58
80.001195891,779,0.15001684291365602,14,1,0.5883333333333334,0.58
80.063385696,779,3.607791137426219,14,1,0.5883333333333334,0.58
80.101195891,780,-10.01366285378027,14,1,0.5883333333333334,0.58
80.163385696,780,-5.91634862043696,14,1,0.5883333333333334,0.58
80.201195891,781,-1.5528180166192325,14,1,0.5883333333333334,0.58
80.263385696,781,3.082616545033475,14,1,0.5883333333333334,0.58
80.301195891,782,-0.6044231394298478,14,1,0.5883333333333334,0.58
80.363385696,782,-17.57836977214523,14,1,0.5883333333333334,0.58
80.401195891,783,-0.9283325002254966,14,1,0.5883333333333334,0.58
80.463385696,783,-0.6374037312437069,14,1,0.5883333333333334,0.58
80.501195891,784,-5.952702420779562,14,1,0.5883333333333334,0.5775
80.563385696,784,-13.921291872508556,14,1,0.5883333333333334,0.5775
80.601195891,785,-7.902177306109594,14,1,0.5883333333333334,0.5775
80.663385696,785,0.1715439002771406,14,1,0.5883333333333334,0.5775
80.701195891,786,-2.6114008111454634,14,1,0.5883333333333334,0.5775
80.763385696,786,-5.451708731055493,14,1,0.5883333333333334,0.5775
80.801195891,787,6.35814601617251,14,1,0.5883333333333334,0.5775
80.863385696,787,-1.6955590829268308,14,1,0.5883333333333334,0.5775
80.901195891,788,-3.909099521618566,14,1,0.5883333333333334,0.5775
80.963385696,788,-1.4629561831453366,14,1,0.5883333333333334,0.5775
81.001195891,789,-6.222178177881679,14,1,0.5883333333333334,0.5775
81.063385696,789,3.882086365020755,14,1,0.5883333333333334,0.5775
81.101195891,790,4.658940888788195,14,1,0.5883333333333334,0.5775
81.163385696,790,-4.06850348000366,14,1,0.5883333333333334,0.5775
81.201195891,791,-5.683525021439284,14,1,0.5883333333333334,0.5775
81.263385696,791,-8.110911197465885,14,1,0.5883333333333334,0.5775
81.301195891,792,-1.8883982052872104,14,1,0.5883333333333334,0.5775
81.363385696,792,6.209239511133761,14,1,0.5883333333333334,0.5775
81.401195891,793,0.6339117548764911,14,1,0.5883333333333334,0.5775
81.463385696,793,-2.0438278463719852,14,1,0.5883333333333334,0.5775
81.501195891,794,-5.613203307536906,14,1,0.5883333333333334,0.5740000000000001
81.563385696,794,-0.8596985897770448,14,1,0.5883333333333334,0.5740000000000001
81.601195891,795,-1.5822297097279194,14,1,0.5883333333333334,0.5740000000000001
81.663385696,795,-6.900772647303527,14,1,0.5883333333333334,0.5740000000000001
81.701195891,796,-8.891764732133744,14,1,0.5883333333333334,0.5740000000000001
81.763385696,796,1.2519249065786462,14,1,0.5883333333333334,0.5740000000000001
81.801195891,797,-3.5164375473511167,14,1,0.5883333333333334,0.5740000000000001
81.863385696,797,-5.103193004306962,14,1,0.5883333333333334,0.5740000000000001
81.901195891,798,-11.898672196516596,14,1,0.5883333333333334,0.5740000000000001
81.963385696,798,-6.11432162278616,14,1,0.5883333333333334,0.5740000000000001
82.001195891,799,-7.491767229298669,14,1,0.5883333333333334,0.5740000000000001
82.063385696,799,-16.37174979227572,14,1,0.5883333333333334,0.5740000000000001
82.101195891,800,-4.005526675719341,14,1,0.5883333333333334,0.5740000000000001
82.163385696,800,-0.4142663860931253,14,1,0.5883333333333334,0.5740000000000001
82.201195891,801,-0.7068915995108215,14,1,0.5883333333333334,0.5740000000000001
82.263385696,801,-6.091621576110913,14,1,0.5883333333333334,0.5740000000000001
82.301195891,802,-2.164320147323179,14,1,0.5883333333333334,0.5740000000000001
82.363385696,802,5.0918263832219415,14,1,0.5883333333333334,0.5740000000000001
82.401195891,803,-17.528392252789043,14,1,0.5883333333333334,0.5740000000000001
82.463385696,803,-7.571862757792403,14,1,0.5883333333333334,0.5740000000000001
82.501195891,804,-5.0777830688655134,14,1,0.5883333333333334,0.5755
82.563385696,804,1.4636856807260505,14,1,0.5883333333333334,0.5755
82.601195891,805,-2.768662010738323,14,1,0.5883333333333334,0.5755
82.663385696,805,-0.9835748051695558,14,1,0.5883333333333334,0.5755
82.701195891,806,1.4677394499047334,14,1,0.5883333333333334,0.5755
82.763385696,806,-8.216329115563756,14,1,0.5883333333333334,0.5755
82.801195891,807,-5.591039221475899,14,1,0.5883333333333334,0.5755
82.863385696,807,6.045146040961132,14,1,0.5883333333333334,0.5755
82.901195891,808,-15.798768900512382,14,1,0.5883333333333334,0.5755
82.963385696,808,1.714346584441473,14,1,0.5883333333333334,0.5755
83.001195891,809,-4.018856274042586,14,1,0.5883333333333334,0.5755
83.063385696,809,2.3007271256013606,14,1,0.5883333333333334,0.5755
83.101195891,810,-11.753218043365838,14,1,0.5883333333333334,0.5755
83.163385696,810,-2.0294368508546077,14,1,0.5883333333333334,0.5755
83.201195891,811,-0.24214513467256377,14,1,0.5883333333333334,0.5755
83.263385696,811,4.7649062555571575,14,1,0.5883333333333334,0.5755
83.301195891,812,-17.293963277676877,14,1,0.5883333333333334,0.5755
83.363385696,812,-14.723424788786447,14,1,0.5883333333333334,0.5755
83.401195891,813,1.3820134789239105,14,1,0.5883333333333334,0.5755
83.463385696,813,-9.62139323973129,14,1,0.5883333333333334,0.5755
83.501195891,814,-3.6893748229422307,14,1,0.5883333333333334,0.5814999999999999
83.563385696,814,-2.6948243842977697,14,1,0.5883333333333334,0.5814999999999999
83.601195891,815,-1.2571760921500441,14,1,0.5883333333333334,0.5814999999999999
83.663385696,815,7.602622193472658,14,1,0.5883333333333334,0.5814999999999999
83.701195891,816,2.607994379496194,14,1,0.5883333333333334,0.5814999999999999
83.763385696,816,3.0332867352477546,14,1,0.5883333333333334,0.5814999999999999
83.801195891,817,-13.413173782239358,14,1,0.5883333333333334,0.5814999999999999
83.863385696,817,-1.4773726932500852,14,1,0.5883333333333334,0.5814999999999999
83.901195891,818,-23.83327054349964,14,1,0.5883333333333334,0.5814999999999999
83.963385696,818,6.117727042185263,14,1,0.5883333333333334,0.5814999999999999
84.001195891,819,-7.330071929820672,14,1,0.5883333333333334,0.5814999999999999
84.063385696,819,3.1139225426072836,14,1,0.5883333333333334,0.5814999999999999
84.101195891,820,-5.428754420255571,14,1,0.5883333333333334,0.5814999999999999
84.163385696,820,7.392897302070574,14,1,0.5883333333333334,0.5814999999999999
84.201195891,821,4.788008496384497,14,1,0.5883333333333334,0.5814999999999999
84.263385696,821,-6.859067297989789,14,1,0.5883333333333334,0.5814999999999999
84.301195891,822,0.955250855663826,14,1,0.5883333333333334,0.5814999999999999
84.363385696,822,3.8616268468976624,14,1,0.5883333333333334,0.5814999999999999
84.401195891,823,-7.945570930251424,14,1,0.5883333333333334,0.5814999999999999
84.463385696,823,-1.202109278029308,14,1,0.5883333333333334,0.5814999999999999
84.501195891,824,-15.328421437125098,14,1,0.5883333333333334,0.5805
84.563385696,824,-1.5419454800776589,14,1,0.5883333333333334,0.5805
84.601195891,825,-3.753743830036951,14,1,0.5883333333333334,0.5805
84.663385696,825,-3.2116314877488703,14,1,0.5883333333333334,0.5805
84.701195891,826,-3.5965356743280568,14,1,0.5883333333333334,0.5805
84.763385696,826,1.1184800989394184,14,1,0.5883333333333334,0.5805
84.801195891,827,-7.94215109947914,14,1,0.5883333333333334,0.5805
84.863385696,827,1.9071270858279599,14,1,0.5883333333333334,0.5805
84.901195891,828,-9.835507634755224,14,1,0.5883333333333334,0.5805
84.963385696,828,4.750789875584396,14,1,0.5883333333333334,0.5805
85.001195891,829,-4.185739179854744,14,1,0.5883333333333334,0.5805
85.063385696,829,0.11519020302772462,14,1,0.5883333333333334,0.5805
85.101195891,830,3.4291657270703397,14,1,0.5883333333333334,0.5805
85.163385696,830,-0.035669171670623806,14,1,0.5883333333333334,0.5805
85.201195891,831,-0.8568537789646059,14,1,0.5883333333333334,0.5805
85.263385696,831,7.412705568382841,14,1,0.5883333333333334,0.5805
85.301195891,832,-1.2962860572785129,14,1,0.5883333333333334,0.5805
85.363385696,832,4.412549224670993,14,1,0.5883333333333334,0.5805
85.401195891,833,2.9434525785817693,14,1,0.5883333333333334,0.5805
85.463385696,833,0.29851689313025814,14,1,0.5883333333333334,0.5805
85.501195891,834,-9.915868386732555,14,1,0.5883333333333334,0.584
85.563385696,834,-6.358943156734647,14,1,0.5883333333333334,0.584
85.601195891,835,-4.130949257825477,14,1,0.5883333333333334,0.584
85.663385696,835,6.945068563178993,14,1,0.5883333333333334,0.584
85.701195891,836,-7.7989461888941385,14,1,0.5883333333333334,0.584
85.763385696,836,-2.544791448773856,14,1,0.5883333333333334,0.584
85.801195891,837,-5.872625758609407,14,1,0.5883333333333334,0.584
85.863385696,837,-1.2097274755018803,14,1,0.5883333333333334,0.584
85.901195891,838,3.6910496616592363,14,1,0.5883333333333334,0.584
85.963385696,838,-17.116383429816104,14,1,0.5883333333333334,0.584
86.001195891,839,0.5903285708886484,14,1,0.5883333333333334,0.584
86.063385696,839,1.6175759970914818,14,1,0.5883333333333334,0.584
86.101195891,840,-4.474302746280147,14,1,0.5883333333333334,0.584
86.163385696,840,2.400020136376223,14,1,0.5883333333333334,0.584
86.201195891,841,-24.44000786421433,14,1,0.5883333333333334,0.584
86.263385696,841,4.402270189215558,14,1,0.5883333333333334,0.584
86.301195891,842,-9.542408663336984,14,1,0.5883333333333334,0.584
86.363385696,842,-1.3218095192779904,14,1,0.5883333333333334,0.584
86.401195891,843,6.422376096551884,14,1,0.5883333333333334,0.584
86.463385696,843,-3.304719907126956,14,1,0.5883333333333334,0.584
86.501195891,844,1.9001997908387076,14,1,0.5883333333333334,0.5845
86.563385696,844,3.5200225951733737,14,1,0.5883333333333334,0.5845
86.601195891,845,-16.582268535909314,14,1,0.5883333333333334,0.5845
86.663385696,845,-13.650353411907814,14,1,0.5883333333333334,0.5845
86.701195891,846,3.5300338836046907,14,1,0.5883333333333334,0.5845
86.763385696,846,-3.647353833740235,14,1,0.5883333333333334,0.5845
86.801195891,847,-2.8578980700329524,14,1,0.5883333333333334,0.5845
86.863385696,847,-3.3929688048964524,14,1,0.5883333333333334,0.5845
86.901195891,848,2.441813127587325,14,1,0.5883333333333334,0.5845
86.963385696,848,4.734781398614781,14,1,0.5883333333333334,0.5845
87.001195891,849,-3.472713370578713,14,1,0.5883333333333334,0.5845
87.063385696,849,1.627352568791654,14,1,0.5883333333333334,0.5845
87.101195891,850,-11.619875746457103,14,1,0.5883333333333334,0.5845
87.163385696,850,5.098667564925384,14,1,0.5883333333333334,0.5845
87.201195891,851,-5.136171864353006,14,1,0.5883333333333334,0.5845
87.263385696,851,-1.058193133565658,14,1,0.5883333333333334,0.5845
87.301195891,852,4.163952940003474,14,1,0.5883333333333334,0.5845
87.363385696,852,2.345338652484109,14,1,0.5883333333333334,0.5845
87.401195891,853,-6.060612979979839,14,1,0.5883333333333334,0.5845
87.463385696,853,-7.259269961021801,14,1,0.5883333333333334,0.5845
87.501195891,854,2.8383234436097355,14,1,0.5883333333333334,0.5795
87.563385696,854,1.9529202925886622,14,1,0.5883333333333334,0.5795
87.601195891,855,-2.8461869429878304,14,1,0.5883333333333334,0.5795
87.663385696,855,-3.2362435666638256,14,1,0.5883333333333334,0.5795
87.701195891,856,6.464619918099604,14,1,0.5883333333333334,0.5795
87.763385696,856,4.492300289491852,14,1,0.5883333333333334,0.5795
87.801195891,857,-10.180294214226231,14,1,0.5883333333333334,0.5795
87.863385696,857,0.21550092309953106,14,1,0.5883333333333334,0.5795
87.901195891,858,-1.6088312657325707,14,1,0.5883333333333334,0.5795
87.963385696,858,-0.7131953705337901,14,1,0.5883333333333334,0.5795
88.001195891,859,1.8542199587076702,14,1,0.5883333333333334,0.5795
88.063385696,859,0.5278090179588104,14,1,0.5883333333333334,0.5795
88.101195891,860,-3.8950316988956226,14,1,0.5883333333333334,0.5795
88.163385696,860,-5.71955839680623,14,1,0.5883333333333334,0.5795
88.201195891,861,-20.460781195306176,14,1,0.5883333333333334,0.5795
88.263385696,861,4.010993393058017,14,1,0.5883333333333334,0.5795
88.301195891,862,4.712931766083078,14,1,0.5883333333333334,0.5795
88.363385696,862,-8.620309337907155,14,1,0.5883333333333334,0.5795
88.401195891,863,-9.852476586690944,14,1,0.5883333333333334,0.5795
88.463385696,863,2.5534740433129315,14,1,0.5883333333333334,0.5795
88.501195891,864,-3.2686652527271534,14,1,0.5883333333333334,0.578
88.563385696,864,-2.848415207877657,14,1,0.5883333333333334,0.578
88.601195891,865,-2.918900864636997,14,1,0.5883333333333334,0.578
88.663385696,865,2.855205424601231,14,1,0.5883333333333334,0.578
88.701195891,866,-4.341900132300059,14,1,0.5883333333333334,0.578
88.763385696,866,-18.45303297571669,14,1,0.5883333333333334,0.578
88.801195891,867,-9.584173593025833,14,1,0.5883333333333334,0.578
88.863385696,867,2.2158039894681485,14,1,0.5883333333333334,0.578
88.901195891,868,-13.731466997475277,14,1,0.5883333333333334,0.578
88.963385696,868,-8.847355573035632,14,1,0.5883333333333334,0.578
89.001195891,869,-4.276749349640683,14,1,0.5883333333333334,0.578
89.063385696,869,-0.9749638224564043,14,1,0.5883333333333334,0.578
89.101195891,870,-18.45949813196246,14,1,0.5883333333333334,0.578
89.163385696,870,3.5797824859862986,14,1,0.5883333333333334,0.578
89.201195891,871,-40.9542582406462,14,1,0.5883333333333334,0.578
89.263385696,871,1.3277299464017691,14,1,0.5883333333333334,0.578
89.301195891,872,1.8400286384371638,14,1,0.5883333333333334,0.578
89.363385696,872,-5.9483782167917,14,1,0.5883333333333334,0.578
89.401195891,873,-1.0086680868909161,14,1,0.5883333333333334,0.578
89.463385696,873,-19.67868900713431,14,1,0.5883333333333334,0.578
89.501195891,874,-16.118759310633454,14,1,0.5883333333333334,0.5785
89.563385696,874,2.9462181149963773,14,1,0.5883333333333334,0.5785
89.601195891,875,-2.7706854045566622,14,1,0.5883333333333334,0.5785
89.663385696,875,-2.0265185399651724,14,1,0.5883333333333334,0.5785
89.701195891,876,1.7838167230779733,14,1,0.5883333333333334,0.5785
89.763385696,876,-5.431386389545074,14,1,0.5883333333333334,0.5785
89.801195891,877,-2.373718523192692,14,1,0.5883333333333334,0.5785
89.863385696,877,-13.035288127686202,14,1,0.5883333333333334,0.5785
89.901195891,878,-18.374450169019,14,1,0.5883333333333334,0.5785
89.963385696,878,-3.871362415825595,14,1,0.5883333333333334,0.5785
90.001195891,879,-2.785610073271126,14,1,0.5883333333333334,0.5785
90.063385696,879,-6.277284344937648,14,1,0.5883333333333334,0.5785
90.101195891,880,-0.7246713244495716,14,1,0.5883333333333334,0.5785
90.163385696,880,0.4093389626324807,14,1,0.5883333333333334,0.5785
90.201195891,881,-9.215912326828656,14,1,0.5883333333333334,0.5785
90.263385696,881,6.008091707777702,14,1,0.5883333333333334,0.5785
90.301195891,882,-16.85721481907925,14,1,0.5883333333333334,0.5785
90.363385696,882,0.8165953055999047,14,1,0.5883333333333334,0.5785
90.401195891,883,4.350462714742815,14,1,0.5883333333333334,0.5785
90.463385696,883,-8.114708314066185,14,1,0.5883333333333334,0.5785
90.501195891,884,-7.5169862887674785,14,1,0.5883333333333334,0.5850000000000001
90.563385696,884,-2.8353258093681126,14,1,0.5883333333333334,0.5850000000000001
90.601195891,885,3.1538680141257727,14,1,0.5883333333333334,0.5850000000000001
90.663385696,885,1.5970408670812406,14,1,0.5883333333333334,0.5850000000000001
90.701195891,886,-4.285405211233968,14,1,0.5883333333333334,0.5850000000000001
90.763385696,886,-11.856244763333146,14,1,0.5883333333333334,0.5850000000000001
90.801195891,887,-3.0358623591095553,14,1,0.5883333333333334,0.5850000000000001
90.863385696,887,-10.450486040550185,14,1,0.5883333333333334,0.5850000000000001
90.901195891,888,1.7912681923955773,14,1,0.5883333333333334,0.5850000000000001
90.963385696,888,-11.196303587412654,14,1,0.5883333333333334,0.5850000000000001
91.001195891,889,-13.77130280002806,14,1,0.5883333333333334,0.5850000000000001
91.063385696,889,-0.4049616469556872,14,1,0.5883333333333334,0.5850000000000001
91.101195891,890,-8.864460442275506,14,1,0.5883333333333334,0.5850000000000001
91.163385696,890,3.06015914776772,14,1,0.5883333333333334,0.5850000000000001
91.201195891,891,-2.307252895206682,14,1,0.5883333333333334,0.5850000000000001
91.263385696,891,-9.866829865885771,14,1,0.5883333333333334,0.5850000000000001
91.301195891,892,-1.125608805956214,14,1,0.5883333333333334,0.5850000000000001
91.363385696,892,-1.0440189158470587,14,1,0.5883333333333334,0.5850000000000001
91.401195891,893,-9.797410733118278,14,1,0.5883333333333334,0.5850000000000001
91.463385696,893,9.107390715513299,14,1,0.5883333333333334,0.5850000000000001
91.501195891,894,-6.964697883568247,14,1,0.5883333333333334,0.5885
91.563385696,894,-3.3481734743798435,14,1,0.5883333333333334,0.5885
91.601195891,895,-5.713654538758219,14,1,0.5883333333333334,0.5885
91.663385696,895,1.0780010170010978,14,1,0.5883333333333334,0.5885
91.701195891,896,2.109794402808502,14,1,0.5883333333333334,0.5885
91.763385696,896,-0.2511216182590911,14,1,0.5883333333333334,0.5885
91.801195891,897,-7.7353573810600365,14,1,0.5883333333333334,0.5885
91.863385696,897,3.7111032383803906,14,1,0.5883333333333334,0.5885
91.901195891,898,-8.48268493818942,14,1,0.5883333333333334,0.5885
91.963385696,898,-6.3855416445025925,14,1,0.5883333333333334,0.5885
92.001195891,899,5.117922736469244,14,1,0.5883333333333334,0.5885
92.063385696,899,-6.624833416722654,14,1,0.5883333333333334,0.5885
92.101195891,900,6.781366848260726,14,1,0.5883333333333334,0.5885
92.163385696,900,5.75157685491906,14,1,0.5883333333333334,0.5885
92.201195891,901,-4.899600082198367,14,1,0.5883333333333334,0.5885
92.263385696,901,2.3201133013161597,14,1,0.5883333333333334,0.5885
92.301195891,902,-0.7635950349270136,14,1,0.5883333333333334,0.5885
92.363385696,902,1.7279413226175777,14,1,0.5883333333333334,0.5885
92.401195891,903,-1.8657580903363866,14,1,0.5883333333333334,0.5885
92.463385696,903,-6.980226580824769,14,1,0.5883333333333334,0.5885
92.501195891,904,7.281727869422543,14,1,0.5883333333333334,0.5925
92.563385696,904,3.4673333716967916,14,1,0.5883333333333334,0.5925
92.601195891,905,-2.9561536920148646,14,1,0.5883333333333334,0.5925
92.663385696,905,-2.2843796948134614,14,1,0.5883333333333334,0.5925
92.701195891,906,0.9157452398972763,14,1,0.5883333333333334,0.5925
92.763385696,906,-2.2778574501089324,14,1,0.5883333333333334,0.5925
92.801195891,907,2.4202127484232565,14,1,0.5883333333333334,0.5925
92.863385696,907,-9.026635028186691,14,1,0.5883333333333334,0.5925
92.901195891,908,1.3260959259414147,14,1,0.5883333333333334,0.5925
92.963385696,908,3.47047877258214,14,1,0.5883333333333334,0.5925
93.001195891,909,-2.8003118424049362,14,1,0.5883333333333334,0.5925
93.063385696,909,3.7226012150967316,14,1,0.5883333333333334,0.5925
93.101195891,910,-16.24118806339048,14,1,0.5883333333333334,0.5925
93.163385696,910,2.650828856140536,14,1,0.5883333333333334,0.5925
93.201195891,911,4.867009799206917,14,1,0.5883333333333334,0.5925
93.263385696,911,-5.710874921549149,14,1,0.5883333333333334,0.5925
93.301195891,912,0.16889259749570384,14,1,0.5883333333333334,0.5925
93.363385696,912,-7.092514465033952,14,1,0.5883333333333334,0.5925
93.401195891,913,-7.790003408451611,14,1,0.5883333333333334,0.5925
93.463385696,913,6.248818268908821,14,1,0.5883333333333334,0.5925
93.501195891,914,-40.067788911325344,14,1,0.5883333333333334,0.5915
93.563385696,914,-3.9897101262539483,14,1,0.5883333333333334,0.5915
93.601195891,915,-1.5290452378306805,14,1,0.5883333333333334,0.5915
93.663385696,915,3.7137247491064147,14,1,0.5883333333333334,0.5915
93.701195891,916,-2.8583997037098507,14,1,0.5883333333333334,0.5915
93.763385696,916,-8.286101094067192,14,1,0.5883333333333334,0.5915
93.801195891,917,-3.2803613043284017,14,1,0.5883333333333334,0.5915
93.863385696,917,-6.904092167692952,14,1,0.5883333333333334,0.5915
93.901195891,918,0.5243893852789587,14,1,0.5883333333333334,0.5915
93.963385696,918,0.6152422679171322,14,1,0.5883333333333334,0.5915
94.001195891,919,-5.424910535596118,14,1,0.5883333333333334,0.5915
94.063385696,919,4.195949222173349,14,1,0.5883333333333334,0.5915
94.101195891,920,-3.5627970140435927,14,1,0.5883333333333334,0.5915
94.163385696,920,-6.120778276858768,14,1,0.5883333333333334,0.5915
94.201195891,921,-0.8467112362990645,14,1,0.5883333333333334,0.5915
94.263385696,921,-7.600747325082702,14,1,0.5883333333333334,0.5915
94.301195891,922,3.511232976293873,14,1,0.5883333333333334,0.5915
94.363385696,922,6.2787147809093184,14,1,0.5883333333333334,0.5915
94.401195891,923,-15.570388724984422,14,1,0.5883333333333334,0.5915
94.463385696,923,1.7292380521266653,14,1,0.5883333333333334,0.5915
94.501195891,924,-4.784676056304562,14,1,0.5883333333333334,0.591
94.563385696,924,0.47485115696563657,14,1,0.5883333333333334,0.591
94.601195891,925,-9.986839849092688,14,1,0.5883333333333334,0.591
94.663385696,925,-1.9126290803895536,14,1,0.5883333333333334,0.591
94.701195891,926,-3.116991171934727,14,1,0.5883333333333334,0.591
94.763385696,926,-3.4673023454737653,14,1,0.5883333333333334,0.591
94.801195891,927,1.9712481030614484,14,1,0.5883333333333334,0.591
94.863385696,927,-17.63163197137277,14,1,0.5883333333333334,0.591
94.901195891,928,-5.173326191370791,14,1,0.5883333333333334,0.591
94.963385696,928,4.531677592447489,14,1,0.5883333333333334,0.591
95.001195891,929,0.7101909142331657,14,1,0.5883333333333334,0.591
95.063385696,929,-2.1149564728942325,14,1,0.5883333333333334,0.591
95.101195891,930,-0.5224138270161905,14,1,0.5883333333333334,0.591
95.163385696,930,2.4976105016970314,14,1,0.5883333333333334,0.591
95.201195891,931,3.925763022426998,14,1,0.5883333333333334,0.591
95.263385696,931,-7.861155227118718,14,1,0.5883333333333334,0.591
95.301195891,932,2.7593736037790095,14,1,0.5883333333333334,0.591
95.363385696,932,-7.0703843658800185,14,1,0.5883333333333334,0.591
95.401195891,933,-1.3750292473478587,14,1,0.5883333333333334,0.591
95.463385696,933,1.144043243934994,14,1,0.5883333333333334,0.591
95.501195891,934,-10.639721320573944,14,1,0.5883333333333334,0.587
95.563385696,934,-8.59722665398462,14,1,0.5883333333333334,0.587
95.601195891,935,-16.70305293931627,14,1,0.5883333333333334,0.587
95.663385696,935,-2.88584259806074,14,1,0.5883333333333334,0.587
95.701195891,936,-3.39758215740469,14,1,0.5883333333333334,0.587
95.763385696,936,-18.391036855448654,14,1,0.5883333333333334,0.587
95.801195891,937,-2.2615842314181602,14,1,0.5883333333333334,0.587
95.863385696,937,-2.062017528321991,14,1,0.5883333333333334,0.587
95.901195891,938,8.442009901742322,14,1,0.5883333333333334,0.587
95.963385696,938,-6.277677670206612,14,1,0.5883333333333334,0.587
96.001195891,939,-1.2998020715110803,14,1,0.5883333333333334,0.587
96.063385696,939,-8.217774721783568,14,1,0.5883333333333334,0.587
96.101195891,940,-1.6757751233921576,14,1,0.5883333333333334,0.587
96.163385696,940,2.6611886516675205,14,1,0.5883333333333334,0.587
96.201195891,941,6.931908741349984,14,1,0.5883333333333334,0.587
96.263385696,941,-13.25319859600387,14,1,0.5883333333333334,0.587
96.301195891,942,3.9803612484532054,14,1,0.5883333333333334,0.587
96.363385696,942,-6.561376508580174,14,1,0.5883333333333334,0.587
96.401195891,943,-4.487930435096708,14,1,0.5883333333333334,0.587
96.463385696,943,-3.4938874935497344,14,1,0.5883333333333334,0.587
96.501195891,944,-0.6212488319183728,14,1,0.5883333333333334,0.5865
96.563385696,944,1.8352266025774013,14,1,0.5883333333333334,0.5865
96.601195891,945,7.658126372948319,14,1,0.5883333333333334,0.5865
96.663385696,945,-1.3728132283733974,14,1,0.5883333333333334,0.5865
96.701195891,946,-0.8127845382697936,14,1,0.5883333333333334,0.5865
96.763385696,946,-29.02066380730988,14,1,0.5883333333333334,0.5865
96.801195891,947,-9.619451139037217,14,1,0.5883333333333334,0.5865
96.863385696,947,4.520222107541924,14,1,0.5883333333333334,0.5865
96.901195891,948,3.1468743646424135,14,1,0.5883333333333334,0.5865
96.963385696,948,-4.867223807236164,14,1,0.5883333333333334,0.5865
97.001195891,949,-1.7523739604957318,14,1,0.5883333333333334,0.5865
97.063385696,949,-2.900969182527582,14,1,0.5883333333333334,0.5865
97.101195891,950,-1.6839935580478227,14,1,0.5883333333333334,0.5865
97.163385696,950,-5.733027178405764,14,1,0.5883333333333334,0.5865
97.201195891,951,-3.0663187706969692,14,1,0.5883333333333334,0.5865
97.263385696,951,5.191275541171368,14,1,0.5883333333333334,0.5865
97.301195891,952,6.690647205865821,14,1,0.5883333333333334,0.5865
97.363385696,952,2.754046273248231,14,1,0.5883333333333334,0.5865
97.401195891,953,-2.2904364768965113,14,1,0.5883333333333334,0.5865
97.463385696,953,0.40539373864370876,14,1,0.5883333333333334,0.5865
97.501195891,954,-3.781152664758756,14,1,0.5883333333333334,0.588
97.563385696,954,2.2782827103776238,14,1,0.5883333333333334,0.588
97.601195891,955,5.485012642796203,14,1,0.5883333333333334,0.588
97.663385696,955,-0.4224442936591658,14,1,0.5883333333333334,0.588
97.701195891,956,0.2909260066005492,14,1,0.5883333333333334,0.588
97.763385696,956,0.40121059056101643,14,1,0.5883333333333334,0.588
97.801195891,957,-11.554534084339398,14,1,0.5883333333333334,0.588
97.863385696,957,-17.37307384935306,14,1,0.5883333333333334,0.588
97.901195891,958,0.5550954226054376,14,1,0.5883333333333334,0.588
97.963385696,958,0.6243486815561725,14,1,0.5883333333333334,0.588
98.001195891,959,-7.556224395037548,14,1,0.5883333333333334,0.588
98.063385696,959,-10.514293633191073,14,1,0.5883333333333334,0.588
98.101195891,960,-1.1615257158437824,14,1,0.5883333333333334,0.588
98.163385696,960,3.618528372376492,14,1,0.5883333333333334,0.588
98.201195891,961,-7.014867180892193,14,1,0.5883333333333334,0.588
98.263385696,961,-7.126844278661707,14,1,0.5883333333333334,0.588
98.301195891,962,0.7578813234483196,14,1,0.5883333333333334,0.588
98.363385696,962,-10.879410584319764,14,1,0.5883333333333334,0.588
98.401195891,963,-24.329128345089313,14,1,0.5883333333333334,0.588
98.463385696,963,2.525997316922391,14,1,0.5883333333333334,0.588
98.501195891,964,-1.8975945102558303,14,1,0.5883333333333334,0.592
98.563385696,964,-4.1250982057105965,14,1,0.5883333333333334,0.592
98.601195891,965,-6.36613189770853,14,1,0.5883333333333334,0.592
98.663385696,965,0.706233514690837,14,1,0.5883333333333334,0.592
98.701195891,966,-6.551298723731924,14,1,0.5883333333333334,0.592
98.763385696,966,-19.399134381490278,14,1,0.5883333333333334,0.592
98.801195891,967,-1.065524803320492,14,1,0.5883333333333334,0.592
98.863385696,967,6.294578700987152,14,1,0.5883333333333334,0.592
98.901195891,968,-12.4877890490183,14,1,0.5883333333333334,0.592
98.963385696,968,-4.125873020990674,14,1,0.5883333333333334,0.592
99.001195891,969,0.3275522136230444,14,1,0.5883333333333334,0.592
99.063385696,969,3.485010743111448,14,1,0.5883333333333334,0.592
99.101195891,970,-18.956888622779218,14,1,0.5883333333333334,0.592
99.163385696,970,2.021464924208847,14,1,0.5883333333333334,0.592
99.201195891,971,-4.089751422395432,14,1,0.5883333333333334,0.592
99.263385696,971,5.592994118864272,14,1,0.5883333333333334,0.592
99.301195891,972,0.6577447046405483,14,1,0.5883333333333334,0.592
99.363385696,972,3.400560558181289,14,1,0.5883333333333334,0.592
99.401195891,973,-10.113144550792866,14,1,0.5883333333333334,0.592
99.463385696,973,-3.9480505433516386,14,1,0.5883333333333334,0.592
99.501195891,974,-12.166528381121118,14,1,0.5883333333333334,0.5944999999999999
99.563385696,974,-4.256706814337337,14,1,0.5883333333333334,0.5944999999999999
99.601195891,975,-4.1160715099727705,14,1,0.5883333333333334,0.5944999999999999
99.663385696,975,-2.3665259606218614,14,1,0.5883333333333334,0.5944999999999999
99.701195891,976,-11.981382247705149,14,1,0.5883333333333334,0.5944999999999999
99.763385696,976,6.499361289319449,14,1,0.5883333333333334,0.5944999999999999
99.801195891,977,-9.019769188922465,14,1,0.5883333333333334,0.5944999999999999
99.863385696,977,-3.9122533577872947,14,1,0.5883333333333334,0.5944999999999999
99.901195891,978,-0.8813103782574936,14,1,0.5883333333333334,0.5944999999999999
99.963385696,978,5.749630696185911,14,1,0.5883333333333334,0.5944999999999999
100.001195891,979,0.4768388904697055,14,1,0.5883333333333334,0.5944999999999999
100.063385696,979,2.9534838068626974,14,1,0.5883333333333334,0.5944999999999999
100.101195891,980,-32.37355968306646,14,1,0.5883333333333334,0.5944999999999999
100.163385696,980,2.1696197553601686,14,1,0.5883333333333334,0.5944999999999999
100.201195891,981,-9.785595651255399,14,1,0.5883333333333334,0.5944999999999999
100.263385696,981,0.3943081679909398,14,1,0.5883333333333334,0.5944999999999999
100.301195891,982,8.145405416425918,14,1,0.5883333333333334,0.5944999999999999
100.363385696,982,7.787792229053738,14,1,0.5883333333333334,0.5944999999999999
100.401195891,983,-1.020871830728374,14,1,0.5883333333333334,0.5944999999999999
100.463385696,983,2.593365949900872,14,1,0.5883333333333334,0.5944999999999999
100.501195891,984,-0.8225693275186572,14,1,0.5883333333333334,0.591
100.563385696,984,-0.23566485699916592,14,1,0.5883333333333334,0.591
100.601195891,985,-1.7329571255153273,14,1,0.5883333333333334,0.591
100.663385696,985,-2.52179670455047,14,1,0.5883333333333334,0.591
100.701195891,986,1.0816242676941277,14,1,0.5883333333333334,0.591
100.763385696,986,-7.198241622345992,14,1,0.5883333333333334,0.591
100.801195891,987,-19.824440558917722,14,1,0.5883333333333334,0.591
100.863385696,987,-4.766812573243172,14,1,0.5883333333333334,0.591
100.901195891,988,3.9410204968362605,14,1,0.5883333333333334,0.591
100.963385696,988,-4.432780424854592,14,1,0.5883333333333334,0.591
101.001195891,989,-5.607482772226024,14,1,0.5883333333333334,0.591
101.063385696,989,-12.079871137270718,14,1,0.5883333333333334,0.591
101.101195891,990,-6.141576638253877,14,1,0.5883333333333334,0.591
101.163385696,990,3.093823897614751,14,1,0.5883333333333334,0.591
101.201195891,991,-6.090811558746477,14,1,0.5883333333333334,0.591
101.263385696,991,6.4140038544596845,14,1,0.5883333333333334,0.591
101.301195891,992,0.8263544273450131,14,1,0.5883333333333334,0.591
101.363385696,992,-3.3346594301730335,14,1,0.5883333333333334,0.591
101.401195891,993,1.4296962004854166,14,1,0.5883333333333334,0.591
101.463385696,993,3.7925598447804965,14,1,0.5883333333333334,0.591
101.501195891,994,-5.661837872857855,14,1,0.5883333333333334,0.5885
101.563385696,994,-2.571521691987284,14,1,0.5883333333333334,0.5885
101.601195891,995,-9.69754562474822,14,1,0.5883333333333334,0.5885
101.663385696,995,2.1235612808462574,14,1,0.5883333333333334,0.5885
101.701195891,996,-6.9377825142017535,14,1,0.5883333333333334,0.5885
101.763385696,996,-9.224836172200387,14,1,0.5883333333333334,0.5885
101.801195891,997,5.489632589973102,14,1,0.5883333333333334,0.5885
101.863385696,997,-2.4434309769410434,14,1,0.5883333333333334,0.5885
101.901195891,998,-11.88779952613263,14,1,0.5883333333333334,0.5885
101.963385696,998,-10.486955066454955,14,1,0.5883333333333334,0.5885
102.001195891,999,-12.40500562432425,14,1,0.5883333333333334,0.5885
102.063385696,999,7.430019657129112,14,1,0.5883333333333334,0.5885
102.101195891,1000,-3.2115505421601345,14,1,0.5883333333333334,0.5885
102.163385696,1000,4.150170789889823,14,1,0.5883333333333334,0.5885
102.201195891,1001,-39.295800936668485,14,1,0.5883333333333334,0.5885
102.263385696,1001,9.818518605997133,14,1,0.5883333333333334,0.5885
102.301195891,1002,-7.520381972315874,14,1,0.5883333333333334,0.5885
102.363385696,1002,-4.1205433672330996,14,1,0.5883333333333334,0.5885
102.401195891,1003,-4.57732735700064,14,1,0.5883333333333334,0.5885
102.463385696,1003,-3.544871454159902,14,1,0.5883333333333334,0.5885
102.501195891,1004,-10.964826091586225,14,1,0.5883333333333334,0.5894999999999999
102.563385696,1004,7.961146439789073,14,1,0.5883333333333334,0.5894999999999999
102.601195891,1005,6.211401181184529,14,1,0.5883333333333334,0.5894999999999999
102.663385696,1005,-1.9444196604812318,14,1,0.5883333333333334,0.5894999999999999
102.701195891,1006,3.813038258433527,14,1,0.5883333333333334,0.5894999999999999
102.763385696,1006,-5.764930665133931,14,1,0.5883333333333334,0.5894999999999999
102.801195891,1007,-3.3143849226006896,14,1,0.5883333333333334,0.5894999999999999
102.863385696,1007,-2.3275034660580802,14,1,0.5883333333333334,0.5894999999999999
102.901195891,1008,0.5913693895856138,14,1,0.5883333333333334,0.5894999999999999
102.963385696,1008,4.846621410943942,14,1,0.5883333333333334,0.5894999999999999
103.001195891,1009,-4.2762253059885245,14,1,0.5883333333333334,0.5894999999999999
103.063385696,1009,1.5788355677368258,14,1,0.5883333333333334,0.5894999999999999
103.101195891,1010,-1.591185634693981,14,1,0.5883333333333334,0.5894999999999999
103.163385696,1010,4.825508453928137,14,1,0.5883333333333334,0.5894999999999999
103.201195891,1011,4.193712886526063,14,1,0.5883333333333334,0.5894999999999999
103.263385696,1011,-10.996625324836625,14,1,0.5883333333333334,0.5894999999999999
103.301195891,1012,0.4307233939603581,14,1,0.5883333333333334,0.5894999999999999
103.363385696,1012,7.994351780639063,14,1,0.5883333333333334,0.5894999999999999
103.401195891,1013,-25.119372984114445,14,1,0.5883333333333334,0.5894999999999999
103.463385696,1013,-6.845250916855379,14,1,0.5883333333333334,0.5894999999999999
103.501195891,1014,-3.366415126138551,14,1,0.5883333333333334,0.5864999999999999
103.563385696,1014,5.874145314988375,14,1,0.5883333333333334,0.5864999999999999
103.601195891,1015,3.5536092027484516,14,1,0.5883333333333334,0.5864999999999999
103.663385696,1015,3.121343398104342,14,1,0.5883333333333334,0.5864999999999999
103.701195891,1016,-0.08074435975103203,14,1,0.5883333333333334,0.5864999999999999
103.763385696,1016,3.5859693658892065,14,1,0.5883333333333334,0.5864999999999999
103.801195891,1017,-1.036245626698014,14,1,0.5883333333333334,0.5864999999999999
103.863385696,1017,1.937285206873397,14,1,0.5883333333333334,0.5864999999999999
103.901195891,1018,-6.622791960202685,14,1,0.5883333333333334,0.5864999999999999
103.963385696,1018,-0.1331220719848281,14,1,0.5883333333333334,0.5864999999999999
104.001195891,1019,2.3342590266076417,14,1,0.5883333333333334,0.5864999999999999
104.063385696,1019,-0.6696285832146944,14,1,0.5883333333333334,0.5864999999999999
104.101195891,1020,-15.812108430425925,14,1,0.5883333333333334,0.5864999999999999
104.163385696,1020,-5.074817513308412,14,1,0.5883333333333334,0.5864999999999999
104.201195891,1021,-2.3702892839178173,14,1,0.5883333333333334,0.5864999999999999
104.263385696,1021,-2.0709451041564124,14,1,0.5883333333333334,0.5864999999999999
104.301195891,1022,-9.107218841460421,14,1,0.5883333333333334,0.5864999999999999
104.363385696,1022,0.04570244105581506,14,1,0.5883333333333334,0.5864999999999999
104.401195891,1023,-0.8601816043598514,14,1,0.5883333333333334,0.5864999999999999
104.463385696,1023,-3.3234988249014767,14,1,0.5883333333333334,0.5864999999999999
104.501195891,1024,5.395753800344468,14,1,0.5883333333333334,0.5914999999999999
104.563385696,1024,-4.410093244905101,14,1,0.5883333333333334,0.5914999999999999
104.601195891,1025,0.5574997099914781,14,1,0.5883333333333334,0.5914999999999999
104.663385696,1025,-3.6446980390760335,14,1,0.5883333333333334,0.5914999999999999
104.701195891,1026,-0.629057992532175,14,1,0.5883333333333334,0.5914999999999999
104.763385696,1026,1.219111907545793,14,1,0.5883333333333334,0.5914999999999999
104.801195891,1027,4.152454994511664,14,1,0.5883333333333334,0.5914999999999999
104.863385696,1027,-4.62732571475318,14,1,0.5883333333333334,0.5914999999999999
104.901195891,1028,-14.03318370004081,14,1,0.5883333333333334,0.5914999999999999
104.963385696,1028,-2.5036244952698143,14,1,0.5883333333333334,0.5914999999999999
105.001195891,1029,-2.4110337757148312,14,1,0.5883333333333334,0.5914999999999999
105.063385696,1029,1.7264975949847559,14,1,0.5883333333333334,0.5914999999999999
105.101195891,1030,-2.958424627019775,14,1,0.5883333333333334,0.5914999999999999
105.163385696,1030,4.1875081235224805,14,1,0.5883333333333334,0.5914999999999999
105.201195891,1031,3.018232776521852,14,1,0.5883333333333334,0.5914999999999999
105.263385696,1031,-0.7888914627366749,14,1,0.5883333333333334,0.5914999999999999
105.301195891,1032,-6.564180753794703,14,1,0.5883333333333334,0.5914999999999999
105.363385696,1032,0.03806389807924038,14,1,0.5883333333333334,0.5914999999999999
105.401195891,1033,7.863226420256791,14,1,0.5883333333333334,0.5914999999999999
105.463385696,1033,0.7120850633961309,14,1,0.5883333333333334,0.5914999999999999
105.501195891,1034,-4.028402403962933,14,1,0.5883333333333334,0.5980000000000001
105.563385696,1034,4.598390940120282,14,1,0.5883333333333334,0.5980000000000001
105.601195891,1035,2.490025411297565,14,1,0.5883333333333334,0.5980000000000001
105.663385696,1035,-4.307410672304938,14,1,0.5883333333333334,0.5980000000000001
105.701195891,1036,-0.2522802005303556,14,1,0.5883333333333334,0.5980000000000001
105.763385696,1036,5.7270859473168025,14,1,0.5883333333333334,0.5980000000000001
105.801195891,1037,-10.331499230600173,14,1,0.5883333333333334,0.5980000000000001
105.863385696,1037,-12.204153684366903,14,1,0.5883333333333334,0.5980000000000001
105.901195891,1038,0.4852856174155258,14,1,0.5883333333333334,0.5980000000000001
105.963385696,1038,2.3193735180713277,14,1,0.5883333333333334,0.5980000000000001
106.001195891,1039,5.680934225570042,14,1,0.5883333333333334,0.5980000000000001
106.063385696,1039,-13.27615742179303,14,1,0.5883333333333334,0.5980000000000001
106.101195891,1040,-3.3046649048922276,14,1,0.5883333333333334,0.5980000000000001
106.163385696,1040,2.626772364044545,14,1,0.5883333333333334,0.5980000000000001
106.201195891,1041,-0.13123186005072066,14,1,0.5883333333333334,0.5980000000000001
106.263385696,1041,4.520200049303124,14,1,0.5883333333333334,0.5980000000000001
106.301195891,1042,0.9205635715471263,14,1,0.5883333333333334,0.5980000000000001
106.363385696,1042,-1.293201290019426,14,1,0.5883333333333334,0.5980000000000001
106.401195891,1043,4.053932698468661,14,1,0.5883333333333334,0.5980000000000001
106.463385696,1043,6.449379387684503,14,1,0.5883333333333334,0.5980000000000001
106.501195891,1044,2.4524912532084175,14,1,0.5883333333333334,0.5954999999999999
106.563385696,1044,-1.3087351317499187,14,1,0.5883333333333334,0.5954999999999999
106.601195891,1045,-7.9571390512403575,14,1,0.5883333333333334,0.5954999999999999
106.663385696,1045,7.585234792984786,14,1,0.5883333333333334,0.5954999999999999
106.701195891,1046,1.1109253212967232,14,1,0.5883333333333334,0.5954999999999999
106.763385696,1046,-10.140759182523183,14,1,0.5883333333333334,0.5954999999999999
106.801195891,1047,2.9279062296189022,14,1,0.5883333333333334,0.5954999999999999
106.863385696,1047,6.374334347966631,14,1,0.5883333333333334,0.5954999999999999
106.901195891,1048,1.1670986838481787,14,1,0.5883333333333334,0.5954999999999999
106.963385696,1048,-4.924903780406558,14,1,0.5883333333333334,0.5954999999999999
107.001195891,1049,-2.98285406874951,14,1,0.5883333333333334,0.5954999999999999
107.063385696,1049,2.7204363826440185,14,1,0.5883333333333334,0.5954999999999999
107.101195891,1050,5.375990340913768,14,1,0.5883333333333334,0.5954999999999999
107.163385696,1050,-5.36424794016008,14,1,0.5883333333333334,0.5954999999999999
107.201195891,1051,-5.424899207340297,14,1,0.5883333333333334,0.5954999999999999
107.263385696,1051,4.236654311282587,14,1,0.5883333333333334,0.5954999999999999
107.301195891,1052,-11.654286181975952,14,1,0.5883333333333334,0.5954999999999999
107.363385696,1052,-3.096345850251861,14,1,0.5883333333333334,0.5954999999999999
107.401195891,1053,-4.850418406906593,14,1,0.5883333333333334,0.5954999999999999
107.463385696,1053,1.8949033959673132,14,1,0.5883333333333334,0.5954999999999999
107.501195891,1054,2.0585984296431996,14,1,0.5883333333333334,0.5954999999999999
107.563385696,1054,-6.350490411774807,14,1,0.5883333333333334,0.5954999999999999
107.601195891,1055,4.74049682317154,14,1,0.5883333333333334,0.5954999999999999
107.663385696,1055,-5.833536311334523,14,1,0.5883333333333334,0.5954999999999999
107.701195891,1056,-2.8633988074857895,14,1,0.5883333333333334,0.5954999999999999
107.763385696,1056,5.72658058803385,14,1,0.5883333333333334,0.5954999999999999
107.801195891,1057,-1.6383446021281247,14,1,0.5883333333333334,0.5954999999999999
107.863385696,1057,-3.5039875027169898,14,1,0.5883333333333334,0.5954999999999999
107.901195891,1058,2.309047581829481,14,1,0.5883333333333334,0.5954999999999999
107.963385696,1058,-8.455608155439393,14,1,0.5883333333333334,0.5954999999999999
108.001195891,1059,1.741754417222171,14,1,0.5883333333333334,0.5954999999999999
108.063385696,1059,-13.368095404371322,14,1,0.5883333333333334,0.5954999999999999
108.101195891,1060,-6.381596892880648,14,1,0.5883333333333334,0.5954999999999999
108.163385696,1060,7.694961997069645,14,1,0.5883333333333334,0.5954999999999999
108.201195891,1061,-2.3846148644497163,14,1,0.5883333333333334,0.5954999999999999
108.263385696,1061,-4.102312082698975,14,1,0.5883333333333334,0.5954999999999999
108.301195891,1062,3.2529036351797918,14,1,0.5883333333333334,0.5954999999999999
108.363385696,1062,-5.06735571864212,14,1,0.5883333333333334,0.5954999999999999
108.401195891,1063,0.18624036679650713,14,1,0.5883333333333334,0.5954999999999999
108.463385696,1063,-4.976835607006789,14,1,0.5883333333333334,0.5954999999999999
108.501195891,1064,3.1316747503291547,14,1,0.5883333333333334,0.596
108.563385696,1064,4.645300571181414,14,1,0.5883333333333334,0.596
108.601195891,1065,-2.0758534967757987,14,1,0.5883333333333334,0.596
108.663385696,1065,-5.610039180723231,14,1,0.5883333333333334,0.596
108.701195891,1066,2.599806209467714,14,1,0.5883333333333334,0.596
108.763385696,1066,3.096060390912743,14,1,0.5883333333333334,0.596
108.801195891,1067,-3.2262333430443824,14,1,0.5883333333333334,0.596
108.863385696,1067,-4.778048399030765,14,1,0.5883333333333334,0.596
108.901195891,1068,-6.075505179573502,14,1,0.5883333333333334,0.596
108.963385696,1068,4.582552334329928,14,1,0.5883333333333334,0.596
109.001195891,1069,-15.983198466916921,14,1,0.5883333333333334,0.596
109.063385696,1069,0.5313194638421246,14,1,0.5883333333333334,0.596
109.101195891,1070,-9.587974699285851,14,1,0.5883333333333334,0.596
109.163385696,1070,-19.06903211265291,14,1,0.5883333333333334,0.596
109.201195891,1071,-2.115324613311989,14,1,0.5883333333333334,0.596
109.263385696,1071,5.042563158915111,14,1,0.5883333333333334,0.596
109.301195891,1072,0.23367887115235061,14,1,0.5883333333333334,0.596
109.363385696,1072,1.2799598929962368,14,1,0.5883333333333334,0.596
109.401195891,1073,2.9678660767461467,14,1,0.5883333333333334,0.596
109.463385696,1073,1.684444625799536,14,1,0.5883333333333334,0.596
109.501195891,1074,-11.22809543979952,14,1,0.5883333333333334,0.5934999999999999
109.563385696,1074,-1.2288411970854203,14,1,0.5883333333333334,0.5934999999999999
109.601195891,1075,-2.715502710625301,14,1,0.5883333333333334,0.5934999999999999
109.663385696,1075,2.0211444979057864,14,1,0.5883333333333334,0.5934999999999999
109.701195891,1076,-22.626120701595948,14,1,0.5883333333333334,0.5934999999999999
109.763385696,1076,-10.044220866755396,14,1,0.5883333333333334,0.5934999999999999
109.801195891,1077,1.0318486843626093,14,1,0.5883333333333334,0.5934999999999999
109.863385696,1077,4.107270227696281,14,1,0.5883333333333334,0.5934999999999999
109.901195891,1078,-1.9432232073320523,14,1,0.5883333333333334,0.5934999999999999
109.963385696,1078,-17.48620451627204,14,1,0.5883333333333334,0.5934999999999999
110.001195891,1079,-4.410484562477558,14,1,0.5883333333333334,0.5934999999999999
110.063385696,1079,-1.526215754535509,14,1,0.5883333333333334,0.5934999999999999
110.101195891,1080,3.164246161053116,14,1,0.5883333333333334,0.5934999999999999
110.163385696,1080,1.835565752615563,14,1,0.5883333333333334,0.5934999999999999
110.201195891,1081,-12.279742890783474,14,1,0.5883333333333334,0.5934999999999999
110.263385696,1081,-0.582567347809581,14,1,0.5883333333333334,0.5934999999999999
110.301195891,1082,-5.3010993988405755,14,1,0.5883333333333334,0.5934999999999999
110.363385696,1082,-0.26853476276015115,14,1,0.5883333333333334,0.5934999999999999
110.401195891,1083,8.92396476333622,14,1,0.5883333333333334,0.5934999999999999
110.463385696,1083,0.5914082411544466,14,1,0.5883333333333334,0.5934999999999999
110.501195891,1084,-3.848236335516671,14,1,0.5883333333333334,0.594
110.563385696,1084,6.460235200872113,14,1,0.5883333333333334,0.594
110.601195891,1085,-7.721819081916457,14,1,0.5883333333333334,0.594
110.663385696,1085,-5.987364164435274,14,1,0.5883333333333334,0.594
110.701195891,1086,4.050507329812252,14,1,0.5883333333333334,0.594
110.763385696,1086,-3.5568658426055872,14,1,0.5883333333333334,0.594
110.801195891,1087,-3.5309097013102337,14,1,0.5883333333333334,0.594
110.863385696,1087,-4.17295237133041,14,1,0.5883333333333334,0.594
110.901195891,1088,-6.279093296026305,14,1,0.5883333333333334,0.594
110.963385696,1088,5.206726705508974,14,1,0.5883333333333334,0.594
111.001195891,1089,-9.81180765599743,14,1,0.5883333333333334,0.594
111.063385696,1089,-1.406674398449911,14,1,0.5883333333333334,0.594
111.101195891,1090,-11.244204011902937,14,1,0.5883333333333334,0.594
111.163385696,1090,-1.9013988149354883,14,1,0.5883333333333334,0.594
111.201195891,1091,5.602246617117484,14,1,0.5883333333333334,0.594
111.263385696,1091,-2.922693185383806,14,1,0.5883333333333334,0.594
111.301195891,1092,4.789073904171182,14,1,0.5883333333333334,0.594
111.363385696,1092,9.779457958729342,14,1,0.5883333333333334,0.594
111.401195891,1093,-8.561380915173455,14,1,0.5883333333333334,0.594
111.463385696,1093,-0.287623681801248,14,1,0.5883333333333334,0.594
111.501195891,1094,8.560275586805272,14,1,0.5883333333333334,0.5994999999999999
111.563385696,1094,-5.2608318098049,14,1,0.5883333333333334,0.5994999999999999
111.601195891,1095,2.48994382081288,14,1,0.5883333333333334,0.5994999999999999
111.663385696,1095,-4.6703125881511705,14,1,0.5883333333333334,0.5994999999999999
111.701195891,1096,-5.555420936477726,14,1,0.5883333333333334,0.5994999999999999
111.763385696,1096,-25.41675225784266,14,1,0.5883333333333334,0.5994999999999999
111.801195891,1097,-1.2347748388677122,14,1,0.5883333333333334,0.5994999999999999
111.863385696,1097,-5.258696582940051,14,1,0.5883333333333334,0.5994999999999999
111.901195891,1098,0.7056942004930054,14,1,0.5883333333333334,0.5994999999999999
111.963385696,1098,-2.7905026586963215,14,1,0.5883333333333334,0.5994999999999999
112.001195891,1099,-0.3914470162827617,14,1,0.5883333333333334,0.5994999999999999
112.063385696,1099,-5.758404579903397,14,1,0.5883333333333334,0.5994999999999999
112.101195891,1100,4.5755072631699045,14,1,0.5883333333333334,0.5994999999999999
112.163385696,1100,1.0615445486789923,14,1,0.5883333333333334,0.5994999999999999
112.201195891,1101,-4.922468683364192,14,1,0.5883333333333334,0.5994999999999999
112.263385696,1101,-4.57733028491082,14,1,0.5883333333333334,0.5994999999999999
112.301195891,1102,2.3575814174393277,14,1,0.5883333333333334,0.5994999999999999
112.363385696,1102,-13.503078818552797,14,1,0.5883333333333334,0.5994999999999999
112.401195891,1103,6.0874180200255035,14,1,0.5883333333333334,0.5994999999999999
112.463385696,1103,-8.265116062122338,14,1,0.5883333333333334,0.5994999999999999
112.501195891,1104,-1.1530842733040434,14,1,0.5883333333333334,0.598
112.563385696,1104,3.138091550030077,14,1,0.5883333333333334,0.598
112.601195891,1105,-11.71330328859999,14,1,0.5883333333333334,0.598
112.663385696,1105,-12.081078221155956,14,1,0.5883333333333334,0.598
112.701195891,1106,3.824883395874193,14,1,0.5883333333333334,0.598
112.763385696,1106,1.381629662271411,14,1,0.5883333333333334,0.598
112.801195891,1107,5.382796569656002,14,1,0.5883333333333334,0.598
112.863385696,1107,0.12808335325534886,14,1,0.5883333333333334,0.598
112.901195891,1108,-0.8852731658386996,14,1,0.5883333333333334,0.598
112.963385696,1108,-11.95214921595581,14,1,0.5883333333333334,0.598
113.001195891,1109,0.4684743584194062,14,1,0.5883333333333334,0.598
113.063385696,1109,-11.002787178429084,14,1,0.5883333333333334,0.598
113.101195891,1110,0.28867088042858047,14,1,0.5883333333333334,0.598
113.163385696,1110,4.657238582045478,14,1,0.5883333333333334,0.598
113.201195891,1111,2.45683599523824,14,1,0.5883333333333334,0.598
113.263385696,1111,-17.96036633015773,14,1,0.5883333333333334,0.598
113.301195891,1112,2.2958439529424175,14,1,0.5883333333333334,0.598
113.363385696,1112,1.8830380190535554,14,1,0.5883333333333334,0.598
113.401195891,1113,-0.20343437255296334,14,1,0.5883333333333334,0.598
113.463385696,1113,-12.624726060445774,14,1,0.5883333333333334,0.598
113.501195891,1114,-2.5364665837312295,14,1,0.5883333333333334,0.6025
113.563385696,1114,4.222995572140206,14,1,0.5883333333333334,0.6025
113.601195891,1115,1.2812543386152861,14,1,0.5883333333333334,0.6025
113.663385696,1115,-7.260767244004667,14,1,0.5883333333333334,0.6025
113.701195891,1116,-5.075436460720109,14,1,0.5883333333333334,0.6025
113.763385696,1116,-11.337020013439993,14,1,0.5883333333333334,0.6025
113.801195891,1117,4.188042452911604,14,1,0.5883333333333334,0.6025
113.863385696,1117,-6.700515178336357,14,1,0.5883333333333334,0.6025
113.901195891,1118,3.8534166190621444,14,1,0.5883333333333334,0.6025
113.963385696,1118,-1.9704769124779151,14,1,0.5883333333333334,0.6025
114.001195891,1119,-10.302231507249894,14,1,0.5883333333333334,0.6025
114.063385696,1119,0.1450379138417655,14,1,0.5883333333333334,0.6025
114.101195891,1120,-1.5583586930451796,14,1,0.5883333333333334,0.6025
114.163385696,1120,3.9566790174385384,14,1,0.5883333333333334,0.6025
114.201195891,1121,0.026995858835040208,14,1,0.5883333333333334,0.6025
114.263385696,1121,2.421685534649402,14,1,0.5883333333333334,0.6025
114.301195891,1122,3.327725151877959,14,1,0.5883333333333334,0.6025
114.363385696,1122,3.881524579258992,14,1,0.5883333333333334,0.6025
114.401195891,1123,0.37861316403695694,14,1,0.5883333333333334,0.6025
114.463385696,1123,1.9700381505596583,14,1,0.5883333333333334,0.6025
114.501195891,1124,2.547967311889856,14,1,0.5883333333333334,0.6005
114.563385696,1124,-4.798519798618424,14,1,0.5883333333333334,0.6005
114.601195891,1125,7.353324289856673,14,1,0.5883333333333334,0.6005
114.663385696,1125,1.7749389333984165,14,1,0.5883333333333334,0.6005
114.701195891,1126,-1.5781041329554704,14,1,0.5883333333333334,0.6005
114.763385696,1126,2.2051812180119224,14,1,0.5883333333333334,0.6005
114.801195891,1127,-2.9412766491782474,14,1,0.5883333333333334,0.6005
114.863385696,1127,-4.665341257292691,14,1,0.5883333333333334,0.6005
114.901195891,1128,-7.1848611006045875,14,1,0.5883333333333334,0.6005
114.963385696,1128,-12.701811802362199,14,1,0.5883333333333334,0.6005
115.001195891,1129,-6.07516004923394,14,1,0.5883333333333334,0.6005
115.063385696,1129,5.992938459340343,14,1,0.5883333333333334,0.6005
115.101195891,1130,2.5173823094021595,14,1,0.5883333333333334,0.6005
115.163385696,1130,-3.1031466308449405,14,1,0.5883333333333334,0.6005
115.201195891,1131,4.079133042465651,14,1,0.5883333333333334,0.6005
115.263385696,1131,4.882473173642859,14,1,0.5883333333333334,0.6005
115.301195891,1132,2.857235953532879,14,1,0.5883333333333334,0.6005
115.363385696,1132,-19.001861922563357,14,1,0.5883333333333334,0.6005
115.401195891,1133,9.853387134599313,14,1,0.5883333333333334,0.6005
115.463385696,1133,2.8972907005353266,14,1,0.5883333333333334,0.6005
115.501195891,1134,-6.956559560116177,14,1,0.5883333333333334,0.5945
115.563385696,1134,2.5524748781028057,14,1,0.5883333333333334,0.5945
115.601195891,1135,3.207345712263937,14,1,0.5883333333333334,0.5945
115.663385696,1135,1.2768383147424678,14,1,0.5883333333333334,0.5945
115.701195891,1136,5.706813226083229,14,1,0.5883333333333334,0.5945
115.763385696,1136,-0.2171166848418956,14,1,0.5883333333333334,0.5945
115.801195891,1137,-4.565816649847456,14,1,0.5883333333333334,0.5945
115.863385696,1137,-5.71261138777143,14,1,0.5883333333333334,0.5945
115.901195891,1138,-11.647781695363769,14,1,0.5883333333333334,0.5945
115.963385696,1138,4.2361339910433795,14,1,0.5883333333333334,0.5945
116.001195891,1139,4.459162819580959,14,1,0.5883333333333334,0.5945
116.063385696,1139,0.1966106238628345,14,1,0.5883333333333334,0.5945
116.101195891,1140,1.0721460092978499,14,1,0.5883333333333334,0.5945
116.163385696,1140,-5.08060649095737,14,1,0.5883333333333334,0.5945
116.201195891,1141,2.6984070337901445,14,1,0.5883333333333334,0.5945
116.263385696,1141,-13.639994262271099,14,1,0.5883333333333334,0.5945
116.301195891,1142,-0.18127124486794172,14,1,0.5883333333333334,0.5945
116.363385696,1142,5.932004259781357,14,1,0.5883333333333334,0.5945
116.401195891,1143,-4.958767556817444,14,1,0.5883333333333334,0.5945
116.463385696,1143,-9.542474627166605,14,1,0.5883333333333334,0.5945
116.501195891,1144,-1.567814653762252,14,1,0.5883333333333334,0.595
116.563385696,1144,2.0139227905695476,14,1,0.5883333333333334,0.595
116.601195891,1145,5.204658232331848,14,1,0.5883333333333334,0.595
116.663385696,1145,-9.974083638615976,14,1,0.5883333333333334,0.595
116.701195891,1146,-11.81829320363492,14,1,0.5883333333333334,0.595
116.763385696,1146,-4.348287300870625,14,1,0.5883333333333334,0.595
116.801195891,1147,2.2316123093655684,14,1,0.5883333333333334,0.595
116.863385696,1147,1.3439884050193864,14,1,0.5883333333333334,0.595
116.901195891,1148,7.282224501338504,14,1,0.5883333333333334,0.595
116.963385696,1148,5.270519775049647,14,1,0.5883333333333334,0.595
117.001195891,1149,5.652754483332986,14,1,0.5883333333333334,0.595
117.063385696,1149,5.901869362208973,14,1,0.5883333333333334,0.595
117.101195891,1150,-5.183785191936878,14,1,0.5883333333333334,0.595
117.163385696,1150,-5.886528890088471,14,1,0.5883333333333334,0.595
117.201195891,1151,-6.478231048964741,14,1,0.5883333333333334,0.595
117.263385696,1151,8.459523427712252,14,1,0.5883333333333334,0.595
117.301195891,1152,-11.207738348851237,14,1,0.5883333333333334,0.595
117.363385696,1152,-9.531687827716532,14,1,0.5883333333333334,0.595
117.401195891,1153,2.185573566896448,14,1,0.5883333333333334,0.595
117.463385696,1153,6.268945881675194,14,1,0.5883333333333334,0.595
117.501195891,1154,-4.609152934680224,14,1,0.5883333333333334,0.5934999999999999
117.563385696,1154,1.3039865861698225,14,1,0.5883333333333334,0.5934999999999999
117.601195891,1155,-2.052999269005618,14,1,0.5883333333333334,0.5934999999999999
117.663385696,1155,7.380068937155006,14,1,0.5883333333333334,0.5934999999999999
117.701195891,1156,-1.8032023724154072,14,1,0.5883333333333334,0.5934999999999999
117.763385696,1156,-7.819757491868042,14,1,0.5883333333333334,0.5934999999999999
117.801195891,1157,-1.780392789615849,14,1,0.5883333333333334,0.5934999999999999
117.863385696,1157,-8.27204174689933,14,1,0.5883333333333334,0.5934999999999999
117.901195891,1158,-16.463737588448943,14,1,0.5883333333333334,0.5934999999999999
117.963385696,1158,0.6868991766103548,14,1,0.5883333333333334,0.5934999999999999
118.001195891,1159,-4.698436851439636,14,1,0.5883333333333334,0.5934999999999999
118.063385696,1159,-2.491965848343772,14,1,0.5883333333333334,0.5934999999999999
118.101195891,1160,-14.052744026671638,14,1,0.5883333333333334,0.5934999999999999
118.163385696,1160,0.6586487062668003,14,1,0.5883333333333334,0.5934999999999999
118.201195891,1161,-3.0498557944159637,14,1,0.5883333333333334,0.5934999999999999
118.263385696,1161,-3.942265723524328,14,1,0.5883333333333334,0.5934999999999999
118.301195891,1162,-4.58901940163941,14,1,0.5883333333333334,0.5934999999999999
118.363385696,1162,-1.6767516988325282,14,1,0.5883333333333334,0.5934999999999999
118.401195891,1163,-7.8998928995971,14,1,0.5883333333333334,0.5934999999999999
118.463385696,1163,5.1054718014491085,14,1,0.5883333333333334,0.5934999999999999
118.501195891,1164,-0.7398301164171779,14,1,0.5883333333333334,0.589
118.563385696,1164,-6.758465359880783,14,1,0.5883333333333334,0.589
118.601195891,1165,-5.614614954069776,14,1,0.5883333333333334,0.589
118.663385696,1165,-12.861752059393613,14,1,0.5883333333333334,0.589
118.701195891,1166,-11.836689555804302,14,1,0.5883333333333334,0.589
118.763385696,1166,4.643993162953431,14,1,0.5883333333333334,0.589
118.801195891,1167,-8.584633295710887,14,1,0.5883333333333334,0.589
118.863385696,1167,-13.458573137551173,14,1,0.5883333333333334,0.589
118.901195891,1168,-0.35585977813182135,14,1,0.5883333333333334,0.589
118.963385696,1168,1.8682430984585605,14,1,0.5883333333333334,0.589
119.001195891,1169,-0.4807050875935286,14,1,0.5883333333333334,0.589
119.063385696,1169,-0.6745919756494867,14,1,0.5883333333333334,0.589
119.101195891,1170,2.5238653425024093,14,1,0.5883333333333334,0.589
119.163385696,1170,7.97100559511282,14,1,0.5883333333333334,0.589
119.201195891,1171,-0.3314155157180506,14,1,0.5883333333333334,0.589
119.263385696,1171,-15.035808340672517,14,1,0.5883333333333334,0.589
119.301195891,1172,-8.545760178401286,14,1,0.5883333333333334,0.589
119.363385696,1172,-1.9107607727380036,14,1,0.5883333333333334,0.589
119.401195891,1173,-5.535189317176673,14,1,0.5883333333333334,0.589
119.463385696,1173,-3.8948488131533106,14,1,0.5883333333333334,0.589
119.501195891,1174,-4.296504164656888,14,1,0.5883333333333334,0.5900000000000001
119.563385696,1174,0.6497574040474934,14,1,0.5883333333333334,0.5900000000000001
119.601195891,1175,-1.5494895076895998,14,1,0.5883333333333334,0.5900000000000001
119.663385696,1175,1.2185301781875126,14,1,0.5883333333333334,0.5900000000000001
119.701195891,1176,-10.104094191625562,14,1,0.5883333333333334,0.5900000000000001
119.763385696,1176,-13.298313959212368,14,1,0.5883333333333334,0.5900000000000001
119.801195891,1177,2.9705772843160383,14,1,0.5883333333333334,0.5900000000000001
119.863385696,1177,4.980684590848203,14,1,0.5883333333333334,0.5900000000000001
119.901195891,1178,3.0064449762941434,14,1,0.5883333333333334,0.5900000000000001
119.963385696,1178,3.2404165173728416,14,1,0.5883333333333334,0.5900000000000001
120.001195891,1179,-0.5410549150259119,14,1,0.5883333333333334,0.5900000000000001
120.063385696,1179,-0.9374043389528474,14,1,0.5883333333333334,0.5900000000000001
120.101195891,1180,-0.32701560588103745,14,1,0.5883333333333334,0.5900000000000001
120.163385696,1180,-5.521529236208251,14,1,0.5883333333333334,0.5900000000000001
120.201195891,1181,-1.581809716554441,14,1,0.5883333333333334,0.5900000000000001
120.263385696,1181,6.331728172656677,14,1,0.5883333333333334,0.5900000000000001
120.301195891,1182,-15.251670294263915,14,1,0.5883333333333334,0.5900000000000001
120.363385696,1182,-4.398935615361939,14,1,0.5883333333333334,0.5900000000000001
120.401195891,1183,-1.9334927316770332,14,1,0.5883333333333334,0.5900000000000001
120.463385696,1183,7.2264389219411225,14,1,0.5883333333333334,0.5900000000000001
120.501195891,1184,5.565303270570785,14,1,0.5883333333333334,0.591
120.563385696,1184,3.7424053288182613,14,1,0.5883333333333334,0.591
120.601195891,1185,-15.17555133995587,14,1,0.5883333333333334,0.591
120.663385696,1185,1.2526024132343787,14,1,0.5883333333333334,0.591
120.701195891,1186,-4.418832123657339,14,1,0.5883333333333334,0.591
120.763385696,1186,0.06091629159221078,14,1,0.5883333333333334,0.591
120.801195891,1187,-1.4677156935294045,14,1,0.5883333333333334,0.591
120.863385696,1187,-0.8291061483915558,14,1,0.5883333333333334,0.591
120.901195891,1188,-15.724423240422695,14,1,0.5883333333333334,0.591
120.963385696,1188,0.9314945486763403,14,1,0.5883333333333334,0.591
121.001195891,1189,8.912500906548804,14,1,0.5883333333333334,0.591
121.063385696,1189,1.0264127931865543,14,1,0.5883333333333334,0.591
121.101195891,1190,-10.851986082033562,14,1,0.5883333333333334,0.591
121.163385696,1190,2.6144834391597045,14,1,0.5883333333333334,0.591
121.201195891,1191,-15.657864516296168,14,1,0.5883333333333334,0.591
121.263385696,1191,-7.4413479832282015,14,1,0.5883333333333334,0.591
121.301195891,1192,5.247167699654149,14,1,0.5883333333333334,0.591
121.363385696,1192,3.2183448382474467,14,1,0.5883333333333334,0.591
121.401195891,1193,-0.4898357628786182,14,1,0.5883333333333334,0.591
121.463385696,1193,1.3266804697323729,14,1,0.5883333333333334,0.591
121.501195891,1194,-9.387166385418315,14,1,0.5883333333333334,0.5900000000000001
121.563385696,1194,1.1792208448031674,14,1,0.5883333333333334,0.5900000000000001
121.601195891,1195,-0.9304015923958137,14,1,0.5883333333333334,0.5900000000000001
121.663385696,1195,-2.0877600863817696,14,1,0.5883333333333334,0.5900000000000001
121.701195891,1196,-7.382758501828573,14,1,0.5883333333333334,0.5900000000000001
121.763385696,1196,1.8436716213015922,14,1,0.5883333333333334,0.5900000000000001
121.801195891,1197,3.734323521636785,14,1,0.5883333333333334,0.5900000000000001
121.863385696,1197,4.842722782316713,14,1,0.5883333333333334,0.5900000000000001
121.901195891,1198,-2.312747319833251,14,1,0.5883333333333334,0.5900000000000001
121.963385696,1198,0.603356008009469,14,1,0.5883333333333334,0.5900000000000001
122.001195891,1199,-1.7652721248438166,14,1,0.5883333333333334,0.5900000000000001
122.063385696,1199,-4.189361968709212,14,1,0.5883333333333334,0.5900000000000001
122.101195891,1200,4.420015647139361,14,1,0.5883333333333334,0.5900000000000001
122.163385696,1200,6.773604931631531,14,1,0.5883333333333334,0.5900000000000001
122.201195891,1201,-12.631273757202253,14,1,0.5883333333333334,0.5900000000000001
122.263385696,1201,0.5529582658757687,14,1,0.5883333333333334,0.5900000000000001
122.301195891,1202,-1.8979433690752119,14,1,0.5883333333333334,0.5900000000000001
122.363385696,1202,2.83986015581871,14,1,0.5883333333333334,0.5900000000000001
122.401195891,1203,2.1174392507231845,14,1,0.5883333333333334,0.5900000000000001
122.463385696,1203,-5.9047010926349905,14,1,0.5883333333333334,0.5900000000000001
122.501195891,1204,7.982802729026956,14,1,0.5883333333333334,0.588
122.563385696,1204,4.451254031683707,14,1,0.5883333333333334,0.588
122.601195891,1205,6.308116471185144,14,1,0.5883333333333334,0.588
122.663385696,1205,-1.6710145206411473,14,1,0.5883333333333334,0.588
122.701195891,1206,-7.57015137045882,14,1,0.5883333333333334,0.588
122.763385696,1206,4.153579616402489,14,1,0.5883333333333334,0.588
122.801195891,1207,-3.0278912442844974,14,1,0.5883333333333334,0.588
122.863385696,1207,1.4918382090412394,14,1,0.5883333333333334,0.588
122.901195891,1208,5.977999572857728,14,1,0.5883333333333334,0.588
122.963385696,1208,4.573632414486065,14,1,0.5883333333333334,0.588
123.001195891,1209,3.856074552275188,14,1,0.5883333333333334,0.588
123.063385696,1209,1.935010334571789,14,1,0.5883333333333334,0.588
123.101195891,1210,-3.6058739657616092,14,1,0.5883333333333334,0.588
123.163385696,1210,-0.9551271409954193,14,1,0.5883333333333334,0.588
123.201195891,1211,-5.673630506526065,14,1,0.5883333333333334,0.588
123.263385696,1211,6.801129366936598,14,1,0.5883333333333334,0.588
123.301195891,1212,0.7793771045393215,14,1,0.5883333333333334,0.588
123.363385696,1212,-6.967003019147229,14,1,0.5883333333333334,0.588
123.401195891,1213,0.8677106166070098,14,1,0.5883333333333334,0.588
123.463385696,1213,4.165637479143972,14,1,0.5883333333333334,0.588
123.501195891,1214,2.0585152188068343,14,1,0.5883333333333334,0.586
123.563385696,1214,0.4099059022511004,14,1,0.5883333333333334,0.586
123.601195891,1215,7.441147440361342,14,1,0.5883333333333334,0.586
123.663385696,1215,-0.12580485765021174,14,1,0.5883333333333334,0.586
123.701195891,1216,-2.97879031133293,14,1,0.5883333333333334,0.586
123.763385696,1216,3.368429659364511,14,1,0.5883333333333334,0.586
123.801195891,1217,-1.4510907842962113,14,1,0.5883333333333334,0.586
123.863385696,1217,-3.9814651398498246,14,1,0.5883333333333334,0.586
123.901195891,1218,-2.533577098735567,14,1,0.5883333333333334,0.586
123.963385696,1218,-1.0720350411431636,14,1,0.5883333333333334,0.586
124.001195891,1219,3.215495666415984,14,1,0.5883333333333334,0.586
124.063385696,1219,-4.753197976190506,14,1,0.5883333333333334,0.586
124.101195891,1220,-7.670163050735029,14,1,0.5883333333333334,0.586
124.163385696,1220,2.203657938250702,14,1,0.5883333333333334,0.586
124.201195891,1221,-9.220941216073955,14,1,0.5883333333333334,0.586
124.263385696,1221,0.021761675978641593,14,1,0.5883333333333334,0.586
124.301195891,1222,5.3165660452466454,14,1,0.5883333333333334,0.586
124.363385696,1222,-11.442258664959269,14,1,0.5883333333333334,0.586
124.401195891,1223,-2.9888650872159426,14,1,0.5883333333333334,0.586
124.463385696,1223,-8.038050075077113,14,1,0.5883333333333334,0.586
124.501195891,1224,-10.253306575268828,14,1,0.5883333333333334,0.5865
124.563385696,1224,4.967867897954542,14,1,0.5883333333333334,0.5865
124.601195891,1225,3.9103157773718533,14,1,0.5883333333333334,0.5865
124.663385696,1225,-13.450419239067728,14,1,0.5883333333333334,0.5865
124.701195891,1226,-4.24110640481499,14,1,0.5883333333333334,0.5865
124.763385696,1226,0.43720709859687545,14,1,0.5883333333333334,0.5865
124.801195891,1227,-19.04440450260219,14,1,0.5883333333333334,0.5865
124.863385696,1227,1.385217556663265,14,1,0.5883333333333334,0.5865
124.901195891,1228,-0.6207901603010306,14,1,0.5883333333333334,0.5865
124.963385696,1228,3.721904601980166,14,1,0.5883333333333334,0.5865
125.001195891,1229,-11.436686209850484,14,1,0.5883333333333334,0.5865
125.063385696,1229,-2.7616207996529467,14,1,0.5883333333333334,0.5865
125.101195891,1230,-1.0492762775519424,14,1,0.5883333333333334,0.5865
125.163385696,1230,-10.953925539455017,14,1,0.5883333333333334,0.5865
125.201195891,1231,3.8872191335793476,14,1,0.5883333333333334,0.5865
125.263385696,1231,6.523844220220839,14,1,0.5883333333333334,0.5865
125.301195891,1232,-4.8626509959492985,14,1,0.5883333333333334,0.5865
125.363385696,1232,-4.215768494339256,14,1,0.5883333333333334,0.5865
125.401195891,1233,-8.922009530939789,14,1,0.5883333333333334,0.5865
125.463385696,1233,4.683531233848523,14,1,0.5883333333333334,0.5865
125.501195891,1234,3.174673546244677,14,1,0.5883333333333334,0.588
125.563385696,1234,-3.3765363237726054,14,1,0.5883333333333334,0.588
125.601195891,1235,-5.003581197819522,14,1,0.5883333333333334,0.588
125.663385696,1235,-2.844400628249188,14,1,0.5883333333333334,0.588
125.701195891,1236,-5.228565072146715,14,1,0.5883333333333334,0.588
125.763385696,1236,-2.868475648123739,14,1,0.5883333333333334,0.588
125.801195891,1237,4.307823165778986,14,1,0.5883333333333334,0.588
125.863385696,1237,8.313537360283002,14,1,0.5883333333333334,0.588
125.901195891,1238,-8.400737450679026,14,1,0.5883333333333334,0.588
125.963385696,1238,-13.493195132036034,14,1,0.5883333333333334,0.588
126.001195891,1239,-5.5932197676097655,14,1,0.5883333333333334,0.588
126.063385696,1239,-3.3804639791212354,14,1,0.5883333333333334,0.588
126.101195891,1240,-19.89346748797565,14,1,0.5883333333333334,0.588
126.163385696,1240,-18.146610045787185,14,1,0.5883333333333334,0.588
126.201195891,1241,3.343581426636746,14,1,0.5883333333333334,0.588
126.263385696,1241,2.7055396716498885,14,1,0.5883333333333334,0.588
126.301195891,1242,5.449312364569473,14,1,0.5883333333333334,0.588
126.363385696,1242,-2.0073161507480726,14,1,0.5883333333333334,0.588
126.401195891,1243,2.010593801507957,14,1,0.5883333333333334,0.588
126.463385696,1243,-33.55297359550482,14,1,0.5883333333333334,0.588
126.501195891,1244,-5.309047575213645,14,1,0.5883333333333334,0.589
126.563385696,1244,7.110722907519008,14,1,0.5883333333333334,0.589
126.601195891,1245,8.007967167855977,14,1,0.5883333333333334,0.589
126.663385696,1245,-10.507756836602644,14,1,0.5883333333333334,0.589
126.701195891,1246,-2.223590328335497,14,1,0.5883333333333334,0.589
126.763385696,1246,-9.212861521427044,14,1,0.5883333333333334,0.589
126.801195891,1247,-5.200389837542509,14,1,0.5883333333333334,0.589
126.863385696,1247,5.157971554919439,14,1,0.5883333333333334,0.589
126.901195891,1248,3.3086859148634877,14,1,0.5883333333333334,0.589
126.963385696,1248,1.5563569186028603,14,1,0.5883333333333334,0.589
127.001195891,1249,0.5011202136091827,14,1,0.5883333333333334,0.589
127.063385696,1249,-16.26901141586345,14,1,0.5883333333333334,0.589
127.101195891,1250,-18.392720659678673,14,1,0.5883333333333334,0.589
127.163385696,1250,-11.757317093658626,14,1,0.5883333333333334,0.589
127.201195891,1251,-3.474243158588599,14,1,0.5883333333333334,0.589
127.263385696,1251,4.744024014860677,14,1,0.5883333333333334,0.589
127.301195891,1252,-15.578933872921564,14,1,0.5883333333333334,0.589
127.363385696,1252,-6.396387551168066,14,1,0.5883333333333334,0.589
127.401195891,1253,1.2140812205781453,14,1,0.5883333333333334,0.589
127.463385696,1253,-4.647294109183354,14,1,0.5883333333333334,0.589
127.501195891,1254,3.6832017621121906,14,1,0.5883333333333334,0.591
127.563385696,1254,-11.62016390148716,14,1,0.5883333333333334,0.591
127.601195891,1255,-4.644538453732593,14,1,0.5883333333333334,0.591
127.663385696,1255,3.683145994353396,14,1,0.5883333333333334,0.591
127.701195891,1256,-3.588874341684613,14,1,0.5883333333333334,0.591
127.763385696,1256,1.9577316853531876,14,1,0.5883333333333334,0.591
127.801195891,1257,-3.5543236558144624,14,1,0.5883333333333334,0.591
127.863385696,1257,-7.610809610139347,14,1,0.5883333333333334,0.591
127.901195891,1258,-21.34621392488508,14,1,0.5883333333333334,0.591
127.963385696,1258,-3.936823639001181,14,1,0.5883333333333334,0.591
128.001195891,1259,2.3236922314322155,14,1,0.5883333333333334,0.591
128.063385696,1259,-3.793062127095026,14,1,0.5883333333333334,0.591
128.101195891,1260,-2.7336949784403157,14,1,0.5883333333333334,0.591
128.163385696,1260,-13.613942750584506,14,1,0.5883333333333334,0.591
128.201195891,1261,-4.4693576880910495,14,1,0.5883333333333334,0.591
128.263385696,1261,0.15545650968989644,14,1,0.5883333333333334,0.591
128.301195891,1262,-5.910975155848305,14,1,0.5883333333333334,0.591
128.363385696,1262,-14.082886564348225,14,1,0.5883333333333334,0.591
128.401195891,1263,-9.3130215638778,14,1,0.5883333333333334,0.591
128.463385696,1263,-0.4130750061972335,14,1,0.5883333333333334,0.591
128.501195891,1264,2.1315572495566486,14,1,0.5883333333333334,0.5955
128.563385696,1264,-3.790193050183024,14,1,0.5883333333333334,0.5955
128.601195891,1265,3.359524419103957,14,1,0.5883333333333334,0.5955
128.663385696,1265,5.3025942003489615,14,1,0.5883333333333334,0.5955
128.701195891,1266,1.5584916435547589,14,1,0.5883333333333334,0.5955
128.763385696,1266,-3.434324381515444,14,1,0.5883333333333334,0.5955
128.801195891,1267,-2.1807975911272823,14,1,0.5883333333333334,0.5955
128.863385696,1267,-2.8470433592375937,14,1,0.5883333333333334,0.5955
128.901195891,1268,-6.512765288461251,14,1,0.5883333333333334,0.5955
128.963385696,1268,-7.979563799705552,14,1,0.5883333333333334,0.5955
129.001195891,1269,2.807902585366375,14,1,0.5883333333333334,0.5955
129.063385696,1269,-3.9473854629584606,14,1,0.5883333333333334,0.5955
129.101195891,1270,-6.957107669529386,14,1,0.5883333333333334,0.5955
129.163385696,1270,2.7720295590235233,14,1,0.5883333333333334,0.5955
129.201195891,1271,-6.118043854431981,14,1,0.5883333333333334,0.5955
129.263385696,1271,1.1822976563902423,14,1,0.5883333333333334,0.5955
129.301195891,1272,-14.641017933303086,14,1,0.5883333333333334,0.5955
129.363385696,1272,3.1328384657639137,14,1,0.5883333333333334,0.5955
129.401195891,1273,-15.035497567591861,14,1,0.5883333333333334,0.5955
129.463385696,1273,-11.310727036255754,14,1,0.5883333333333334,0.5955
129.501195891,1274,1.299681852502455,14,1,0.5883333333333334,0.5959999999999999
129.563385696,1274,3.063649584197892,14,1,0.5883333333333334,0.5959999999999999
129.601195891,1275,6.764121043925895,14,1,0.5883333333333334,0.5959999999999999
129.663385696,1275,-12.224202041228793,14,1,0.5883333333333334,0.5959999999999999
129.701195891,1276,-1.8569049586693573,14,1,0.5883333333333334,0.5959999999999999
129.763385696,1276,2.08230626963766,14,1,0.5883333333333334,0.5959999999999999
129.801195891,1277,-1.4797206792102213,14,1,0.5883333333333334,0.5959999999999999
129.863385696,1277,0.9999924109138021,14,1,0.5883333333333334,0.5959999999999999
129.901195891,1278,3.4311531249107934,14,1,0.5883333333333334,0.5959999999999999
129.963385696,1278,1.9229939791678083,14,1,0.5883333333333334,0.5959999999999999
130.001195891,1279,2.3665732956228585,14,1,0.5883333333333334,0.5959999999999999
130.063385696,1279,-1.2665470844441358,14,1,0.5883333333333334,0.5959999999999999
130.101195891,1280,-5.312839882092678,14,1,0.5883333333333334,0.5959999999999999
130.163385696,1280,-2.331517878396058,14,1,0.5883333333333334,0.5959999999999999
130.201195891,1281,-5.992643599432542,14,1,0.5883333333333334,0.5959999999999999
130.263385696,1281,4.351739078958126,14,1,0.5883333333333334,0.5959999999999999
130.301195891,1282,1.520369858525272,14,1,0.5883333333333334,0.5959999999999999
130.363385696,1282,-3.179261535486217,14,1,0.5883333333333334,0.5959999999999999
130.401195891,1283,0.7633310477990908,14,1,0.5883333333333334,0.5959999999999999
130.463385696,1283,1.268781476786206,14,1,0.5883333333333334,0.5959999999999999
130.501195891,1284,1.7077776919789822,14,1,0.5883333333333334,0.5974999999999999
130.563385696,1284,-16.049417611056004,14,1,0.5883333333333334,0.5974999999999999
130.601195891,1285,-5.732051706076154,14,1,0.5883333333333334,0.5974999999999999
130.663385696,1285,7.218052050140132,14,1,0.5883333333333334,0.5974999999999999
130.701195891,1286,6.328976998883037,14,1,0.5883333333333334,0.5974999999999999
130.763385696,1286,-3.809040338113405,14,1,0.5883333333333334,0.5974999999999999
130.801195891,1287,6.563970862396512,14,1,0.5883333333333334,0.5974999999999999
130.863385696,1287,0.4071043226704774,14,1,0.5883333333333334,0.5974999999999999
130.901195891,1288,-14.406240204535383,14,1,0.5883333333333334,0.5974999999999999
130.963385696,1288,-1.4743179251777287,14,1,0.5883333333333334,0.5974999999999999
131.001195891,1289,3.3072813459268984,14,1,0.5883333333333334,0.5974999999999999
131.063385696,1289,-6.198015668009631,14,1,0.5883333333333334,0.5974999999999999
131.101195891,1290,-3.262422122789077,14,1,0.5883333333333334,0.5974999999999999
131.163385696,1290,-3.9749865880537403,14,1,0.5883333333333334,0.5974999999999999
131.201195891,1291,-2.687176391552552,14,1,0.5883333333333334,0.5974999999999999
131.263385696,1291,-3.264884424747683,14,1,0.5883333333333334,0.5974999999999999
131.301195891,1292,-13.077711715565526,14,1,0.5883333333333334,0.5974999999999999
131.363385696,1292,-6.751864635135195,14,1,0.5883333333333334,0.5974999999999999
131.401195891,1293,1.4556988225893444,14,1,0.5883333333333334,0.5974999999999999
131.463385696,1293,-10.117042571186186,14,1,0.5883333333333334,0.5974999999999999
131.501195891,1294,0.7042793698646035,14,1,0.5883333333333334,0.5944999999999999
131.563385696,1294,7.251015934468744,14,1,0.5883333333333334,0.5944999999999999
131.601195891,1295,5.194125613258111,14,1,0.5883333333333334,0.5944999999999999
131.663385696,1295,-5.908178161019798,14,1,0.5883333333333334,0.5944999999999999
131.701195891,1296,2.9649732578747234,14,1,0.5883333333333334,0.5944999999999999
131.763385696,1296,2.3355930434410457,14,1,0.5883333333333334,0.5944999999999999
131.801195891,1297,-1.053003875625564,14,1,0.5883333333333334,0.5944999999999999
131.863385696,1297,-4.486532579370587,14,1,0.5883333333333334,0.5944999999999999
131.901195891,1298,8.16059413724053,14,1,0.5883333333333334,0.5944999999999999
131.963385696,1298,0.06352146159192402,14,1,0.5883333333333334,0.5944999999999999
132.001195891,1299,-0.48284022440873714,14,1,0.5883333333333334,0.5944999999999999
132.063385696,1299,-6.16007174590767,14,1,0.5883333333333334,0.5944999999999999
132.101195891,1300,-11.65395815029217,14,1,0.5883333333333334,0.5944999999999999
132.163385696,1300,2.776842485658546,14,1,0.5883333333333334,0.5944999999999999
132.201195891,1301,-0.9732751261708439,14,1,0.5883333333333334,0.5944999999999999
132.263385696,1301,-14.118712282659253,14,1,0.5883333333333334,0.5944999999999999
132.301195891,1302,-8.901684283994474,14,1,0.5883333333333334,0.5944999999999999
132.363385696,1302,7.204945200256554,14,1,0.5883333333333334,0.5944999999999999
132.401195891,1303,1.9086377737680484,14,1,0.5883333333333334,0.5944999999999999
132.463385696,1303,3.6540961664260085,14,1,0.5883333333333334,0.5944999999999999
132.501195891,1304,-14.075682589692448,14,1,0.5883333333333334,0.5934999999999999
132.563385696,1304,-0.07676556245257894,14,1,0.5883333333333334,0.5934999999999999
132.601195891,1305,-1.2152044425338213,14,1,0.5883333333333334,0.5934999999999999
132.663385696,1305,-7.192521073335994,14,1,0.5883333333333334,0.5934999999999999
132.701195891,1306,1.808281292076717,14,1,0.5883333333333334,0.5934999999999999
132.763385696,1306,1.5419807526663574,14,1,0.5883333333333334,0.5934999999999999
132.801195891,1307,5.113443600550781,14,1,0.5883333333333334,0.5934999999999999
132.863385696,1307,-4.703964637747839,14,1,0.5883333333333334,0.5934999999999999
132.901195891,1308,-7.69939179910496,14,1,0.5883333333333334,0.5934999999999999
132.963385696,1308,-11.311457438900131,14,1,0.5883333333333334,0.5934999999999999
133.001195891,1309,2.8447830941235184,14,1,0.5883333333333334,0.5934999999999999
133.063385696,1309,6.708513747999819,14,1,0.5883333333333334,0.5934999999999999
133.101195891,1310,9.33517344811163,14,1,0.5883333333333334,0.5934999999999999
133.163385696,1310,-9.517730866908282,14,1,0.5883333333333334,0.5934999999999999
133.201195891,1311,-9.105777591828936,14,1,0.5883333333333334,0.5934999999999999
133.263385696,1311,-0.7497311685954047,14,1,0.5883333333333334,0.5934999999999999
133.301195891,1312,-3.1008778605815217,14,1,0.5883333333333334,0.5934999999999999
133.363385696,1312,-3.7867486234844883,14,1,0.5883333333333334,0.5934999999999999
133.401195891,1313,-0.05462106816175278,14,1,0.5883333333333334,0.5934999999999999
133.463385696,1313,-1.3027606933718916,14,1,0.5883333333333334,0.5934999999999999
133.501195891,1314,0.9179567549914165,14,1,0.5883333333333334,0.5945
133.563385696,1314,-20.066937584651846,14,1,0.5883333333333334,0.5945
133.601195891,1315,-1.9924386522472193,14,1,0.5883333333333334,0.5945
133.663385696,1315,-0.3963421149437719,14,1,0.5883333333333334,0.5945
133.701195891,1316,-4.721601221895789,14,1,0.5883333333333334,0.5945
133.763385696,1316,-2.8823698970950877,14,1,0.5883333333333334,0.5945
133.801195891,1317,-8.937267524894056,14,1,0.5883333333333334,0.5945
133.863385696,1317,2.2839394280776766,14,1,0.5883333333333334,0.5945
133.901195891,1318,4.140304565977572,14,1,0.5883333333333334,0.5945
133.963385696,1318,-4.496307344044653,14,1,0.5883333333333334,0.5945
134.001195891,1319,-16.00938337701376,14,1,0.5883333333333334,0.5945
134.063385696,1319,-5.823161969981703,14,1,0.5883333333333334,0.5945
134.101195891,1320,-5.494960764916955,14,1,0.5883333333333334,0.5945
134.163385696,1320,10.802893429903575,14,1,0.5883333333333334,0.5945
134.201195891,1321,-3.108060824170015,14,1,0.5883333333333334,0.5945
134.263385696,1321,1.5505394521961189,14,1,0.5883333333333334,0.5945
134.301195891,1322,-4.3390913850133925,14,1,0.5883333333333334,0.5945
134.363385696,1322,-1.8651785694453602,14,1,0.5883333333333334,0.5945
134.401195891,1323,-2.485604101786731,14,1,0.5883333333333334,0.5945
134.463385696,1323,-2.297503538798404,14,1,0.5883333333333334,0.5945
134.501195891,1324,-15.569575417512384,14,1,0.5883333333333334,0.592
134.563385696,1324,9.132822305463174,14,1,0.5883333333333334,0.592
134.601195891,1325,-2.9234206076331852,14,1,0.5883333333333334,0.592
134.663385696,1325,-8.019069498189507,14,1,0.5883333333333334,0.592
134.701195891,1326,0.4018678643431852,14,1,0.5883333333333334,0.592
134.763385696,1326,1.4431730095823156,14,1,0.5883333333333334,0.592
134.801195891,1327,-6.528076013369879,14,1,0.5883333333333334,0.592
134.863385696,1327,2.375352830444477,14,1,0.5883333333333334,0.592
134.901195891,1328,2.214858416433028,14,1,0.5883333333333334,0.592
134.963385696,1328,8.337708835344213,14,1,0.5883333333333334,0.592
135.001195891,1329,-13.933940747955702,14,1,0.5883333333333334,0.592
135.063385696,1329,3.592494806403791,14,1,0.5883333333333334,0.592
135.101195891,1330,-25.03577026891906,14,1,0.5883333333333334,0.592
135.163385696,1330,2.018966740991743,14,1,0.5883333333333334,0.592
135.201195891,1331,-2.1711209083217593,14,1,0.5883333333333334,0.592
135.263385696,1331,2.288689271794472,14,1,0.5883333333333334,0.592
135.301195891,1332,-13.206347959795636,14,1,0.5883333333333334,0.592
135.363385696,1332,4.945347165991225,14,1,0.5883333333333334,0.592
135.401195891,1333,-12.805253808960092,14,1,0.5883333333333334,0.592
135.463385696,1333,7.0999701891798,14,1,0.5883333333333334,0.592
135.501195891,1334,1.045250003883063,14,1,0.5883333333333334,0.592
135.563385696,1334,-8.158007182246145,14,1,0.5883333333333334,0.592
135.601195891,1335,-8.911949705880073,14,1,0.5883333333333334,0.592
135.663385696,1335,7.6380173450892155,14,1,0.5883333333333334,0.592
135.701195891,1336,-6.08372664107018,14,1,0.5883333333333334,0.592
135.763385696,1336,-4.891805153010918,14,1,0.5883333333333334,0.592
135.801195891,1337,-1.1780786883297831,14,1,0.5883333333333334,0.592
135.863385696,1337,4.767506751035847,14,1,0.5883333333333334,0.592
135.901195891,1338,-14.422326922741522,14,1,0.5883333333333334,0.592
135.963385696,1338,-13.614205064195788,14,1,0.5883333333333334,0.592
136.001195891,1339,-6.815092579595378,14,1,0.5883333333333334,0.592
136.063385696,1339,-8.04076669990331,14,1,0.5883333333333334,0.592
136.101195891,1340,0.812031975289212,14,1,0.5883333333333334,0.592
136.163385696,1340,-5.14275808865388,14,1,0.5883333333333334,0.592
136.201195891,1341,-3.9340329479148464,14,1,0.5883333333333334,0.592
136.263385696,1341,5.395133861972922,14,1,0.5883333333333334,0.592
136.301195891,1342,-4.760142690029705,14,1,0.5883333333333334,0.592
136.363385696,1342,-0.7427591949975448,14,1,0.5883333333333334,0.592
136.401195891,1343,0.6049291548504433,14,1,0.5883333333333334,0.592
136.463385696,1343,3.9699440971298983,14,1,0.5883333333333334,0.592
136.501195891,1344,-16.801665933918446,14,1,0.5883333333333334,0.592
136.563385696,1344,3.6591519939384076,14,1,0.5883333333333334,0.592
136.601195891,1345,2.1451441609407835,14,1,0.5883333333333334,0.592
136.663385696,1345,3.3990125035352743,14,1,0.5883333333333334,0.592
136.701195891,1346,-0.44161435852737213,14,1,0.5883333333333334,0.592
136.763385696,1346,0.222484207042862,14,1,0.5883333333333334,0.592
136.801195891,1347,-5.025505862565972,14,1,0.5883333333333334,0.592
136.863385696,1347,-2.7204531814849355,14,1,0.5883333333333334,0.592
136.901195891,1348,-5.864160182543767,14,1,0.5883333333333334,0.592
136.963385696,1348,2.693309986468737,14,1,0.5883333333333334,0.592
137.001195891,1349,-8.3348056107859,14,1,0.5883333333333334,0.592
137.063385696,1349,-1.5627563093894365,14,1,0.5883333333333334,0.592
137.101195891,1350,-9.58664602160948,14,1,0.5883333333333334,0.592
137.163385696,1350,-12.924232836839566,14,1,0.5883333333333334,0.592
137.201195891,1351,6.775200520054893,14,1,0.5883333333333334,0.592
137.263385696,1351,1.0752172236277946,14,1,0.5883333333333334,0.592
137.301195891,1352,-2.013132237420548,14,1,0.5883333333333334,0.592
137.363385696,1352,4.284930428079311,14,1,0.5883333333333334,0.592
137.401195891,1353,-3.7916847255895645,14,1,0.5883333333333334,0.592
137.463385696,1353,-0.4275322313810458,14,1,0.5883333333333334,0.592
137.501195891,1354,1.904957662017623,14,1,0.5883333333333334,0.593
137.563385696,1354,1.7067797916804062,14,1,0.5883333333333334,0.593
137.601195891,1355,3.634581342529076,14,1,0.5883333333333334,0.593
137.663385696,1355,-5.640267853959817,14,1,0.5883333333333334,0.593
137.701195891,1356,-12.326908761640523,14,1,0.5883333333333334,0.593
137.763385696,1356,2.7890909526475953,14,1,0.5883333333333334,0.593
137.801195891,1357,1.874079139364965,14,1,0.5883333333333334,0.593
137.863385696,1357,-7.919588712646673,14,1,0.5883333333333334,0.593
137.901195891,1358,-11.368715112912554,14,1,0.5883333333333334,0.593
137.963385696,1358,4.162168564623172,14,1,0.5883333333333334,0.593
138.001195891,1359,-9.72135398297371,14,1,0.5883333333333334,0.593
138.063385696,1359,-1.3758259166626412,14,1,0.5883333333333334,0.593
138.101195891,1360,-1.6621378040268295,14,1,0.5883333333333334,0.593
138.163385696,1360,2.0593700058536175,14,1,0.5883333333333334,0.593
138.201195891,1361,1.9850926177006076,14,1,0.5883333333333334,0.593
138.263385696,1361,0.7470273211554435,14,1,0.5883333333333334,0.593
138.301195891,1362,-5.897620742533015,14,1,0.5883333333333334,0.593
138.363385696,1362,1.9748549887976619,14,1,0.5883333333333334,0.593
138.401195891,1363,3.4299418810323754,14,1,0.5883333333333334,0.593
138.463385696,1363,3.198330910083847,14,1,0.5883333333333334,0.593
138.501195891,1364,-0.601236204992242,14,1,0.5883333333333334,0.5894999999999999
138.563385696,1364,-0.016308867986179185,14,1,0.5883333333333334,0.5894999999999999
138.601195891,1365,-6.101510104584693,14,1,0.5883333333333334,0.5894999999999999
138.663385696,1365,6.6340028107952795,14,1,0.5883333333333334,0.5894999999999999
138.701195891,1366,-11.735115055242618,14,1,0.5883333333333334,0.5894999999999999
138.763385696,1366,-5.0304194590195985,14,1,0.5883333333333334,0.5894999999999999
138.801195891,1367,-5.641882598165728,14,1,0.5883333333333334,0.5894999999999999
138.863385696,1367,8.159957251136642,14,1,0.5883333333333334,0.5894999999999999
138.901195891,1368,-1.461255146711952,14,1,0.5883333333333334,0.5894999999999999
138.963385696,1368,-1.6221760332549189,14,1,0.5883333333333334,0.5894999999999999
139.001195891,1369,-8.199983938666378,14,1,0.5883333333333334,0.5894999999999999
139.063385696,1369,-0.674019853055482,14,1,0.5883333333333334,0.5894999999999999
139.101195891,1370,-7.499559251345113,14,1,0.5883333333333334,0.5894999999999999
139.163385696,1370,-0.9593586423775601,14,1,0.5883333333333334,0.5894999999999999
139.201195891,1371,-9.066034673009257,14,1,0.5883333333333334,0.5894999999999999
139.263385696,1371,1.7036364186076,14,1,0.5883333333333334,0.5894999999999999
139.301195891,1372,-1.9233933830398753,14,1,0.5883333333333334,0.5894999999999999
139.363385696,1372,-1.4701174620972397,14,1,0.5883333333333334,0.5894999999999999
139.401195891,1373,-0.9650101263022,14,1,0.5883333333333334,0.5894999999999999
139.463385696,1373,-13.427726052485005,14,1,0.5883333333333334,0.5894999999999999
139.501195891,1374,-13.698914840708063,14,1,0.5883333333333334,0.5885
139.563385696,1374,1.504002378437594,14,1,0.5883333333333334,0.5885
139.601195891,1375,-0.9015482282366437,14,1,0.5883333333333334,0.5885
139.663385696,1375,1.5622754508508365,14,1,0.5883333333333334,0.5885
139.701195891,1376,1.5864453578389515,14,1,0.5883333333333334,0.5885
139.763385696,1376,3.29908101588465,14,1,0.5883333333333334,0.5885
139.801195891,1377,-1.4545500586341362,14,1,0.5883333333333334,0.5885
139.863385696,1377,-1.8344965810095961,14,1,0.5883333333333334,0.5885
139.901195891,1378,-11.060818085813914,14,1,0.5883333333333334,0.5885
139.963385696,1378,3.667839497434187,14,1,0.5883333333333334,0.5885
140.001195891,1379,-5.675233318298783,14,1,0.5883333333333334,0.5885
140.063385696,1379,-13.064898268704246,14,1,0.5883333333333334,0.5885
140.101195891,1380,-6.566548761080233,14,1,0.5883333333333334,0.5885
140.163385696,1380,1.1904132245187913,14,1,0.5883333333333334,0.5885
140.201195891,1381,-1.5828656770188951,14,1,0.5883333333333334,0.5885
140.263385696,1381,-13.63170225645969,14,1,0.5883333333333334,0.5885
140.301195891,1382,2.516709172908361,14,1,0.5883333333333334,0.5885
140.363385696,1382,-3.177603733607863,14,1,0.5883333333333334,0.5885
140.401195891,1383,-18.28741792483752,14,1,0.5883333333333334,0.5885
140.463385696,1383,-5.805943042572562,14,1,0.5883333333333334,0.5885
140.501195891,1384,5.3334093128222095,14,1,0.5883333333333334,0.583
140.563385696,1384,4.199181041887867,14,1,0.5883333333333334,0.583
140.601195891,1385,5.245139951889386,14,1,0.5883333333333334,0.583
140.663385696,1385,4.9278029260892895,14,1,0.5883333333333334,0.583
140.701195891,1386,-20.258308501689722,14,1,0.5883333333333334,0.583
140.763385696,1386,1.539843163412971,14,1,0.5883333333333334,0.583
140.801195891,1387,6.294745769527693,14,1,0.5883333333333334,0.583
140.863385696,1387,1.0914220130936727,14,1,0.5883333333333334,0.583
140.901195891,1388,-1.7356599429579975,14,1,0.5883333333333334,0.583
140.963385696,1388,-0.32652263695404626,14,1,0.5883333333333334,0.583
141.001195891,1389,-3.0898480346262858,14,1,0.5883333333333334,0.583
141.063385696,1389,1.4376926901695946,14,1,0.5883333333333334,0.583
141.101195891,1390,1.1661107283993197,14,1,0.5883333333333334,0.583
141.163385696,1390,1.7167063416006247,14,1,0.5883333333333334,0.583
141.201195891,1391,-3.029407630388654,14,1,0.5883333333333334,0.583
141.263385696,1391,-4.04823413574801,14,1,0.5883333333333334,0.583
141.301195891,1392,0.574329190625153,14,1,0.5883333333333334,0.583
141.363385696,1392,-12.28040528414478,14,1,0.5883333333333334,0.583
141.401195891,1393,5.567562773773171,14,1,0.5883333333333334,0.583
141.463385696,1393,-3.192886520833886,14,1,0.5883333333333334,0.583
141.501195891,1394,-6.520998832106778,14,1,0.5883333333333334,0.5845
141.563385696,1394,1.555112856471762,14,1,0.5883333333333334,0.5845
141.601195891,1395,2.343784825039725,14,1,0.5883333333333334,0.5845
141.663385696,1395,4.896605684370567,14,1,0.5883333333333334,0.5845
141.701195891,1396,0.8320487097539424,14,1,0.5883333333333334,0.5845
141.763385696,1396,-6.07069429154722,14,1,0.5883333333333334,0.5845
141.801195891,1397,0.7768811651320742,14,1,0.5883333333333334,0.5845
141.863385696,1397,1.437199888802425,14,1,0.5883333333333334,0.5845
141.901195891,1398,-8.002334942054999,14,1,0.5883333333333334,0.5845
141.963385696,1398,-1.879194428843596,14,1,0.5883333333333334,0.5845
142.001195891,1399,0.8977800867960726,14,1,0.5883333333333334,0.5845
142.063385696,1399,-0.9320285236036903,14,1,0.5883333333333334,0.5845
142.101195891,1400,-0.6740278829535147,14,1,0.5883333333333334,0.5845
142.163385696,1400,-3.1987336536325466,14,1,0.5883333333333334,0.5845
142.201195891,1401,-0.8826704192082517,14,1,0.5883333333333334,0.5845
142.263385696,1401,-0.056195568739330654,14,1,0.5883333333333334,0.5845
142.301195891,1402,-9.190020347754476,14,1,0.5883333333333334,0.5845
142.363385696,1402,-1.4300941526656816,14,1,0.5883333333333334,0.5845
142.401195891,1403,-5.913016060378579,14,1,0.5883333333333334,0.5845
142.463385696,1403,3.2820013830509036,14,1,0.5883333333333334,0.5845
142.501195891,1404,-1.0465548950383696,14,1,0.5883333333333334,0.584
142.563385696,1404,3.6019287354666925,14,1,0.5883333333333334,0.584
142.601195891,1405,3.0368051345271523,14,1,0.5883333333333334,0.584
142.663385696,1405,-1.729153661568469,14,1,0.5883333333333334,0.584
142.701195891,1406,1.4509213649265913,14,1,0.5883333333333334,0.584
142.763385696,1406,2.7732704366066114,14,1,0.5883333333333334,0.584
142.801195891,1407,1.906568334368868,14,1,0.5883333333333334,0.584
142.863385696,1407,2.6260513187297354,14,1,0.5883333333333334,0.584
142.901195891,1408,-2.8017418029482837,14,1,0.5883333333333334,0.584
142.963385696,1408,3.7978189620371907,14,1,0.5883333333333334,0.584
143.001195891,1409,1.0256483603987108,14,1,0.5883333333333334,0.584
143.063385696,1409,-10.58738596405027,14,1,0.5883333333333334,0.584
143.101195891,1410,0.7448478799171643,14,1,0.5883333333333334,0.584
143.163385696,1410,-1.1286755943146887,14,1,0.5883333333333334,0.584
143.201195891,1411,-4.965237114638999,14,1,0.5883333333333334,0.584
143.263385696,1411,-1.5484341218546507,14,1,0.5883333333333334,0.584
143.301195891,1412,-12.151747339801267,14,1,0.5883333333333334,0.584
143.363385696,1412,0.20162981919747636,14,1,0.5883333333333334,0.584
143.401195891,1413,-6.241361207495255,14,1,0.5883333333333334,0.584
143.463385696,1413,-14.724412405837777,14,1,0.5883333333333334,0.584
143.501195891,1414,-3.827968639065398,14,1,0.5883333333333334,0.5825
143.563385696,1414,0.7389834391070398,14,1,0.5883333333333334,0.5825
143.601195891,1415,-6.814327691330632,14,1,0.5883333333333334,0.5825
143.663385696,1415,-4.164295523261458,14,1,0.5883333333333334,0.5825
143.701195891,1416,-8.99762414183853,14,1,0.5883333333333334,0.5825
143.763385696,1416,-2.1624400225138474,14,1,0.5883333333333334,0.5825
143.801195891,1417,2.1954155510737277,14,1,0.5883333333333334,0.5825
143.863385696,1417,-11.465309610502803,14,1,0.5883333333333334,0.5825
143.901195891,1418,-10.628499836908212,14,1,0.5883333333333334,0.5825
143.963385696,1418,-5.994314111795863,14,1,0.5883333333333334,0.5825
144.001195891,1419,-2.5838913293365398,14,1,0.5883333333333334,0.5825
144.063385696,1419,7.9720839524478215,14,1,0.5883333333333334,0.5825
144.101195891,1420,-1.1540615988535066,14,1,0.5883333333333334,0.5825
144.163385696,1420,-10.784361042552836,14,1,0.5883333333333334,0.5825
144.201195891,1421,-3.171813409546818,14,1,0.5883333333333334,0.5825
144.263385696,1421,3.481327989753283,14,1,0.5883333333333334,0.5825
144.301195891,1422,3.1332978048536404,14,1,0.5883333333333334,0.5825
144.363385696,1422,-0.2440892543330278,14,1,0.5883333333333334,0.5825
144.401195891,1423,-6.264333678945569,14,1,0.5883333333333334,0.5825
144.463385696,1423,2.655829243114145,14,1,0.5883333333333334,0.5825
144.501195891,1424,-8.26686072876649,14,1,0.5883333333333334,0.5814999999999999
144.563385696,1424,-1.5236745137415342,14,1,0.5883333333333334,0.5814999999999999
144.601195891,1425,-9.985062726807314,14,1,0.5883333333333334,0.5814999999999999
144.663385696,1425,-3.6404017460089637,14,1,0.5883333333333334,0.5814999999999999
144.701195891,1426,2.1982925127040214,14,1,0.5883333333333334,0.5814999999999999
144.763385696,1426,-2.7462806373659054,14,1,0.5883333333333334,0.5814999999999999
144.801195891,1427,-16.30517623980166,14,1,0.5883333333333334,0.5814999999999999
144.863385696,1427,-1.1654274637979698,14,1,0.5883333333333334,0.5814999999999999
144.901195891,1428,1.628834955548029,14,1,0.5883333333333334,0.5814999999999999
144.963385696,1428,-1.6742651833986226,14,1,0.5883333333333334,0.5814999999999999
145.001195891,1429,-0.08605553174405013,14,1,0.5883333333333334,0.5814999999999999
145.063385696,1429,-3.5146393860234277,14,1,0.5883333333333334,0.5814999999999999
145.101195891,1430,-34.58229839683624,14,1,0.5883333333333334,0.5814999999999999
145.163385696,1430,3.8739107839614366,14,1,0.5883333333333334,0.5814999999999999
145.201195891,1431,-9.36975846270252,14,1,0.5883333333333334,0.5814999999999999
145.263385696,1431,-9.72207330592765,14,1,0.5883333333333334,0.5814999999999999
145.301195891,1432,-9.043700058314146,14,1,0.5883333333333334,0.5814999999999999
145.363385696,1432,-4.949614083968237,14,1,0.5883333333333334,0.5814999999999999
145.401195891,1433,-2.2584450122773982,14,1,0.5883333333333334,0.5814999999999999
145.463385696,1433,-5.2809462859018055,14,1,0.5883333333333334,0.5814999999999999
145.501195891,1434,0.9544722324991183,14,1,0.5883333333333334,0.5805
145.563385696,1434,5.499286831993382,14,1,0.5883333333333334,0.5805
145.601195891,1435,-18.90508558442398,14,1,0.5883333333333334,0.5805
145.663385696,1435,-9.116630979235651,14,1,0.5883333333333334,0.5805
145.701195891,1436,-4.428220002078876,14,1,0.5883333333333334,0.5805
145.763385696,1436,-8.775207974310916,14,1,0.5883333333333334,0.5805
145.801195891,1437,5.8542138906860055,14,1,0.5883333333333334,0.5805
145.863385696,1437,-0.5549505571010787,14,1,0.5883333333333334,0.5805
145.901195891,1438,-9.67011465326188,14,1,0.5883333333333334,0.5805
145.963385696,1438,-2.242278427592317,14,1,0.5883333333333334,0.5805
146.001195891,1439,-3.3060426558818397,14,1,0.5883333333333334,0.5805
146.063385696,1439,-6.273718464498322,14,1,0.5883333333333334,0.5805
146.101195891,1440,4.376830846808424,14,1,0.5883333333333334,0.5805
146.163385696,1440,-4.524283800768395,14,1,0.5883333333333334,0.5805
146.201195891,1441,-0.06494647917361619,14,1,0.5883333333333334,0.5805
146.263385696,1441,0.3300705907438948,14,1,0.5883333333333334,0.5805
146.301195891,1442,-6.13602566181698,14,1,0.5883333333333334,0.5805
146.363385696,1442,-4.676856657409455,14,1,0.5883333333333334,0.5805
146.401195891,1443,-3.289505078500048,14,1,0.5883333333333334,0.5805
146.463385696,1443,0.6489409399368239,14,1,0.5883333333333334,0.5805
146.501195891,1444,-11.68237470675251,14,1,0.5883333333333334,0.581
146.563385696,1444,3.392396332478093,14,1,0.5883333333333334,0.581
146.601195891,1445,-12.065511967462374,14,1,0.5883333333333334,0.581
146.663385696,1445,1.599075439616452,14,1,0.5883333333333334,0.581
146.701195891,1446,-9.766741377925923,14,1,0.5883333333333334,0.581
146.763385696,1446,3.3171828235651124,14,1,0.5883333333333334,0.581
146.801195891,1447,2.6317860479795936,14,1,0.5883333333333334,0.581
146.863385696,1447,3.2483135338684024,14,1,0.5883333333333334,0.581
146.901195891,1448,-2.0932674581810065,14,1,0.5883333333333334,0.581
146.963385696,1448,0.1423458747591301,14,1,0.5883333333333334,0.581
147.001195891,1449,4.5906964292616355,14,1,0.5883333333333334,0.581
147.063385696,1449,-5.789098202412112,14,1,0.5883333333333334,0.581
147.101195891,1450,-10.674895685615613,14,1,0.5883333333333334,0.581
147.163385696,1450,-8.57124108463934,14,1,0.5883333333333334,0.581
147.201195891,1451,1.6526913410594473,14,1,0.5883333333333334,0.581
147.263385696,1451,2.9364400328783278,14,1,0.5883333333333334,0.581
147.301195891,1452,0.05222311122184538,14,1,0.5883333333333334,0.581
147.363385696,1452,-6.977711718535998,14,1,0.5883333333333334,0.581
147.401195891,1453,-12.182616849028394,14,1,0.5883333333333334,0.581
147.463385696,1453,0.4012801787963777,14,1,0.5883333333333334,0.581
147.501195891,1454,-1.0113590341034562,14,1,0.5883333333333334,0.58
147.563385696,1454,3.35780201368501,14,1,0.5883333333333334,0.58
147.601195891,1455,2.095524507146994,14,1,0.5883333333333334,0.58
147.663385696,1455,-4.568820734550718,14,1,0.5883333333333334,0.58
147.701195891,1456,-4.8699711973338875,14,1,0.5883333333333334,0.58
147.763385696,1456,4.616086549407445,14,1,0.5883333333333334,0.58
147.801195891,1457,3.487921588680039,14,1,0.5883333333333334,0.58
147.863385696,1457,-7.660649111906825,14,1,0.5883333333333334,0.58
147.901195891,1458,-13.791899371064693,14,1,0.5883333333333334,0.58
147.963385696,1458,0.35562832334812433,14,1,0.5883333333333334,0.58
148.001195891,1459,-11.301801692701485,14,1,0.5883333333333334,0.58
148.063385696,1459,-1.402168681199276,14,1,0.5883333333333334,0.58
148.101195891,1460,-0.3755438305259259,14,1,0.5883333333333334,0.58
148.163385696,1460,5.995923281228823,14,1,0.5883333333333334,0.58
148.201195891,1461,5.157790939148366,14,1,0.5883333333333334,0.58
148.263385696,1461,-4.822400297921037,14,1,0.5883333333333334,0.58
148.301195891,1462,-7.32564439658968,14,1,0.5883333333333334,0.58
148.363385696,1462,1.704578226718494,14,1,0.5883333333333334,0.58
148.401195891,1463,-0.4847826813874594,14,1,0.5883333333333334,0.58
148.463385696,1463,-3.9847093571772763,14,1,0.5883333333333334,0.58
148.501195891,1464,-5.83870667491648,14,1,0.5883333333333334,0.574
148.563385696,1464,1.0685505301659821,14,1,0.5883333333333334,0.574
148.601195891,1465,3.296485534467628,14,1,0.5883333333333334,0.574
148.663385696,1465,-1.8400443485386,14,1,0.5883333333333334,0.574
148.701195891,1466,-9.36137061964822,14,1,0.5883333333333334,0.574
148.763385696,1466,-4.842359200592298,14,1,0.5883333333333334,0.574
148.801195891,1467,-13.86092647060847,14,1,0.5883333333333334,0.574
148.863385696,1467,0.9327263890874702,14,1,0.5883333333333334,0.574
148.901195891,1468,-6.508606380466702,14,1,0.5883333333333334,0.574
148.963385696,1468,-3.4542978673484233,14,1,0.5883333333333334,0.574
149.001195891,1469,-1.5374380854920977,14,1,0.5883333333333334,0.574
149.063385696,1469,7.428968892680333,14,1,0.5883333333333334,0.574
149.101195891,1470,0.4519189167788552,14,1,0.5883333333333334,0.574
149.163385696,1470,-13.428943575988361,14,1,0.5883333333333334,0.574
149.201195891,1471,-19.10285044935381,14,1,0.5883333333333334,0.574
149.263385696,1471,-0.7274788109807904,14,1,0.5883333333333334,0.574
149.301195891,1472,-10.876708461710116,14,1,0.5883333333333334,0.574
149.363385696,1472,1.1342939822674887,14,1,0.5883333333333334,0.574
149.401195891,1473,-8.70397559898124,14,1,0.5883333333333334,0.574
149.463385696,1473,3.8773232725175797,14,1,0.5883333333333334,0.574
149.501195891,1474,4.063244785564508,14,1,0.5883333333333334,0.5755
149.563385696,1474,-3.3287837991141855,14,1,0.5883333333333334,0.5755
149.601195891,1475,-5.561218891051057,14,1,0.5883333333333334,0.5755
149.663385696,1475,-5.643782753534678,14,1,0.5883333333333334,0.5755
149.701195891,1476,-3.6059430907226293,14,1,0.5883333333333334,0.5755
149.763385696,1476,4.7678563879482425,14,1,0.5883333333333334,0.5755
149.801195891,1477,-1.8252995076678245,14,1,0.5883333333333334,0.5755
149.863385696,1477,1.092091528553873,14,1,0.5883333333333334,0.5755
149.901195891,1478,-1.2944264708339386,14,1,0.5883333333333334,0.5755
149.963385696,1478,-2.753858675624703,14,1,0.5883333333333334,0.5755
150.001195891,1479,-3.223563105265214,14,1,0.5883333333333334,0.5755
150.063385696,1479,4.515297554232468,14,1,0.5883333333333334,0.5755
150.101195891,1480,-16.5461713433857,14,1,0.5883333333333334,0.5755
150.163385696,1480,6.318510435235777,14,1,0.5883333333333334,0.5755
150.201195891,1481,-22.59476297629564,14,1,0.5883333333333334,0.5755
150.263385696,1481,-5.82838731749348,14,1,0.5883333333333334,0.5755
150.301195891,1482,6.622357161363789,14,1,0.5883333333333334,0.5755
150.363385696,1482,-3.111901078384041,14,1,0.5883333333333334,0.5755
150.401195891,1483,-2.151099163336292,14,1,0.5883333333333334,0.5755
150.463385696,1483,-0.06567595564740186,14,1,0.5883333333333334,0.5755
150.501195891,1484,-9.781788845434253,14,1,0.5883333333333334,0.5774999999999999
150.563385696,1484,4.908953255106593,14,1,0.5883333333333334,0.5774999999999999
150.601195891,1485,-3.7441637707621056,14,1,0.5883333333333334,0.5774999999999999
150.663385696,1485,-23.39633344584492,14,1,0.5883333333333334,0.5774999999999999
150.701195891,1486,-19.59960542058605,14,1,0.5883333333333334,0.5774999999999999
150.763385696,1486,-4.306055728973254,14,1,0.5883333333333334,0.5774999999999999
150.801195891,1487,-18.978190373228383,14,1,0.5883333333333334,0.5774999999999999
150.863385696,1487,-1.646187547239196,14,1,0.5883333333333334,0.5774999999999999
150.901195891,1488,-1.4818213187819538,14,1,0.5883333333333334,0.5774999999999999
150.963385696,1488,3.652316050354121,14,1,0.5883333333333334,0.5774999999999999
151.001195891,1489,-1.5620048330244696,14,1,0.5883333333333334,0.5774999999999999
151.063385696,1489,-9.862126200655478,14,1,0.5883333333333334,0.5774999999999999
151.101195891,1490,0.6080008229538201,14,1,0.5883333333333334,0.5774999999999999
151.163385696,1490,-29.776796869399853,14,1,0.5883333333333334,0.5774999999999999
151.201195891,1491,-10.82613826044416,14,1,0.5883333333333334,0.5774999999999999
151.263385696,1491,-12.97748598766373,14,1,0.5883333333333334,0.5774999999999999
151.301195891,1492,-4.045073772178606,14,1,0.5883333333333334,0.5774999999999999
151.363385696,1492,5.926590099383699,14,1,0.5883333333333334,0.5774999999999999
151.401195891,1493,4.155500323676474,14,1,0.5883333333333334,0.5774999999999999
151.463385696,1493,-11.972221065237482,14,1,0.5883333333333334,0.5774999999999999
151.501195891,1494,-1.4072675332529807,14,1,0.5883333333333334,0.5785
151.563385696,1494,-6.673530721051167,14,1,0.5883333333333334,0.5785
151.601195891,1495,-19.41814958237371,14,1,0.5883333333333334,0.5785
151.663385696,1495,4.433086225742441,14,1,0.5883333333333334,0.5785
151.701195891,1496,2.468107488857178,14,1,0.5883333333333334,0.5785
151.763385696,1496,-1.7331803694755132,14,1,0.5883333333333334,0.5785
151.801195891,1497,1.403114221481131,14,1,0.5883333333333334,0.5785
151.863385696,1497,-3.427374352453114,14,1,0.5883333333333334,0.5785
151.901195891,1498,-6.493660923588896,14,1,0.5883333333333334,0.5785
151.963385696,1498,-7.538529344834912,14,1,0.5883333333333334,0.5785
152.001195891,1499,-11.99191014315939,14,1,0.5883333333333334,0.5785
152.063385696,1499,5.551207910567665,14,1,0.5883333333333334,0.5785
152.101195891,1500,-3.4567499595229725,14,1,0.5883333333333334,0.5785
152.163385696,1500,-17.07882434781069,14,1,0.5883333333333334,0.5785
152.201195891,1501,-2.015509375562438,14,1,0.5883333333333334,0.5785
152.263385696,1501,0.5426803644171168,14,1,0.5883333333333334,0.5785
152.301195891,1502,5.322983147659496,14,1,0.5883333333333334,0.5785
152.363385696,1502,-0.6429857098629739,14,1,0.5883333333333334,0.5785
152.401195891,1503,1.961006602154799,14,1,0.5883333333333334,0.5785
152.463385696,1503,2.1489232958428452,14,1,0.5883333333333334,0.5785
152.501195891,1504,-15.9483223680718,14,1,0.5883333333333334,0.5795
152.563385696,1504,-5.853189193752671,14,1,0.5883333333333334,0.5795
152.601195891,1505,3.196623661671768,14,1,0.5883333333333334,0.5795
152.663385696,1505,1.4543056732797577,14,1,0.5883333333333334,0.5795
152.701195891,1506,-0.6184427051965325,14,1,0.5883333333333334,0.5795
152.763385696,1506,3.9165029567949494,14,1,0.5883333333333334,0.5795
152.801195891,1507,-1.188130707545774,14,1,0.5883333333333334,0.5795
152.863385696,1507,0.3838107386396359,14,1,0.5883333333333334,0.5795
152.901195891,1508,-2.724190393808463,14,1,0.5883333333333334,0.5795
152.963385696,1508,3.5680276425782793,14,1,0.5883333333333334,0.5795
153.001195891,1509,-10.009374321700186,14,1,0.5883333333333334,0.5795
153.063385696,1509,-16.01048884534833,14,1,0.5883333333333334,0.5795
153.101195891,1510,-3.903124297225376,14,1,0.5883333333333334,0.5795
153.163385696,1510,-2.3448093001600485,14,1,0.5883333333333334,0.5795
153.201195891,1511,-21.859686195234282,14,1,0.5883333333333334,0.5795
153.263385696,1511,1.795021688927068,14,1,0.5883333333333334,0.5795
153.301195891,1512,-6.344196000033232,14,1,0.5883333333333334,0.5795
153.363385696,1512,0.08037399467745199,14,1,0.5883333333333334,0.5795
153.401195891,1513,-10.42850369212804,14,1,0.5883333333333334,0.5795
153.463385696,1513,-1.0363518882111056,14,1,0.5883333333333334,0.5795
153.501195891,1514,-10.285514572272593,14,1,0.5883333333333334,0.576
153.563385696,1514,-8.848001976974633,14,1,0.5883333333333334,0.576
153.601195891,1515,-12.60208832957478,14,1,0.5883333333333334,0.576
153.663385696,1515,-8.79137725363757,14,1,0.5883333333333334,0.576
153.701195891,1516,-10.602938423216573,14,1,0.5883333333333334,0.576
153.763385696,1516,1.1105154556511563,14,1,0.5883333333333334,0.576
153.801195891,1517,-17.806851579609145,14,1,0.5883333333333334,0.576
153.863385696,1517,-10.320335811385634,14,1,0.5883333333333334,0.576
153.901195891,1518,-4.940680685556224,14,1,0.5883333333333334,0.576
153.963385696,1518,-0.21827120757495308,14,1,0.5883333333333334,0.576
154.001195891,1519,-4.150042902400483,14,1,0.5883333333333334,0.576
154.063385696,1519,-1.8748668353067643,14,1,0.5883333333333334,0.576
154.101195891,1520,-7.334530758891772,14,1,0.5883333333333334,0.576
154.163385696,1520,-10.903874350637038,14,1,0.5883333333333334,0.576
154.201195891,1521,-3.9510931200753867,14,1,0.5883333333333334,0.576
154.263385696,1521,4.023949868012449,14,1,0.5883333333333334,0.576
154.301195891,1522,5.099679609024025,14,1,0.5883333333333334,0.576
154.363385696,1522,-5.547783416282693,14,1,0.5883333333333334,0.576
154.401195891,1523,-6.221001278428963,14,1,0.5883333333333334,0.576
154.463385696,1523,-7.155992839590243,14,1,0.5883333333333334,0.576
154.501195891,1524,-10.352855747968555,14,1,0.5883333333333334,0.5795
154.563385696,1524,-13.05401767569764,14,1,0.5883333333333334,0.5795
154.601195891,1525,-3.5388380694782375,14,1,0.5883333333333334,0.5795
154.663385696,1525,6.617501777517192,14,1,0.5883333333333334,0.5795
154.701195891,1526,-6.71584625406482,14,1,0.5883333333333334,0.5795
154.763385696,1526,-6.638627412350716,14,1,0.5883333333333334,0.5795
154.801195891,1527,-2.5126327480854664,14,1,0.5883333333333334,0.5795
154.863385696,1527,-4.577353407538316,14,1,0.5883333333333334,0.5795
154.901195891,1528,-5.919870370984923,14,1,0.5883333333333334,0.5795
154.963385696,1528,-3.837105903480325,14,1,0.5883333333333334,0.5795
155.001195891,1529,-8.143775277927745,14,1,0.5883333333333334,0.5795
155.063385696,1529,-9.489479784217695,14,1,0.5883333333333334,0.5795
155.101195891,1530,2.0049510972826026,14,1,0.5883333333333334,0.5795
155.163385696,1530,2.3547672495286567,14,1,0.5883333333333334,0.5795
155.201195891,1531,-0.09807905645937562,14,1,0.5883333333333334,0.5795
155.263385696,1531,-0.6718372031264974,14,1,0.5883333333333334,0.5795
155.301195891,1532,-2.7733392484493087,14,1,0.5883333333333334,0.5795
155.363385696,1532,2.699823093823496,14,1,0.5883333333333334,0.5795
155.401195891,1533,2.0488036835612355,14,1,0.5883333333333334,0.5795
155.463385696,1533,-2.5309223722154806,14,1,0.5883333333333334,0.5795
155.501195891,1534,-6.3728122037722255,14,1,0.5883333333333334,0.5814999999999999
155.563385696,1534,5.806506426287302,14,1,0.5883333333333334,0.5814999999999999
155.601195891,1535,5.4794345254322945,14,1,0.5883333333333334,0.5814999999999999
155.663385696,1535,-1.664044370661799,14,1,0.5883333333333334,0.5814999999999999
155.701195891,1536,-4.16845428265921,14,1,0.5883333333333334,0.5814999999999999
155.763385696,1536,4.035404176034326,14,1,0.5883333333333334,0.5814999999999999
155.801195891,1537,-2.586872297155061,14,1,0.5883333333333334,0.5814999999999999
155.863385696,1537,-14.033808523810617,14,1,0.5883333333333334,0.5814999999999999
155.901195891,1538,0.9375394209861156,14,1,0.5883333333333334,0.5814999999999999
155.963385696,1538,1.8259755263832247,14,1,0.5883333333333334,0.5814999999999999
156.001195891,1539,-7.994802044489586,14,1,0.5883333333333334,0.5814999999999999
156.063385696,1539,-13.06195896335754,14,1,0.5883333333333334,0.5814999999999999
156.101195891,1540,-9.920809465938296,14,1,0.5883333333333334,0.5814999999999999
156.163385696,1540,-1.183958086435615,14,1,0.5883333333333334,0.5814999999999999
156.201195891,1541,-0.34042358666442624,14,1,0.5883333333333334,0.5814999999999999
156.263385696,1541,1.0998325302533731,14,1,0.5883333333333334,0.5814999999999999
156.301195891,1542,-0.8909293785633108,14,1,0.5883333333333334,0.5814999999999999
156.363385696,1542,-1.8901148429295236,14,1,0.5883333333333334,0.5814999999999999
156.401195891,1543,-1.9707267769634786,14,1,0.5883333333333334,0.5814999999999999
156.463385696,1543,2.432941103294619,14,1,0.5883333333333334,0.5814999999999999
156.501195891,1544,-1.6740139666546865,14,1,0.5883333333333334,0.581
156.563385696,1544,-11.935496433017939,14,1,0.5883333333333334,0.581
156.601195891,1545,-2.8455227462306487,14,1,0.5883333333333334,0.581
156.663385696,1545,-0.6991775481649442,14,1,0.5883333333333334,0.581
156.701195891,1546,3.2336287689185426,14,1,0.5883333333333334,0.581
156.763385696,1546,-4.9587285846479965,14,1,0.5883333333333334,0.581
156.801195891,1547,-10.368876230995525,14,1,0.5883333333333334,0.581
156.863385696,1547,2.874880012108468,14,1,0.5883333333333334,0.581
156.901195891,1548,2.641554956224335,14,1,0.5883333333333334,0.581
156.963385696,1548,1.1240719297003618,14,1,0.5883333333333334,0.581
157.001195891,1549,-3.532619756417161,14,1,0.5883333333333334,0.581
157.063385696,1549,-7.330143281653049,14,1,0.5883333333333334,0.581
157.101195891,1550,-2.9641159023737162,14,1,0.5883333333333334,0.581
157.163385696,1550,-14.085875726214459,14,1,0.5883333333333334,0.581
157.201195891,1551,-9.764886239411707,14,1,0.5883333333333334,0.581
157.263385696,1551,3.1689370038397198,14,1,0.5883333333333334,0.581
157.301195891,1552,1.5761429612266626,14,1,0.5883333333333334,0.581
157.363385696,1552,-4.8012263909464945,14,1,0.5883333333333334,0.581
157.401195891,1553,0.6997767022854635,14,1,0.5883333333333334,0.581
157.463385696,1553,1.0650614381482921,14,1,0.5883333333333334,0.581
157.501195891,1554,2.6740901200280476,14,1,0.5883333333333334,0.5774999999999999
157.563385696,1554,3.8938870043611633,14,1,0.5883333333333334,0.5774999999999999
157.601195891,1555,4.819314347785916,14,1,0.5883333333333334,0.5774999999999999
157.663385696,1555,6.246952692625661,14,1,0.5883333333333334,0.5774999999999999
157.701195891,1556,-8.196096897904589,14,1,0.5883333333333334,0.5774999999999999
157.763385696,1556,0.7940137912362127,14,1,0.5883333333333334,0.5774999999999999
157.801195891,1557,-6.179860581127736,14,1,0.5883333333333334,0.5774999999999999
157.863385696,1557,0.7443535729350692,14,1,0.5883333333333334,0.5774999999999999
157.901195891,1558,0.8887741288953914,14,1,0.5883333333333334,0.5774999999999999
157.963385696,1558,-2.492696995761448,14,1,0.5883333333333334,0.5774999999999999
158.001195891,1559,-8.428831727266473,14,1,0.5883333333333334,0.5774999999999999
158.063385696,1559,0.7433504007002957,14,1,0.5883333333333334,0.5774999999999999
158.101195891,1560,2.2346459838784987,14,1,0.5883333333333334,0.5774999999999999
158.163385696,1560,-5.407827655819805,14,1,0.5883333333333334,0.5774999999999999
158.201195891,1561,-0.2683080798004429,14,1,0.5883333333333334,0.5774999999999999
158.263385696,1561,0.7086699647950063,14,1,0.5883333333333334,0.5774999999999999
158.301195891,1562,-9.8974195437473,14,1,0.5883333333333334,0.5774999999999999
158.363385696,1562,-16.38678118114709,14,1,0.5883333333333334,0.5774999999999999
158.401195891,1563,-4.5896628497569,14,1,0.5883333333333334,0.5774999999999999
158.463385696,1563,5.100906779189024,14,1,0.5883333333333334,0.5774999999999999
158.501195891,1564,-20.20840169277914,14,1,0.5883333333333334,0.5825
158.563385696,1564,-18.39101564935231,14,1,0.5883333333333334,0.5825
158.601195891,1565,-20.490131707119094,14,1,0.5883333333333334,0.5825
158.663385696,1565,3.513724104591292,14,1,0.5883333333333334,0.5825
158.701195891,1566,-12.058869799659156,14,1,0.5883333333333334,0.5825
158.763385696,1566,-6.742412823500745,14,1,0.5883333333333334,0.5825
158.801195891,1567,-1.195538678688553,14,1,0.5883333333333334,0.5825
158.863385696,1567,6.50247186731784,14,1,0.5883333333333334,0.5825
158.901195891,1568,-1.1356306516365395,14,1,0.5883333333333334,0.5825
158.963385696,1568,-12.14947041682212,14,1,0.5883333333333334,0.5825
159.001195891,1569,2.80828753954299,14,1,0.5883333333333334,0.5825
159.063385696,1569,0.3484273264194542,14,1,0.5883333333333334,0.5825
159.101195891,1570,1.6877729033669586,14,1,0.5883333333333334,0.5825
159.163385696,1570,4.639379889173082,14,1,0.5883333333333334,0.5825
159.201195891,1571,3.7721019623582706,14,1,0.5883333333333334,0.5825
159.263385696,1571,-3.1130149199847463,14,1,0.5883333333333334,0.5825
159.301195891,1572,-8.456150586915479,14,1,0.5883333333333334,0.5825
159.363385696,1572,-0.415321661942208,14,1,0.5883333333333334,0.5825
159.401195891,1573,-1.1282326577599662,14,1,0.5883333333333334,0.5825
159.463385696,1573,5.274348787560752,14,1,0.5883333333333334,0.5825
159.501195891,1574,-10.504963178203635,14,1,0.5883333333333334,0.5845
159.563385696,1574,-4.437457077832312,14,1,0.5883333333333334,0.5845
159.601195891,1575,-3.007911471375256,14,1,0.5883333333333334,0.5845
159.663385696,1575,-10.860333162953514,14,1,0.5883333333333334,0.5845
159.701195891,1576,-9.008643380603147,14,1,0.5883333333333334,0.5845
159.763385696,1576,-6.893448475101471,14,1,0.5883333333333334,0.5845
159.801195891,1577,-0.7207767672422909,14,1,0.5883333333333334,0.5845
159.863385696,1577,3.204005894717411,14,1,0.5883333333333334,0.5845
159.901195891,1578,-3.1204835141520952,14,1,0.5883333333333334,0.5845
159.963385696,1578,-1.3056635983485687,14,1,0.5883333333333334,0.5845
160.001195891,1579,5.876387093301219,14,1,0.5883333333333334,0.5845
160.063385696,1579,2.4477686385644986,14,1,0.5883333333333334,0.5845
160.101195891,1580,1.6572699591027908,14,1,0.5883333333333334,0.5845
160.163385696,1580,-6.624940283688272,14,1,0.5883333333333334,0.5845
160.201195891,1581,-5.515607170054898,14,1,0.5883333333333334,0.5845
160.263385696,1581,4.398263466295315,14,1,0.5883333333333334,0.5845
160.301195891,1582,1.6102397676625868,14,1,0.5883333333333334,0.5845
160.363385696,1582,2.856905259699106,14,1,0.5883333333333334,0.5845
160.401195891,1583,-0.1359751676840736,14,1,0.5883333333333334,0.5845
160.463385696,1583,2.617246833331081,14,1,0.5883333333333334,0.5845
160.501195891,1584,-14.607361769551455,14,1,0.5883333333333334,0.5815
160.563385696,1584,1.1497565523229782,14,1,0.5883333333333334,0.5815
160.601195891,1585,-4.0728395155932215,14,1,0.5883333333333334,0.5815
160.663385696,1585,-1.5556017937270998,14,1,0.5883333333333334,0.5815
160.701195891,1586,-12.944549808257202,14,1,0.5883333333333334,0.5815
160.763385696,1586,-6.459151749209706,14,1,0.5883333333333334,0.5815
160.801195891,1587,-6.251964402045333,14,1,0.5883333333333334,0.5815
160.863385696,1587,6.035195859894305,14,1,0.5883333333333334,0.5815
160.901195891,1588,-0.6558558054190671,14,1,0.5883333333333334,0.5815
160.963385696,1588,-4.572819706220505,14,1,0.5883333333333334,0.5815
161.001195891,1589,-2.7066473408313914,14,1,0.5883333333333334,0.5815
161.063385696,1589,2.366161966383266,14,1,0.5883333333333334,0.5815
161.101195891,1590,-1.0280614035301912,14,1,0.5883333333333334,0.5815
161.163385696,1590,-6.34941294265365,14,1,0.5883333333333334,0.5815
161.201195891,1591,4.803642538758758,14,1,0.5883333333333334,0.5815
161.263385696,1591,1.5772010238217415,14,1,0.5883333333333334,0.5815
161.301195891,1592,3.8053495142302345,14,1,0.5883333333333334,0.5815
161.363385696,1592,-7.851286739748269,14,1,0.5883333333333334,0.5815
161.401195891,1593,-1.0621652265334933,14,1,0.5883333333333334,0.5815
161.463385696,1593,-2.0434432038313632,14,1,0.5883333333333334,0.5815
161.501195891,1594,-2.1412307173977907,14,1,0.5883333333333334,0.576
161.563385696,1594,-12.379451225347424,14,1,0.5883333333333334,0.576
161.601195891,1595,0.6995773050254608,14,1,0.5883333333333334,0.576
161.663385696,1595,1.8702861665916468,14,1,0.5883333333333334,0.576
161.701195891,1596,0.7469557089467289,14,1,0.5883333333333334,0.576
161.763385696,1596,-2.9920206313898916,14,1,0.5883333333333334,0.576
161.801195891,1597,-3.718325491945635,14,1,0.5883333333333334,0.576
161.863385696,1597,-0.9129887707617408,14,1,0.5883333333333334,0.576
161.901195891,1598,-1.060506239967738,14,1,0.5883333333333334,0.576
161.963385696,1598,3.989527266772455,14,1,0.5883333333333334,0.576
162.001195891,1599,-20.688620046627385,14,1,0.5883333333333334,0.576
162.063385696,1599,-8.812513975443846,14,1,0.5883333333333334,0.576
162.101195891,1600,3.9263802900212132,14,1,0.5883333333333334,0.576
162.163385696,1600,-2.466344888562588,14,1,0.5883333333333334,0.576
162.201195891,1601,2.963153490709437,14,1,0.5883333333333334,0.576
162.263385696,1601,-4.695663328152133,14,1,0.5883333333333334,0.576
162.301195891,1602,-6.954616391711408,14,1,0.5883333333333334,0.576
162.363385696,1602,-4.895477379071603,14,1,0.5883333333333334,0.576
162.401195891,1603,2.080784920420465,14,1,0.5883333333333334,0.576
162.463385696,1603,-2.2938268293259014,14,1,0.5883333333333334,0.576
162.501195891,1604,-1.8601910668377446,14,1,0.5883333333333334,0.576
162.563385696,1604,-6.998426663266218,14,1,0.5883333333333334,0.576
162.601195891,1605,-7.119080174115958,14,1,0.5883333333333334,0.576
162.663385696,1605,-8.522142700141186,14,1,0.5883333333333334,0.576
162.701195891,1606,0.904984792850843,14,1,0.5883333333333334,0.576
162.763385696,1606,0.48735427770305695,14,1,0.5883333333333334,0.576
162.801195891,1607,-9.601202371858328,14,1,0.5883333333333334,0.576
162.863385696,1607,-0.1982636934387695,14,1,0.5883333333333334,0.576
162.901195891,1608,-6.7723062688233115,14,1,0.5883333333333334,0.576
162.963385696,1608,5.965465981114631,14,1,0.5883333333333334,0.576
163.001195891,1609,6.5091986216600874,14,1,0.5883333333333334,0.576
163.063385696,1609,0.08502186807676149,14,1,0.5883333333333334,0.576
163.101195891,1610,-9.317623287058854,14,1,0.5883333333333334,0.576
163.163385696,1610,5.875277492063517,14,1,0.5883333333333334,0.576
163.201195891,1611,-1.7760761925935662,14,1,0.5883333333333334,0.576
163.263385696,1611,-13.179661079405287,14,1,0.5883333333333334,0.576
163.301195891,1612,-2.2557062947927458,14,1,0.5883333333333334,0.576
163.363385696,1612,2.878882184517086,14,1,0.5883333333333334,0.576
163.401195891,1613,-1.6452347253685962,14,1,0.5883333333333334,0.576
163.463385696,1613,-36.939122210851004,14,1,0.5883333333333334,0.576
163.501195891,1614,5.254299316148007,14,1,0.5883333333333334,0.5775
163.563385696,1614,0.7207152219496298,14,1,0.5883333333333334,0.5775
163.601195891,1615,-2.488003361805045,14,1,0.5883333333333334,0.5775
163.663385696,1615,-8.928903704443632,14,1,0.5883333333333334,0.5775
163.701195891,1616,-15.421483099010139,14,1,0.5883333333333334,0.5775
163.763385696,1616,-0.5844578020951742,14,1,0.5883333333333334,0.5775
163.801195891,1617,-4.273518487493644,14,1,0.5883333333333334,0.5775
163.863385696,1617,-4.341744422458804,14,1,0.5883333333333334,0.5775
163.901195891,1618,-5.385999645910027,14,1,0.5883333333333334,0.5775
163.963385696,1618,5.849582424359267,14,1,0.5883333333333334,0.5775
164.001195891,1619,-6.048981488441471,14,1,0.5883333333333334,0.5775
164.063385696,1619,0.43050038353945247,14,1,0.5883333333333334,0.5775
164.101195891,1620,-12.637662467198254,14,1,0.5883333333333334,0.5775
164.163385696,1620,3.1942885628537114,14,1,0.5883333333333334,0.5775
164.201195891,1621,-3.8510613360109773,14,1,0.5883333333333334,0.5775
164.263385696,1621,2.227203212831896,14,1,0.5883333333333334,0.5775
164.301195891,1622,-16.85991749443562,14,1,0.5883333333333334,0.5775
164.363385696,1622,1.4828139037088006,14,1,0.5883333333333334,0.5775
164.401195891,1623,-11.941504563709026,14,1,0.5883333333333334,0.5775
164.463385696,1623,-9.417725437750823,14,1,0.5883333333333334,0.5775
164.501195891,1624,-19.846867635731705,14,1,0.5883333333333334,0.5780000000000001
164.563385696,1624,8.291842457816758,14,1,0.5883333333333334,0.5780000000000001
164.601195891,1625,-2.0657626992823017,14,1,0.5883333333333334,0.5780000000000001
164.663385696,1625,-5.247205039537914,14,1,0.5883333333333334,0.5780000000000001
164.701195891,1626,-9.502788201831464,14,1,0.5883333333333334,0.5780000000000001
164.763385696,1626,2.0039657728858447,14,1,0.5883333333333334,0.5780000000000001
164.801195891,1627,-8.101134463518434,14,1,0.5883333333333334,0.5780000000000001
164.863385696,1627,1.6113946062993059,14,1,0.5883333333333334,0.5780000000000001
164.901195891,1628,6.181192688591478,14,1,0.5883333333333334,0.5780000000000001
164.963385696,1628,3.4267432015104102,14,1,0.5883333333333334,0.5780000000000001
165.001195891,1629,-2.0564120105850265,14,1,0.5883333333333334,0.5780000000000001
165.063385696,1629,-11.092706493352662,14,1,0.5883333333333334,0.5780000000000001
165.101195891,1630,-2.649923316416691,14,1,0.5883333333333334,0.5780000000000001
165.163385696,1630,-1.2160031902458797,14,1,0.5883333333333334,0.5780000000000001
165.201195891,1631,-8.327859495072405,14,1,0.5883333333333334,0.5780000000000001
165.263385696,1631,2.395636753793942,14,1,0.5883333333333334,0.5780000000000001
165.301195891,1632,-6.575078007614112,14,1,0.5883333333333334,0.5780000000000001
165.363385696,1632,6.5938289586879595,14,1,0.5883333333333334,0.5780000000000001
165.401195891,1633,-5.644694722268663,14,1,0.5883333333333334,0.5780000000000001
165.463385696,1633,2.8126610982319282,14,1,0.5883333333333334,0.5780000000000001
165.501195891,1634,-3.406315749790298,14,1,0.5883333333333334,0.5745
165.563385696,1634,-0.19599646349934527,14,1,0.5883333333333334,0.5745
165.601195891,1635,-8.001991411553412,14,1,0.5883333333333334,0.5745
165.663385696,1635,4.211454230974296,14,1,0.5883333333333334,0.5745
165.701195891,1636,4.021087569953297,14,1,0.5883333333333334,0.5745
165.763385696,1636,-11.998831481452228,14,1,0.5883333333333334,0.5745
165.801195891,1637,-5.353461357085672,14,1,0.5883333333333334,0.5745
165.863385696,1637,0.562187197357473,14,1,0.5883333333333334,0.5745
165.901195891,1638,-5.725741861852445,14,1,0.5883333333333334,0.5745
165.963385696,1638,3.315283682584353,14,1,0.5883333333333334,0.5745
166.001195891,1639,-0.448914093072934,14,1,0.5883333333333334,0.5745
166.063385696,1639,1.0799739996247681,14,1,0.5883333333333334,0.5745
166.101195891,1640,-0.07129126633220362,14,1,0.5883333333333334,0.5745
166.163385696,1640,-1.3680392571138613,14,1,0.5883333333333334,0.5745
166.201195891,1641,1.0501118431652718,14,1,0.5883333333333334,0.5745
166.263385696,1641,-2.445266786883345,14,1,0.5883333333333334,0.5745
166.301195891,1642,3.846915069459614,14,1,0.5883333333333334,0.5745
166.363385696,1642,6.843441408366379,14,1,0.5883333333333334,0.5745
166.401195891,1643,5.416985803020138,14,1,0.5883333333333334,0.5745
166.463385696,1643,-6.809076396745894,14,1,0.5883333333333334,0.5745
166.501195891,1644,-1.2397524925702683,14,1,0.5883333333333334,0.575
166.563385696,1644,5.158579128320211,14,1,0.5883333333333334,0.575
166.601195891,1645,6.264985950269885,14,1,0.5883333333333334,0.575
166.663385696,1645,-7.635805764964941,14,1,0.5883333333333334,0.575
166.701195891,1646,-1.6856032381227886,14,1,0.5883333333333334,0.575
166.763385696,1646,2.787092067873491,14,1,0.5883333333333334,0.575
166.801195891,1647,-1.962959527820575,14,1,0.5883333333333334,0.575
166.863385696,1647,-0.8857930013707765,14,1,0.5883333333333334,0.575
166.901195891,1648,-0.934260975472317,14,1,0.5883333333333334,0.575
166.963385696,1648,5.965363630577789,14,1,0.5883333333333334,0.575
167.001195891,1649,4.228452323288515,14,1,0.5883333333333334,0.575
167.063385696,1649,-4.113028086140323,14,1,0.5883333333333334,0.575
167.101195891,1650,-33.002923865399566,14,1,0.5883333333333334,0.575
167.163385696,1650,-2.6989782205986916,14,1,0.5883333333333334,0.575
167.201195891,1651,4.590752104632527,14,1,0.5883333333333334,0.575
167.263385696,1651,5.892589793894015,14,1,0.5883333333333334,0.575
167.301195891,1652,0.9119442008925259,14,1,0.5883333333333334,0.575
167.363385696,1652,2.041474898705411,14,1,0.5883333333333334,0.575
167.401195891,1653,-13.987800162160465,14,1,0.5883333333333334,0.575
167.463385696,1653,-1.2888006825562905,14,1,0.5883333333333334,0.575
167.501195891,1654,3.256438393777942,14,1,0.5883333333333334,0.576
167.563385696,1654,-8.390593709134777,14,1,0.5883333333333334,0.576
167.601195891,1655,1.6567507421083258,14,1,0.5883333333333334,0.576
167.663385696,1655,4.350113862063358,14,1,0.5883333333333334,0.576
167.701195891,1656,-1.7137068539320408,14,1,0.5883333333333334,0.576
167.763385696,1656,-0.5992565479960796,14,1,0.5883333333333334,0.576
167.801195891,1657,2.483594556585409,14,1,0.5883333333333334,0.576
167.863385696,1657,0.4402432933570249,14,1,0.5883333333333334,0.576
167.901195891,1658,-13.840078154466088,14,1,0.5883333333333334,0.576
167.963385696,1658,1.259293001553943,14,1,0.5883333333333334,0.576
168.001195891,1659,-2.581426889418923,14,1,0.5883333333333334,0.576
168.063385696,1659,-11.154354471048107,14,1,0.5883333333333334,0.576
168.101195891,1660,-16.387800602278016,14,1,0.5883333333333334,0.576
168.163385696,1660,-6.296824191477953,14,1,0.5883333333333334,0.576
168.201195891,1661,-7.342780258817092,14,1,0.5883333333333334,0.576
168.263385696,1661,-2.797807770523683,14,1,0.5883333333333334,0.576
168.301195891,1662,-14.806199220781979,14,1,0.5883333333333334,0.576
168.363385696,1662,3.037428905715058,14,1,0.5883333333333334,0.576
168.401195891,1663,-15.250113886790915,14,1,0.5883333333333334,0.576
168.463385696,1663,-1.2517894306085005,14,1,0.5883333333333334,0.576
168.501195891,1664,-11.562537660549268,14,1,0.5883333333333334,0.5785
168.563385696,1664,-2.3782434746124452,14,1,0.5883333333333334,0.5785
168.601195891,1665,1.5343455094449518,14,1,0.5883333333333334,0.5785
168.663385696,1665,1.4913075992389833,14,1,0.5883333333333334,0.5785
168.701195891,1666,-0.4563043221024388,14,1,0.5883333333333334,0.5785
168.763385696,1666,-0.3399321183464803,14,1,0.5883333333333334,0.5785
168.801195891,1667,-3.7754508009839043,14,1,0.5883333333333334,0.5785
168.863385696,1667,0.08404579075568887,14,1,0.5883333333333334,0.5785
168.901195891,1668,-2.195238523412055,14,1,0.5883333333333334,0.5785
168.963385696,1668,0.8989037386871315,14,1,0.5883333333333334,0.5785
169.001195891,1669,-16.168668017155593,14,1,0.5883333333333334,0.5785
169.063385696,1669,-18.60643008273593,14,1,0.5883333333333334,0.5785
169.101195891,1670,-5.975221962440008,14,1,0.5883333333333334,0.5785
169.163385696,1670,6.716136182666229,14,1,0.5883333333333334,0.5785
169.201195891,1671,-1.9369306610497068,14,1,0.5883333333333334,0.5785
169.263385696,1671,-0.4423336107021231,14,1,0.5883333333333334,0.5785
169.301195891,1672,-9.080437861215024,14,1,0.5883333333333334,0.5785
169.363385696,1672,2.2190451640506326,14,1,0.5883333333333334,0.5785
169.401195891,1673,-6.498278271166767,14,1,0.5883333333333334,0.5785
169.463385696,1673,-3.861321312741402,14,1,0.5883333333333334,0.5785
169.501195891,1674,6.549135947402945,14,1,0.5883333333333334,0.5740000000000001
169.563385696,1674,-6.952805211899871,14,1,0.5883333333333334,0.5740000000000001
169.601195891,1675,-4.308116292372214,14,1,0.5883333333333334,0.5740000000000001
169.663385696,1675,-2.9003035809545743,14,1,0.5883333333333334,0.5740000000000001
169.701195891,1676,-6.516056456286286,14,1,0.5883333333333334,0.5740000000000001
169.763385696,1676,-4.108065267603706,14,1,0.5883333333333334,0.5740000000000001
169.801195891,1677,2.7950676438913042,14,1,0.5883333333333334,0.5740000000000001
169.863385696,1677,3.614977720681414,14,1,0.5883333333333334,0.5740000000000001
169.901195891,1678,-4.797551826014867,14,1,0.5883333333333334,0.5740000000000001
169.963385696,1678,-3.3195187609753334,14,1,0.5883333333333334,0.5740000000000001
170.001195891,1679,-2.7887282645961893,14,1,0.5883333333333334,0.5740000000000001
170.063385696,1679,1.3528943230592576,14,1,0.5883333333333334,0.5740000000000001
170.101195891,1680,-11.275063418787692,14,1,0.5883333333333334,0.5740000000000001
170.163385696,1680,5.4658589417153625,14,1,0.5883333333333334,0.5740000000000001
170.201195891,1681,1.116137928850234,14,1,0.5883333333333334,0.5740000000000001
170.263385696,1681,2.3041888739769183,14,1,0.5883333333333334,0.5740000000000001
170.301195891,1682,-6.134818628206583,14,1,0.5883333333333334,0.5740000000000001
170.363385696,1682,-5.839278950036153,14,1,0.5883333333333334,0.5740000000000001
170.401195891,1683,-9.674531097898742,14,1,0.5883333333333334,0.5740000000000001
170.463385696,1683,2.938143528883294,14,1,0.5883333333333334,0.5740000000000001
170.501195891,1684,2.1959764395030517,14,1,0.5883333333333334,0.5805
170.563385696,1684,-42.288793455220286,14,1,0.5883333333333334,0.5805
170.601195891,1685,-1.7026073046968144,14,1,0.5883333333333334,0.5805
170.663385696,1685,-18.018951225089673,14,1,0.5883333333333334,0.5805
170.701195891,1686,-6.77440802030286,14,1,0.5883333333333334,0.5805
170.763385696,1686,-3.354434477105887,14,1,0.5883333333333334,0.5805
170.801195891,1687,-10.035195804310009,14,1,0.5883333333333334,0.5805
170.863385696,1687,2.5051621605616408,14,1,0.5883333333333334,0.5805
170.901195891,1688,-4.506145862779772,14,1,0.5883333333333334,0.5805
170.963385696,1688,-12.078591083743024,14,1,0.5883333333333334,0.5805
171.001195891,1689,-2.190483940430823,14,1,0.5883333333333334,0.5805
171.063385696,1689,1.5889832671442186,14,1,0.5883333333333334,0.5805
171.101195891,1690,-12.240365390420623,14,1,0.5883333333333334,0.5805
171.163385696,1690,-10.143334746171211,14,1,0.5883333333333334,0.5805
171.201195891,1691,-2.8021586299633316,14,1,0.5883333333333334,0.5805
171.263385696,1691,-8.11903935258723,14,1,0.5883333333333334,0.5805
171.301195891,1692,-2.095595964963148,14,1,0.5883333333333334,0.5805
171.363385696,1692,5.171862476316903,14,1,0.5883333333333334,0.5805
171.401195891,1693,-8.490475364413625,14,1,0.5883333333333334,0.5805
171.463385696,1693,-3.8123663948686763,14,1,0.5883333333333334,0.5805
171.501195891,1694,5.302579315857747,14,1,0.5883333333333334,0.5854999999999999
171.563385696,1694,-6.817769366491556,14,1,0.5883333333333334,0.5854999999999999
171.601195891,1695,-8.12106506419539,14,1,0.5883333333333334,0.5854999999999999
171.663385696,1695,-10.45436298950076,14,1,0.5883333333333334,0.5854999999999999
171.701195891,1696,-11.023771868559516,14,1,0.5883333333333334,0.5854999999999999
171.763385696,1696,1.1585893314885882,14,1,0.5883333333333334,0.5854999999999999
171.801195891,1697,-6.661768254098414,14,1,0.5883333333333334,0.5854999999999999
171.863385696,1697,-4.013535826750115,14,1,0.5883333333333334,0.5854999999999999
171.901195891,1698,3.47461818716519,14,1,0.5883333333333334,0.5854999999999999
171.963385696,1698,-5.852298406745028,14,1,0.5883333333333334,0.5854999999999999
172.001195891,1699,-6.601209531277697,14,1,0.5883333333333334,0.5854999999999999
172.063385696,1699,-18.556571656467458,14,1,0.5883333333333334,0.5854999999999999
172.101195891,1700,1.6260714203410607,14,1,0.5883333333333334,0.5854999999999999
172.163385696,1700,2.5138666956767253,14,1,0.5883333333333334,0.5854999999999999
172.201195891,1701,-6.715758481081768,14,1,0.5883333333333334,0.5854999999999999
172.263385696,1701,1.9225643709394802,14,1,0.5883333333333334,0.5854999999999999
172.301195891,1702,-0.8228651298346318,14,1,0.5883333333333334,0.5854999999999999
172.363385696,1702,3.268960123142332,14,1,0.5883333333333334,0.5854999999999999
172.401195891,1703,-12.742791156637098,14,1,0.5883333333333334,0.5854999999999999
172.463385696,1703,2.9118984121749296,14,1,0.5883333333333334,0.5854999999999999
172.501195891,1704,-22.757679520189114,14,1,0.5883333333333334,0.5854999999999999
172.563385696,1704,-5.950601165252255,14,1,0.5883333333333334,0.5854999999999999
172.601195891,1705,-1.092222658857712,14,1,0.5883333333333334,0.5854999999999999
172.663385696,1705,2.0664628882280858,14,1,0.5883333333333334,0.5854999999999999
172.701195891,1706,-10.063441927732825,14,1,0.5883333333333334,0.5854999999999999
172.763385696,1706,-4.25522951601822,14,1,0.5883333333333334,0.5854999999999999
172.801195891,1707,-5.694746751793026,14,1,0.5883333333333334,0.5854999999999999
172.863385696,1707,5.907399041837746,14,1,0.5883333333333334,0.5854999999999999
172.901195891,1708,-23.23396980231947,14,1,0.5883333333333334,0.5854999999999999
172.963385696,1708,-7.8673468086789775,14,1,0.5883333333333334,0.5854999999999999
173.001195891,1709,-1.3676623675682997,14,1,0.5883333333333334,0.5854999999999999
173.063385696,1709,0.4808739251071275,14,1,0.5883333333333334,0.5854999999999999
173.101195891,1710,5.625500314016113,14,1,0.5883333333333334,0.5854999999999999
173.163385696,1710,-2.420495309321156,14,1,0.5883333333333334,0.5854999999999999
173.201195891,1711,-5.568419487171838,14,1,0.5883333333333334,0.5854999999999999
173.263385696,1711,2.823840893445108,14,1,0.5883333333333334,0.5854999999999999
173.301195891,1712,-6.8226084333319434,14,1,0.5883333333333334,0.5854999999999999
173.363385696,1712,-11.847529714036183,14,1,0.5883333333333334,0.5854999999999999
173.401195891,1713,-5.3291293745447685,14,1,0.5883333333333334,0.5854999999999999
173.463385696,1713,-1.918634808004743,14,1,0.5883333333333334,0.5854999999999999
173.501195891,1714,-9.186611792988614,14,1,0.5883333333333334,0.5864999999999999
173.563385696,1714,2.311192028129611,14,1,0.5883333333333334,0.5864999999999999
173.601195891,1715,0.7313294747310867,14,1,0.5883333333333334,0.5864999999999999
173.663385696,1715,4.619277666927582,14,1,0.5883333333333334,0.5864999999999999
173.701195891,1716,1.6809403724902627,14,1,0.5883333333333334,0.5864999999999999
173.763385696,1716,-13.430258603205342,14,1,0.5883333333333334,0.5864999999999999
173.801195891,1717,-7.262827255042446,14,1,0.5883333333333334,0.5864999999999999
173.863385696,1717,-4.432130999987346,14,1,0.5883333333333334,0.5864999999999999
173.901195891,1718,-0.2317514022372673,14,1,0.5883333333333334,0.5864999999999999
173.963385696,1718,3.5648452401879553,14,1,0.5883333333333334,0.5864999999999999
174.001195891,1719,-10.640999730180944,14,1,0.5883333333333334,0.5864999999999999
174.063385696,1719,-1.977940016718423,14,1,0.5883333333333334,0.5864999999999999
174.101195891,1720,-9.097842582320531,14,1,0.5883333333333334,0.5864999999999999
174.163385696,1720,0.3153414297271823,14,1,0.5883333333333334,0.5864999999999999
174.201195891,1721,-4.334029410495193,14,1,0.5883333333333334,0.5864999999999999
174.263385696,1721,-1.897788978583471,14,1,0.5883333333333334,0.5864999999999999
174.301195891,1722,-7.474883125508608,14,1,0.5883333333333334,0.5864999999999999
174.363385696,1722,1.7270088711474219,14,1,0.5883333333333334,0.5864999999999999
174.401195891,1723,-11.755607263289532,14,1,0.5883333333333334,0.5864999999999999
174.463385696,1723,-4.332508692465732,14,1,0.5883333333333334,0.5864999999999999
174.501195891,1724,-0.34432392625145586,14,1,0.5883333333333334,0.581
174.563385696,1724,-6.919882011885228,14,1,0.5883333333333334,0.581
174.601195891,1725,-1.0323544246144003,14,1,0.5883333333333334,0.581
174.663385696,1725,-8.192018774879195,14,1,0.5883333333333334,0.581
174.701195891,1726,-5.9746496470324795,14,1,0.5883333333333334,0.581
174.763385696,1726,5.9077463099060505,14,1,0.5883333333333334,0.581
174.801195891,1727,1.8653876219249836,14,1,0.5883333333333334,0.581
174.863385696,1727,4.450056681725799,14,1,0.5883333333333334,0.581
174.901195891,1728,-2.9629191956022316,14,1,0.5883333333333334,0.581
174.963385696,1728,-0.08467708941642657,14,1,0.5883333333333334,0.581
175.001195891,1729,-8.207500309364603,14,1,0.5883333333333334,0.581
175.063385696,1729,1.830096935307433,14,1,0.5883333333333334,0.581
175.101195891,1730,-5.709113758103972,14,1,0.5883333333333334,0.581
175.163385696,1730,-2.119054282745803,14,1,0.5883333333333334,0.581
175.201195891,1731,-16.15027392166869,14,1,0.5883333333333334,0.581
175.263385696,1731,5.433265125361003,14,1,0.5883333333333334,0.581
175.301195891,1732,-21.589741815870216,14,1,0.5883333333333334,0.581
175.363385696,1732,0.4487370315235095,14,1,0.5883333333333334,0.581
175.401195891,1733,-4.609378819362264,14,1,0.5883333333333334,0.581
175.463385696,1733,3.0298708580361087,14,1,0.5883333333333334,0.581
175.501195891,1734,-4.836162963663612,14,1,0.5883333333333334,0.582
175.563385696,1734,-7.730532211343354,14,1,0.5883333333333334,0.582
175.601195891,1735,-1.6481414356740707,14,1,0.5883333333333334,0.582
175.663385696,1735,5.306843845865574,14,1,0.5883333333333334,0.582
175.701195891,1736,-13.326808064446489,14,1,0.5883333333333334,0.582
175.763385696,1736,3.015555847403875,14,1,0.5883333333333334,0.582
175.801195891,1737,3.809918992919709,14,1,0.5883333333333334,0.582
175.863385696,1737,-2.1175953022947875,14,1,0.5883333333333334,0.582
175.901195891,1738,-9.331094999542183,14,1,0.5883333333333334,0.582
175.963385696,1738,-0.8449087395127466,14,1,0.5883333333333334,0.582
176.001195891,1739,5.7201921423047555,14,1,0.5883333333333334,0.582
176.063385696,1739,-0.33548529760498624,14,1,0.5883333333333334,0.582
176.101195891,1740,1.7865084306336378,14,1,0.5883333333333334,0.582
176.163385696,1740,2.006867085176768,14,1,0.5883333333333334,0.582
176.201195891,1741,-0.028495097331749857,14,1,0.5883333333333334,0.582
176.263385696,1741,0.818658592560042,14,1,0.5883333333333334,0.582
176.301195891,1742,4.544068612265584,14,1,0.5883333333333334,0.582
176.363385696,1742,-1.414122230575461,14,1,0.5883333333333334,0.582
176.401195891,1743,-10.630152310228384,14,1,0.5883333333333334,0.582
176.463385696,1743,-2.0238084090770894,14,1,0.5883333333333334,0.582
176.501195891,1744,-4.581427478891975,14,1,0.5883333333333334,0.582
176.563385696,1744,0.4670968107303356,14,1,0.5883333333333334,0.582
176.601195891,1745,-6.716646271126935,14,1,0.5883333333333334,0.582
176.663385696,1745,-3.0296853877657917,14,1,0.5883333333333334,0.582
176.701195891,1746,1.804987108226426,14,1,0.5883333333333334,0.582
176.763385696,1746,-6.3192660792458195,14,1,0.5883333333333334,0.582
176.801195891,1747,-18.239351501249732,14,1,0.5883333333333334,0.582
176.863385696,1747,-3.62604376872736,14,1,0.5883333333333334,0.582
176.901195891,1748,-10.941496693794996,14,1,0.5883333333333334,0.582
176.963385696,1748,4.001225285513018,14,1,0.5883333333333334,0.582
177.001195891,1749,1.3569694592112291,14,1,0.5883333333333334,0.582
177.063385696,1749,0.4577204381678924,14,1,0.5883333333333334,0.582
177.101195891,1750,-4.694521197641272,14,1,0.5883333333333334,0.582
177.163385696,1750,-0.6785296714440723,14,1,0.5883333333333334,0.582
177.201195891,1751,-1.6899674304972696,14,1,0.5883333333333334,0.582
177.263385696,1751,4.6278860704922415,14,1,0.5883333333333334,0.582
177.301195891,1752,-23.060255511675045,14,1,0.5883333333333334,0.582
177.363385696,1752,-7.113586070181912,14,1,0.5883333333333334,0.582
177.401195891,1753,3.4372719454562346,14,1,0.5883333333333334,0.582
177.463385696,1753,-7.318772124872335,14,1,0.5883333333333334,0.582
177.501195891,1754,-27.843278629561595,14,1,0.5883333333333334,0.5834999999999999
177.563385696,1754,-12.169416215474051,14,1,0.5883333333333334,0.5834999999999999
177.601195891,1755,-1.4001760083891956,14,1,0.5883333333333334,0.5834999999999999
177.663385696,1755,1.517640561918364,14,1,0.5883333333333334,0.5834999999999999
177.701195891,1756,2.2695086291245787,14,1,0.5883333333333334,0.5834999999999999
177.763385696,1756,2.481506633480102,14,1,0.5883333333333334,0.5834999999999999
177.801195891,1757,-14.224044450593741,14,1,0.5883333333333334,0.5834999999999999
177.863385696,1757,2.074471177762062,14,1,0.5883333333333334,0.5834999999999999
177.901195891,1758,-0.40268237977768895,14,1,0.5883333333333334,0.5834999999999999
177.963385696,1758,-0.6514027346267968,14,1,0.5883333333333334,0.5834999999999999
178.001195891,1759,-2.9774246186681124,14,1,0.5883333333333334,0.5834999999999999
178.063385696,1759,7.34191506862135,14,1,0.5883333333333334,0.5834999999999999
178.101195891,1760,1.2503569804509043,14,1,0.5883333333333334,0.5834999999999999
178.163385696,1760,6.891147306311508,14,1,0.5883333333333334,0.5834999999999999
178.201195891,1761,-4.061619590204948,14,1,0.5883333333333334,0.5834999999999999
178.263385696,1761,0.7161038215924822,14,1,0.5883333333333334,0.5834999999999999
178.301195891,1762,-5.63981880675621,14,1,0.5883333333333334,0.5834999999999999
178.363385696,1762,-5.443740906433971,14,1,0.5883333333333334,0.5834999999999999
178.401195891,1763,-3.5092397971834237,14,1,0.5883333333333334,0.5834999999999999
178.463385696,1763,5.546847249521467,14,1,0.5883333333333334,0.5834999999999999
178.501195891,1764,-11.7246872157223,14,1,0.5883333333333334,0.583
178.563385696,1764,0.6062406223097887,14,1,0.5883333333333334,0.583
178.601195891,1765,-5.521688487393011,14,1,0.5883333333333334,0.583
178.663385696,1765,-0.19623385489629447,14,1,0.5883333333333334,0.583
178.701195891,1766,-1.4217500258920568,14,1,0.5883333333333334,0.583
178.763385696,1766,-4.648054304073017,14,1,0.5883333333333334,0.583
178.801195891,1767,-4.201313128288046,14,1,0.5883333333333334,0.583
178.863385696,1767,3.7613111847896303,14,1,0.5883333333333334,0.583
178.901195891,1768,1.0239358293654526,14,1,0.5883333333333334,0.583
178.963385696,1768,-0.8073211202188162,14,1,0.5883333333333334,0.583
179.001195891,1769,-7.202630446769531,14,1,0.5883333333333334,0.583
179.063385696,1769,4.218950150016491,14,1,0.5883333333333334,0.583
179.101195891,1770,-0.8763792843424313,14,1,0.5883333333333334,0.583
179.163385696,1770,5.186279031951935,14,1,0.5883333333333334,0.583
179.201195891,1771,-2.8080663568182245,14,1,0.5883333333333334,0.583
179.263385696,1771,-11.212446849379798,14,1,0.5883333333333334,0.583
179.301195891,1772,-2.2660568250522735,14,1,0.5883333333333334,0.583
179.363385696,1772,5.048424545075354,14,1,0.5883333333333334,0.583
179.401195891,1773,-6.213410013784355,14,1,0.5883333333333334,0.583
179.463385696,1773,-5.633642856949793,14,1,0.5883333333333334,0.583
179.501195891,1774,-6.052232424710246,14,1,0.5883333333333334,0.584
179.563385696,1774,1.53934334643726,14,1,0.5883333333333334,0.584
179.601195891,1775,0.7820668374208738,14,1,0.5883333333333334,0.584
179.663385696,1775,-11.892423615227836,14,1,0.5883333333333334,0.584
179.701195891,1776,0.524842239711866,14,1,0.5883333333333334,0.584
179.763385696,1776,4.067641032486107,14,1,0.5883333333333334,0.584
179.801195891,1777,2.2075508986932606,14,1,0.5883333333333334,0.584
179.863385696,1777,-20.27956158765713,14,1,0.5883333333333334,0.584
179.901195891,1778,1.5832477756562549,14,1,0.5883333333333334,0.584
179.963385696,1778,2.2734341187005263,14,1,0.5883333333333334,0.584
180.001195891,1779,3.6462940103730697,14,1,0.5883333333333334,0.584
180.063385696,1779,-9.87290316073371,14,1,0.5883333333333334,0.584
180.101195891,1780,-1.7489020484206703,14,1,0.5883333333333334,0.584
180.163385696,1780,0.2625435208680262,14,1,0.5883333333333334,0.584
180.201195891,1781,-1.9868477342749022,14,1,0.5883333333333334,0.584
180.263385696,1781,-12.435725324069884,14,1,0.5883333333333334,0.584
180.301195891,1782,-18.686288015055805,14,1,0.5883333333333334,0.584
180.363385696,1782,2.851570460731541,14,1,0.5883333333333334,0.584
180.401195891,1783,6.210094495911157,14,1,0.5883333333333334,0.584
180.463385696,1783,5.068624933939578,14,1,0.5883333333333334,0.584
180.501195891,1784,-0.4635745375698729,14,1,0.5883333333333334,0.58
180.563385696,1784,-9.007601142026703,14,1,0.5883333333333334,0.58
180.601195891,1785,-7.659157700546365,14,1,0.5883333333333334,0.58
180.663385696,1785,-0.06034793154540686,14,1,0.5883333333333334,0.58
180.701195891,1786,-8.42204761233617,14,1,0.5883333333333334,0.58
180.763385696,1786,-14.189950444779447,14,1,0.5883333333333334,0.58
180.801195891,1787,-12.159388922590274,14,1,0.5883333333333334,0.58
180.863385696,1787,3.041162762292868,14,1,0.5883333333333334,0.58
180.901195891,1788,0.8918310242345207,14,1,0.5883333333333334,0.58
180.963385696,1788,0.6855103350881688,14,1,0.5883333333333334,0.58
181.001195891,1789,-9.34704568677164,14,1,0.5883333333333334,0.58
181.063385696,1789,-6.411627256399494,14,1,0.5883333333333334,0.58
181.101195891,1790,1.1057098017755211,14,1,0.5883333333333334,0.58
181.163385696,1790,-2.5348384512788447,14,1,0.5883333333333334,0.58
181.201195891,1791,-1.9432686468865272,14,1,0.5883333333333334,0.58
181.263385696,1791,1.3675288992353787,14,1,0.5883333333333334,0.58
181.301195891,1792,6.692176900363821,14,1,0.5883333333333334,0.58
181.363385696,1792,-5.8288597610282,14,1,0.5883333333333334,0.58
181.401195891,1793,1.9209459258274602,14,1,0.5883333333333334,0.58
181.463385696,1793,-5.48343517733659,14,1,0.5883333333333334,0.58
181.501195891,1794,-21.490676025110297,14,1,0.5883333333333334,0.575
181.563385696,1794,3.409113163214095,14,1,0.5883333333333334,0.575
181.601195891,1795,3.3086699009662817,14,1,0.5883333333333334,0.575
181.663385696,1795,-2.128134190863247,14,1,0.5883333333333334,0.575
181.701195891,1796,1.2728096860323759,14,1,0.5883333333333334,0.575
181.763385696,1796,0.6490220550144032,14,1,0.5883333333333334,0.575
181.801195891,1797,-9.489503615617176,14,1,0.5883333333333334,0.575
181.863385696,1797,-0.16028029797842203,14,1,0.5883333333333334,0.575
181.901195891,1798,-5.08664442488148,14,1,0.5883333333333334,0.575
181.963385696,1798,2.9209533240838264,14,1,0.5883333333333334,0.575
182.001195891,1799,-16.654809729416655,14,1,0.5883333333333334,0.575
182.063385696,1799,-25.540338735873057,14,1,0.5883333333333334,0.575
182.101195891,1800,2.6084150039081773,14,1,0.5883333333333334,0.575
182.163385696,1800,-5.719248775947516,14,1,0.5883333333333334,0.575
182.201195891,1801,-12.48543394594516,14,1,0.5883333333333334,0.575
182.263385696,1801,-7.9402773091237275,14,1,0.5883333333333334,0.575
182.301195891,1802,0.7776871954690971,14,1,0.5883333333333334,0.575
182.363385696,1802,0.3732132372062347,14,1,0.5883333333333334,0.575
182.401195891,1803,3.9558797051420704,14,1,0.5883333333333334,0.575
182.463385696,1803,-10.25953637390362,14,1,0.5883333333333334,0.575
182.501195891,1804,-5.815966087540705,14,1,0.5883333333333334,0.5745
182.563385696,1804,-23.324157872611696,14,1,0.5883333333333334,0.5745
182.601195891,1805,2.767632099913009,14,1,0.5883333333333334,0.5745
182.663385696,1805,0.44824645838349714,14,1,0.5883333333333334,0.5745
182.701195891,1806,-2.6405988724287703,14,1,0.5883333333333334,0.5745
182.763385696,1806,-4.263565978085481,14,1,0.5883333333333334,0.5745
182.801195891,1807,0.7504412016609545,14,1,0.5883333333333334,0.5745
182.863385696,1807,-6.347438421590768,14,1,0.5883333333333334,0.5745
182.901195891,1808,-7.907896847523985,14,1,0.5883333333333334,0.5745
182.963385696,1808,-0.8858551599748686,14,1,0.5883333333333334,0.5745
183.001195891,1809,-2.748365861323641,14,1,0.5883333333333334,0.5745
183.063385696,1809,4.921076315015233,14,1,0.5883333333333334,0.5745
183.101195891,1810,-1.9401067899503912,14,1,0.5883333333333334,0.5745
183.163385696,1810,3.6908136324967926,14,1,0.5883333333333334,0.5745
183.201195891,1811,-1.0194646070669537,14,1,0.5883333333333334,0.5745
183.263385696,1811,-9.26272337105369,14,1,0.5883333333333334,0.5745
183.301195891,1812,-11.29165818305627,14,1,0.5883333333333334,0.5745
183.363385696,1812,-7.413013019067974,14,1,0.5883333333333334,0.5745
183.401195891,1813,-9.080003875360292,14,1,0.5883333333333334,0.5745
183.463385696,1813,-1.545664448791923,14,1,0.5883333333333334,0.5745
183.501195891,1814,-16.152900038788346,14,1,0.5883333333333334,0.5765
183.563385696,1814,-5.166673733599937,14,1,0.5883333333333334,0.5765
183.601195891,1815,-16.381166848764824,14,1,0.5883333333333334,0.5765
183.663385696,1815,0.7525807617496223,14,1,0.5883333333333334,0.5765
183.701195891,1816,5.527885763328605,14,1,0.5883333333333334,0.5765
183.763385696,1816,-5.47412598554616,14,1,0.5883333333333334,0.5765
183.801195891,1817,-8.73458121434131,14,1,0.5883333333333334,0.5765
183.863385696,1817,5.032843486849026,14,1,0.5883333333333334,0.5765
183.901195891,1818,-2.873344217143183,14,1,0.5883333333333334,0.5765
183.963385696,1818,1.4218359793616873,14,1,0.5883333333333334,0.5765
184.001195891,1819,4.710089822941541,14,1,0.5883333333333334,0.5765
184.063385696,1819,2.9946631764714167,14,1,0.5883333333333334,0.5765
184.101195891,1820,-4.415132343631273,14,1,0.5883333333333334,0.5765
184.163385696,1820,1.578451685121578,14,1,0.5883333333333334,0.5765
184.201195891,1821,0.7673092655338286,14,1,0.5883333333333334,0.5765
184.263385696,1821,4.824856102841253,14,1,0.5883333333333334,0.5765
184.301195891,1822,-9.811731939407766,14,1,0.5883333333333334,0.5765
184.363385696,1822,5.401598595429132,14,1,0.5883333333333334,0.5765
184.401195891,1823,1.7168972053757068,14,1,0.5883333333333334,0.5765
184.463385696,1823,-9.082332738496383,14,1,0.5883333333333334,0.5765
184.501195891,1824,-15.97172193580612,14,1,0.5883333333333334,0.579
184.563385696,1824,6.141428607947297,14,1,0.5883333333333334,0.579
184.601195891,1825,1.1644739857506938,14,1,0.5883333333333334,0.579
184.663385696,1825,-3.2296386109662945,14,1,0.5883333333333334,0.579
184.701195891,1826,-12.835420066851436,14,1,0.5883333333333334,0.579
184.763385696,1826,6.587967835590423,14,1,0.5883333333333334,0.579
184.801195891,1827,-5.715229310891975,14,1,0.5883333333333334,0.579
184.863385696,1827,-2.256249477856249,14,1,0.5883333333333334,0.579
184.901195891,1828,-8.03872516850915,14,1,0.5883333333333334,0.579
184.963385696,1828,-2.127132474215894,14,1,0.5883333333333334,0.579
185.001195891,1829,-0.7583957000388295,14,1,0.5883333333333334,0.579
185.063385696,1829,1.8620475593810413,14,1,0.5883333333333334,0.579
185.101195891,1830,0.051740833066858456,14,1,0.5883333333333334,0.579
185.163385696,1830,3.838665278664894,14,1,0.5883333333333334,0.579
185.201195891,1831,2.987826346160321,14,1,0.5883333333333334,0.579
185.263385696,1831,-0.6030454561989539,14,1,0.5883333333333334,0.579
185.301195891,1832,-12.145701521826195,14,1,0.5883333333333334,0.579
185.363385696,1832,-8.576651406134072,14,1,0.5883333333333334,0.579
185.401195891,1833,0.0923030512409918,14,1,0.5883333333333334,0.579
185.463385696,1833,-3.026926067538474,14,1,0.5883333333333334,0.579
185.501195891,1834,-4.938239572607934,14,1,0.5883333333333334,0.5814999999999999
185.563385696,1834,7.508859670206787,14,1,0.5883333333333334,0.5814999999999999
185.601195891,1835,5.341058021360071,14,1,0.5883333333333334,0.5814999999999999
185.663385696,1835,0.19987571662921977,14,1,0.5883333333333334,0.5814999999999999
185.701195891,1836,1.3030078302954953,14,1,0.5883333333333334,0.5814999999999999
185.763385696,1836,-9.28943809836779,14,1,0.5883333333333334,0.5814999999999999
185.801195891,1837,-6.576250304973962,14,1,0.5883333333333334,0.5814999999999999
185.863385696,1837,-10.225162485646646,14,1,0.5883333333333334,0.5814999999999999
185.901195891,1838,-18.049316569782604,14,1,0.5883333333333334,0.5814999999999999
185.963385696,1838,5.332259539253517,14,1,0.5883333333333334,0.5814999999999999
186.001195891,1839,-1.5631506190066877,14,1,0.5883333333333334,0.5814999999999999
186.063385696,1839,-7.475671290606046,14,1,0.5883333333333334,0.5814999999999999
186.101195891,1840,-8.159394877282583,14,1,0.5883333333333334,0.5814999999999999
186.163385696,1840,7.820733165480121,14,1,0.5883333333333334,0.5814999999999999
186.201195891,1841,0.49800129672048665,14,1,0.5883333333333334,0.5814999999999999
186.263385696,1841,4.670622669205619,14,1,0.5883333333333334,0.5814999999999999
186.301195891,1842,-17.109476943950952,14,1,0.5883333333333334,0.5814999999999999
186.363385696,1842,-2.940910464829815,14,1,0.5883333333333334,0.5814999999999999
186.401195891,1843,-2.0833059447742395,14,1,0.5883333333333334,0.5814999999999999
186.463385696,1843,-0.12330982984394424,14,1,0.5883333333333334,0.5814999999999999
186.501195891,1844,-2.7353508975195453,14,1,0.5883333333333334,0.585
186.563385696,1844,2.067023126221475,14,1,0.5883333333333334,0.585
186.601195891,1845,-2.430501602486799,14,1,0.5883333333333334,0.585
186.663385696,1845,4.605295733705036,14,1,0.5883333333333334,0.585
186.701195891,1846,-2.8337482050789347,14,1,0.5883333333333334,0.585
186.763385696,1846,-1.159962487740228,14,1,0.5883333333333334,0.585
186.801195891,1847,-2.1850979372890817,14,1,0.5883333333333334,0.585
186.863385696,1847,-4.2934116548369845,14,1,0.5883333333333334,0.585
186.901195891,1848,2.1323663770028185,14,1,0.5883333333333334,0.585
186.963385696,1848,-1.2868391161509751,14,1,0.5883333333333334,0.585
187.001195891,1849,2.002801949856795,14,1,0.5883333333333334,0.585
187.063385696,1849,-19.498603705843273,14,1,0.5883333333333334,0.585
187.101195891,1850,-19.35851783293149,14,1,0.5883333333333334,0.585
187.163385696,1850,2.4200643706543556,14,1,0.5883333333333334,0.585
187.201195891,1851,8.25169208567231,14,1,0.5883333333333334,0.585
187.263385696,1851,-9.625750267765417,14,1,0.5883333333333334,0.585
187.301195891,1852,-1.2177589635691757,14,1,0.5883333333333334,0.585
187.363385696,1852,-1.8149313130939018,14,1,0.5883333333333334,0.585
187.401195891,1853,1.5113815691375034,14,1,0.5883333333333334,0.585
187.463385696,1853,-10.942715516086425,14,1,0.5883333333333334,0.585
187.501195891,1854,-6.922508401039565,14,1,0.5883333333333334,0.5855
187.563385696,1854,8.81663778877612,14,1,0.5883333333333334,0.5855
187.601195891,1855,4.863000197915075,14,1,0.5883333333333334,0.5855
187.663385696,1855,0.0028722731541918345,14,1,0.5883333333333334,0.5855
187.701195891,1856,2.1225937307520395,14,1,0.5883333333333334,0.5855
187.763385696,1856,3.1949670588090875,14,1,0.5883333333333334,0.5855
187.801195891,1857,6.868970240517251,14,1,0.5883333333333334,0.5855
187.863385696,1857,-3.4660910490171832,14,1,0.5883333333333334,0.5855
187.901195891,1858,2.0358723752333048,14,1,0.5883333333333334,0.5855
187.963385696,1858,6.553662554356406,14,1,0.5883333333333334,0.5855
188.001195891,1859,-0.3339350546969388,14,1,0.5883333333333334,0.5855
188.063385696,1859,-5.792954615763525,14,1,0.5883333333333334,0.5855
188.101195891,1860,6.992545279294493,14,1,0.5883333333333334,0.5855
188.163385696,1860,3.3040855147597634,14,1,0.5883333333333334,0.5855
188.201195891,1861,-1.4493039529888994,14,1,0.5883333333333334,0.5855
188.263385696,1861,1.390485611321225,14,1,0.5883333333333334,0.5855
188.301195891,1862,0.4493116743862627,14,1,0.5883333333333334,0.5855
188.363385696,1862,5.60062042869345,14,1,0.5883333333333334,0.5855
188.401195891,1863,-12.059112028293288,14,1,0.5883333333333334,0.5855
188.463385696,1863,-5.71682394717247,14,1,0.5883333333333334,0.5855
188.501195891,1864,-6.599094133068175,14,1,0.5883333333333334,0.5885
188.563385696,1864,-3.4160623597280164,14,1,0.5883333333333334,0.5885
188.601195891,1865,2.033652653400149,14,1,0.5883333333333334,0.5885
188.663385696,1865,-3.0621305585300913,14,1,0.5883333333333334,0.5885
188.701195891,1866,4.775790560632568,14,1,0.5883333333333334,0.5885
188.763385696,1866,-8.348012325860608,14,1,0.5883333333333334,0.5885
188.801195891,1867,-3.4790683898604486,14,1,0.5883333333333334,0.5885
188.863385696,1867,-3.8622261277917893,14,1,0.5883333333333334,0.5885
188.901195891,1868,3.1412237437508543,14,1,0.5883333333333334,0.5885
188.963385696,1868,-1.9112621104315517,14,1,0.5883333333333334,0.5885
189.001195891,1869,5.198449673125568,14,1,0.5883333333333334,0.5885
189.063385696,1869,-14.173374915094982,14,1,0.5883333333333334,0.5885
189.101195891,1870,2.2005116447779978,14,1,0.5883333333333334,0.5885
189.163385696,1870,-3.742959154705643,14,1,0.5883333333333334,0.5885
189.201195891,1871,-3.986279775382644,14,1,0.5883333333333334,0.5885
189.263385696,1871,-6.5904935120688615,14,1,0.5883333333333334,0.5885
189.301195891,1872,2.669240317322119,14,1,0.5883333333333334,0.5885
189.363385696,1872,1.2083165428728675,14,1,0.5883333333333334,0.5885
189.401195891,1873,-0.404610302453445,14,1,0.5883333333333334,0.5885
189.463385696,1873,1.1691586249689259,14,1,0.5883333333333334,0.5885
189.501195891,1874,-3.3484891814114444,14,1,0.5883333333333334,0.5925
189.563385696,1874,-14.477885667284355,14,1,0.5883333333333334,0.5925
189.601195891,1875,2.8830151951394627,14,1,0.5883333333333334,0.5925
189.663385696,1875,-5.859661571682112,14,1,0.5883333333333334,0.5925
189.701195891,1876,-0.2600801207016971,14,1,0.5883333333333334,0.5925
189.763385696,1876,-0.48399329997224877,14,1,0.5883333333333334,0.5925
189.801195891,1877,-5.834398942767683,14,1,0.5883333333333334,0.5925
189.863385696,1877,5.366838113295302,14,1,0.5883333333333334,0.5925
189.901195891,1878,4.79106703128449,14,1,0.5883333333333334,0.5925
189.963385696,1878,6.196449766007036,14,1,0.5883333333333334,0.5925
190.001195891,1879,-16.588609478611748,14,1,0.5883333333333334,0.5925
190.063385696,1879,-2.120944944484386,14,1,0.5883333333333334,0.5925
190.101195891,1880,-9.05462401005405,14,1,0.5883333333333334,0.5925
190.163385696,1880,7.099810994263516,14,1,0.5883333333333334,0.5925
190.201195891,1881,4.985713835185152,14,1,0.5883333333333334,0.5925
190.263385696,1881,-5.6212460383454115,14,1,0.5883333333333334,0.5925
190.301195891,1882,2.297020889346251,14,1,0.5883333333333334,0.5925
190.363385696,1882,0.9752553580762566,14,1,0.5883333333333334,0.5925
190.401195891,1883,-2.0042396365336237,14,1,0.5883333333333334,0.5925
190.463385696,1883,-1.21506205982316,14,1,0.5883333333333334,0.5925
190.501195891,1884,2.724507907147565,14,1,0.5883333333333334,0.5959999999999999
190.563385696,1884,1.914667514714522,14,1,0.5883333333333334,0.5959999999999999
190.601195891,1885,-0.9576932709381873,14,1,0.5883333333333334,0.5959999999999999
190.663385696,1885,2.649897488467815,14,1,0.5883333333333334,0.5959999999999999
190.701195891,1886,0.9086452138753323,14,1,0.5883333333333334,0.5959999999999999
190.763385696,1886,-7.282480623475449,14,1,0.5883333333333334,0.5959999999999999
190.801195891,1887,-13.689721937281886,14,1,0.5883333333333334,0.5959999999999999
190.863385696,1887,2.5972133197359466,14,1,0.5883333333333334,0.5959999999999999
190.901195891,1888,0.1278715173192641,14,1,0.5883333333333334,0.5959999999999999
190.963385696,1888,-11.505538358664502,14,1,0.5883333333333334,0.5959999999999999
191.001195891,1889,-4.80319413019769,14,1,0.5883333333333334,0.5959999999999999
191.063385696,1889,-3.6661629195151106,14,1,0.5883333333333334,0.5959999999999999
191.101195891,1890,-0.04883784520034272,14,1,0.5883333333333334,0.5959999999999999
191.163385696,1890,-5.935063456499718,14,1,0.5883333333333334,0.5959999999999999
191.201195891,1891,-0.9542449275785653,14,1,0.5883333333333334,0.5959999999999999
191.263385696,1891,5.12113936749392,14,1,0.5883333333333334,0.5959999999999999
191.301195891,1892,2.0904863196280057,14,1,0.5883333333333334,0.5959999999999999
191.363385696,1892,-4.113836679487378,14,1,0.5883333333333334,0.5959999999999999
191.401195891,1893,-1.1775298112936705,14,1,0.5883333333333334,0.5959999999999999
191.463385696,1893,0.8995099214524788,14,1,0.5883333333333334,0.5959999999999999
191.501195891,1894,-5.308859638406948,14,1,0.5883333333333334,0.5984999999999999
191.563385696,1894,-0.4202824182199028,14,1,0.5883333333333334,0.5984999999999999
191.601195891,1895,-4.4106912360505675,14,1,0.5883333333333334,0.5984999999999999
191.663385696,1895,0.5834815120755983,14,1,0.5883333333333334,0.5984999999999999
191.701195891,1896,-7.070470898195574,14,1,0.5883333333333334,0.5984999999999999
191.763385696,1896,-8.733259256093195,14,1,0.5883333333333334,0.5984999999999999
191.801195891,1897,2.547715400376205,14,1,0.5883333333333334,0.5984999999999999
191.863385696,1897,4.523988404109699,14,1,0.5883333333333334,0.5984999999999999
191.901195891,1898,-2.833629862026462,14,1,0.5883333333333334,0.5984999999999999
191.963385696,1898,-3.8948148533373828,14,1,0.5883333333333334,0.5984999999999999
192.001195891,1899,-4.759067362226828,14,1,0.5883333333333334,0.5984999999999999
192.063385696,1899,-9.426253486118414,14,1,0.5883333333333334,0.5984999999999999
192.101195891,1900,-7.070754370857946,14,1,0.5883333333333334,0.5984999999999999
192.163385696,1900,-7.024718405639909,14,1,0.5883333333333334,0.5984999999999999
192.201195891,1901,4.300179333394218,14,1,0.5883333333333334,0.5984999999999999
192.263385696,1901,-4.905058051522688,14,1,0.5883333333333334,0.5984999999999999
192.301195891,1902,0.9714664818084489,14,1,0.5883333333333334,0.5984999999999999
192.363385696,1902,4.407994484152301,14,1,0.5883333333333334,0.5984999999999999
192.401195891,1903,-17.923168469424997,14,1,0.5883333333333334,0.5984999999999999
192.463385696,1903,-0.7927207600009324,14,1,0.5883333333333334,0.5984999999999999
192.501195891,1904,-9.631077301494454,14,1,0.5883333333333334,0.599
192.563385696,1904,-12.421335625700289,14,1,0.5883333333333334,0.599
192.601195891,1905,1.0265210348205394,14,1,0.5883333333333334,0.599
192.663385696,1905,-3.2389257805307388,14,1,0.5883333333333334,0.599
192.701195891,1906,-9.663188092368445,14,1,0.5883333333333334,0.599
192.763385696,1906,6.0604438903499345,14,1,0.5883333333333334,0.599
192.801195891,1907,-2.723060262665882,14,1,0.5883333333333334,0.599
192.863385696,1907,-7.236938787756753,14,1,0.5883333333333334,0.599
192.901195891,1908,-6.954113631844773,14,1,0.5883333333333334,0.599
192.963385696,1908,5.833965682472549,14,1,0.5883333333333334,0.599
193.001195891,1909,-3.1579345607087443,14,1,0.5883333333333334,0.599
193.063385696,1909,-4.931185501022882,14,1,0.5883333333333334,0.599
193.101195891,1910,-10.172841113320395,14,1,0.5883333333333334,0.599
193.163385696,1910,-2.971335531603852,14,1,0.5883333333333334,0.599
193.201195891,1911,-3.0596865761151095,14,1,0.5883333333333334,0.599
193.263385696,1911,-0.15107205351280134,14,1,0.5883333333333334,0.599
193.301195891,1912,3.730901803529825,14,1,0.5883333333333334,0.599
193.363385696,1912,8.33403565992625,14,1,0.5883333333333334,0.599
193.401195891,1913,5.153098722271282,14,1,0.5883333333333334,0.599
193.463385696,1913,-3.8145570096847177,14,1,0.5883333333333334,0.599
193.501195891,1914,-2.949525887948579,14,1,0.5883333333333334,0.6014999999999999
193.563385696,1914,-1.2168906285054404,14,1,0.5883333333333334,0.6014999999999999
193.601195891,1915,-5.3797073462936655,14,1,0.5883333333333334,0.6014999999999999
193.663385696,1915,4.842150971530992,14,1,0.5883333333333334,0.6014999999999999
193.701195891,1916,2.191818547391286,14,1,0.5883333333333334,0.6014999999999999
193.763385696,1916,-0.2798378200599697,14,1,0.5883333333333334,0.6014999999999999
193.801195891,1917,-5.222813368984317,14,1,0.5883333333333334,0.6014999999999999
193.863385696,1917,5.464059408231275,14,1,0.5883333333333334,0.6014999999999999
193.901195891,1918,0.8738143378656299,14,1,0.5883333333333334,0.6014999999999999
193.963385696,1918,-25.10837647412465,14,1,0.5883333333333334,0.6014999999999999
194.001195891,1919,-3.5480590173218554,14,1,0.5883333333333334,0.6014999999999999
194.063385696,1919,6.380568060366744,14,1,0.5883333333333334,0.6014999999999999
194.101195891,1920,-7.32221471906127,14,1,0.5883333333333334,0.6014999999999999
194.163385696,1920,-0.8654984779279731,14,1,0.5883333333333334,0.6014999999999999
194.201195891,1921,1.7694824279215156,14,1,0.5883333333333334,0.6014999999999999
194.263385696,1921,9.348610833319484,14,1,0.5883333333333334,0.6014999999999999
194.301195891,1922,2.1462032579309778,14,1,0.5883333333333334,0.6014999999999999
194.363385696,1922,-14.029646500640053,14,1,0.5883333333333334,0.6014999999999999
194.401195891,1923,-2.7277627747928346,14,1,0.5883333333333334,0.6014999999999999
194.463385696,1923,5.263219204772157,14,1,0.5883333333333334,0.6014999999999999
194.501195891,1924,2.7252873793058807,14,1,0.5883333333333334,0.604
194.563385696,1924,1.3996964927002233,14,1,0.5883333333333334,0.604
194.601195891,1925,0.6709878459158576,14,1,0.5883333333333334,0.604
194.663385696,1925,1.168857876024283,14,1,0.5883333333333334,0.604
194.701195891,1926,-2.081631419350167,14,1,0.5883333333333334,0.604
194.763385696,1926,-4.705317976339074,14,1,0.5883333333333334,0.604
194.801195891,1927,0.20189835367512576,14,1,0.5883333333333334,0.604
194.863385696,1927,4.471941689303966,14,1,0.5883333333333334,0.604
194.901195891,1928,-0.28044924547759315,14,1,0.5883333333333334,0.604
194.963385696,1928,5.624754351035541,14,1,0.5883333333333334,0.604
195.001195891,1929,-12.249798460183307,14,1,0.5883333333333334,0.604
195.063385696,1929,7.3712698434862665,14,1,0.5883333333333334,0.604
195.101195891,1930,-2.8465514217501893,14,1,0.5883333333333334,0.604
195.163385696,1930,2.854663266442338,14,1,0.5883333333333334,0.604
195.201195891,1931,-1.184773430683753,14,1,0.5883333333333334,0.604
195.263385696,1931,-3.0404121258037553,14,1,0.5883333333333334,0.604
195.301195891,1932,1.075165398256499,14,1,0.5883333333333334,0.604
195.363385696,1932,9.039598700768112,14,1,0.5883333333333334,0.604
195.401195891,1933,4.569748536309588,14,1,0.5883333333333334,0.604
195.463385696,1933,-4.10454409162261,14,1,0.5883333333333334,0.604
195.501195891,1934,-10.06472565799111,14,1,0.5883333333333334,0.6005
195.563385696,1934,-2.653798436999542,14,1,0.5883333333333334,0.6005
195.601195891,1935,-6.062672777089409,14,1,0.5883333333333334,0.6005
195.663385696,1935,-4.546814333779766,14,1,0.5883333333333334,0.6005
195.701195891,1936,1.5444751130429315,14,1,0.5883333333333334,0.6005
195.763385696,1936,-2.571762612983106,14,1,0.5883333333333334,0.6005
195.801195891,1937,-7.360638655795196,14,1,0.5883333333333334,0.6005
195.863385696,1937,-0.5112544033865707,14,1,0.5883333333333334,0.6005
195.901195891,1938,-10.316672110249383,14,1,0.5883333333333334,0.6005
195.963385696,1938,-4.9127766603030265,14,1,0.5883333333333334,0.6005
196.001195891,1939,-11.005472082892995,14,1,0.5883333333333334,0.6005
196.063385696,1939,-2.8641579413251423,14,1,0.5883333333333334,0.6005
196.101195891,1940,-11.001062308552864,14,1,0.5883333333333334,0.6005
196.163385696,1940,-2.354015185803751,14,1,0.5883333333333334,0.6005
196.201195891,1941,1.5433068554644085,14,1,0.5883333333333334,0.6005
196.263385696,1941,-6.943024037093357,14,1,0.5883333333333334,0.6005
196.301195891,1942,-2.055304330205559,14,1,0.5883333333333334,0.6005
196.363385696,1942,-3.610933035795136,14,1,0.5883333333333334,0.6005
196.401195891,1943,-3.8530946627510527,14,1,0.5883333333333334,0.6005
196.463385696,1943,-1.8953946220494158,14,1,0.5883333333333334,0.6005
196.501195891,1944,-2.0122164059775303,14,1,0.5883333333333334,0.596
196.563385696,1944,-0.7550077241548447,14,1,0.5883333333333334,0.596
196.601195891,1945,-3.6743799957926475,14,1,0.5883333333333334,0.596
196.663385696,1945,-10.074005425871114,14,1,0.5883333333333334,0.596
196.701195891,1946,-12.397523563287493,14,1,0.5883333333333334,0.596
196.763385696,1946,6.688362551272884,14,1,0.5883333333333334,0.596
196.801195891,1947,-15.42896130892661,14,1,0.5883333333333334,0.596
196.863385696,1947,-9.249520618187118,14,1,0.5883333333333334,0.596
196.901195891,1948,-12.64029214222224,14,1,0.5883333333333334,0.596
196.963385696,1948,2.0116100318011827,14,1,0.5883333333333334,0.596
197.001195891,1949,-8.065954117991904,14,1,0.5883333333333334,0.596
197.063385696,1949,-2.72803900737548,14,1,0.5883333333333334,0.596
197.101195891,1950,3.2951742090828513,14,1,0.5883333333333334,0.596
197.163385696,1950,-0.17717572729637687,14,1,0.5883333333333334,0.596
197.201195891,1951,0.914432758784633,14,1,0.5883333333333334,0.596
197.263385696,1951,3.757450092173002,14,1,0.5883333333333334,0.596
197.301195891,1952,-2.6604301206604983,14,1,0.5883333333333334,0.596
197.363385696,1952,-3.721936446879613,14,1,0.5883333333333334,0.596
197.401195891,1953,6.343062446148271,14,1,0.5883333333333334,0.596
197.463385696,1953,-3.6827674959414436,14,1,0.5883333333333334,0.596
197.501195891,1954,1.6370533716077902,14,1,0.5883333333333334,0.5965
197.563385696,1954,-2.408241190424411,14,1,0.5883333333333334,0.5965
197.601195891,1955,-8.70118753042342,14,1,0.5883333333333334,0.5965
197.663385696,1955,-4.6780954319881225,14,1,0.5883333333333334,0.5965
197.701195891,1956,-3.837640283734297,14,1,0.5883333333333334,0.5965
197.763385696,1956,1.4360447704639285,14,1,0.5883333333333334,0.5965
197.801195891,1957,3.967690074042119,14,1,0.5883333333333334,0.5965
197.863385696,1957,-3.9399637825657905,14,1,0.5883333333333334,0.5965
197.901195891,1958,0.8416000210450398,14,1,0.5883333333333334,0.5965
197.963385696,1958,0.30921905564190033,14,1,0.5883333333333334,0.5965
198.001195891,1959,4.314095499760782,14,1,0.5883333333333334,0.5965
198.063385696,1959,-13.409889978039697,14,1,0.5883333333333334,0.5965
198.101195891,1960,2.318618047652724,14,1,0.5883333333333334,0.5965
198.163385696,1960,4.34458047724709,14,1,0.5883333333333334,0.5965
198.201195891,1961,0.20541667379336748,14,1,0.5883333333333334,0.5965
198.263385696,1961,-5.204589589531359,14,1,0.5883333333333334,0.5965
198.301195891,1962,0.5713221511469917,14,1,0.5883333333333334,0.5965
198.363385696,1962,5.105027858501286,14,1,0.5883333333333334,0.5965
198.401195891,1963,-5.238874153830339,14,1,0.5883333333333334,0.5965
198.463385696,1963,-4.963555361944747,14,1,0.5883333333333334,0.5965
198.501195891,1964,-8.57758428031892,14,1,0.5883333333333334,0.5934999999999999
198.563385696,1964,-1.502904033799307,14,1,0.5883333333333334,0.5934999999999999
198.601195891,1965,-0.38418156292475025,14,1,0.5883333333333334,0.5934999999999999
198.663385696,1965,4.0242270237997975,14,1,0.5883333333333334,0.5934999999999999
198.701195891,1966,-1.0922514878445433,14,1,0.5883333333333334,0.5934999999999999
198.763385696,1966,3.398151683772661,14,1,0.5883333333333334,0.5934999999999999
198.801195891,1967,-8.050057293307729,14,1,0.5883333333333334,0.5934999999999999
198.863385696,1967,-2.2170687913361062,14,1,0.5883333333333334,0.5934999999999999
198.901195891,1968,1.214761910096372,14,1,0.5883333333333334,0.5934999999999999
198.963385696,1968,-6.381643649900819,14,1,0.5883333333333334,0.5934999999999999
199.001195891,1969,-10.610926579406394,14,1,0.5883333333333334,0.5934999999999999
199.063385696,1969,4.020301253172976,14,1,0.5883333333333334,0.5934999999999999
199.101195891,1970,-6.857666325516744,14,1,0.5883333333333334,0.5934999999999999
199.163385696,1970,0.6901952574366156,14,1,0.5883333333333334,0.5934999999999999
199.201195891,1971,-28.544118509203457,14,1,0.5883333333333334,0.5934999999999999
199.263385696,1971,4.339567564081729,14,1,0.5883333333333334,0.5934999999999999
199.301195891,1972,-9.740163227824631,14,1,0.5883333333333334,0.5934999999999999
199.363385696,1972,0.17304629499382937,14,1,0.5883333333333334,0.5934999999999999
199.401195891,1973,-8.364003701169583,14,1,0.5883333333333334,0.5934999999999999
199.463385696,1973,6.634282130815016,14,1,0.5883333333333334,0.5934999999999999
199.501195891,1974,-0.4592715335226358,14,1,0.5883333333333334,0.5925
199.563385696,1974,-2.0373340394244868,14,1,0.5883333333333334,0.5925
199.601195891,1975,4.943553754486519,14,1,0.5883333333333334,0.5925
199.663385696,1975,0.5472804064091115,14,1,0.5883333333333334,0.5925
199.701195891,1976,2.7834953698359866,14,1,0.5883333333333334,0.5925
199.763385696,1976,-4.514160750276322,14,1,0.5883333333333334,0.5925
199.801195891,1977,-6.821492431196909,14,1,0.5883333333333334,0.5925
199.863385696,1977,-0.8255832537593044,14,1,0.5883333333333334,0.5925
199.901195891,1978,7.605822163074553,14,1,0.5883333333333334,0.5925
199.963385696,1978,-1.5625667090976205,14,1,0.5883333333333334,0.5925
200.001195891,1979,-10.23789595935838,14,1,0.5883333333333334,0.5925
200.063385696,1979,1.8015770480491988,14,1,0.5883333333333334,0.5925
200.101195891,1980,-14.09854086898584,14,1,0.5883333333333334,0.5925
200.163385696,1980,0.25391593975295046,14,1,0.5883333333333334,0.5925
200.201195891,1981,1.1108395633086647,14,1,0.5883333333333334,0.5925
200.263385696,1981,-0.1460747182419222,14,1,0.5883333333333334,0.5925
200.301195891,1982,-5.947359266719405,14,1,0.5883333333333334,0.5925
200.363385696,1982,-2.741365173404287,14,1,0.5883333333333334,0.5925
200.401195891,1983,-12.697160002071008,14,1,0.5883333333333334,0.5925
200.463385696,1983,-5.888972912072128,14,1,0.5883333333333334,0.5925
200.501195891,1984,2.482169928180256,14,1,0.5883333333333334,0.593
200.563385696,1984,-6.464734924029672,14,1,0.5883333333333334,0.593
200.601195891,1985,-14.309939512046377,14,1,0.5883333333333334,0.593
200.663385696,1985,2.7116408790254933,14,1,0.5883333333333334,0.593
200.701195891,1986,-15.446452613378305,14,1,0.5883333333333334,0.593
200.763385696,1986,2.467821235231006,14,1,0.5883333333333334,0.593
200.801195891,1987,4.538121377691051,14,1,0.5883333333333334,0.593
200.863385696,1987,-11.995236567108654,14,1,0.5883333333333334,0.593
200.901195891,1988,2.056688895328671,14,1,0.5883333333333334,0.593
200.963385696,1988,-0.9402093086435327,14,1,0.5883333333333334,0.593
201.001195891,1989,-10.690724175161234,14,1,0.5883333333333334,0.593
201.063385696,1989,-21.720759542277488,14,1,0.5883333333333334,0.593
201.101195891,1990,2.7716018843389403,14,1,0.5883333333333334,0.593
201.163385696,1990,-2.288282174489665,14,1,0.5883333333333334,0.593
201.201195891,1991,1.4028584720736337,14,1,0.5883333333333334,0.593
201.263385696,1991,-10.067403008118458,14,1,0.5883333333333334,0.593
201.301195891,1992,-5.432978266539439,14,1,0.5883333333333334,0.593
201.363385696,1992,-0.4494225705926533,14,1,0.5883333333333334,0.593
201.401195891,1993,-4.805267370776459,14,1,0.5883333333333334,0.593
201.463385696,1993,4.932735658602466,14,1,0.5883333333333334,0.593
201.501195891,1994,-3.8270059406735495,14,1,0.5883333333333334,0.5955
201.563385696,1994,7.369639189003702,14,1,0.5883333333333334,0.5955
201.601195891,1995,2.182529493954271,14,1,0.5883333333333334,0.5955
201.663385696,1995,4.190192291106559,14,1,0.5883333333333334,0.5955
201.701195891,1996,-6.047011282812735,14,1,0.5883333333333334,0.5955
201.763385696,1996,-10.17390173692285,14,1,0.5883333333333334,0.5955
201.801195891,1997,-4.524261966285743,14,1,0.5883333333333334,0.5955
201.863385696,1997,-1.6039492067727734,14,1,0.5883333333333334,0.5955
201.901195891,1998,-0.988429786681655,14,1,0.5883333333333334,0.5955
201.963385696,1998,-1.9226927426347675,14,1,0.5883333333333334,0.5955
202.001195891,1999,-0.03342724629502363,14,1,0.5883333333333334,0.5955
202.063385696,1999,-4.349716861267071,14,1,0.5883333333333334,0.5955
202.101195891,2000,1.9237180595808232,14,1,0.5883333333333334,0.5955
202.163385696,2000,-14.935224855543929,14,1,0.5883333333333334,0.5955
202.201195891,2001,-0.6142014219432188,14,1,0.5883333333333334,0.5955
202.263385696,2001,2.4945049718711125,14,1,0.5883333333333334,0.5955
202.301195891,2002,7.070517307511128,14,1,0.5883333333333334,0.5955
202.363385696,2002,0.5344818070845043,14,1,0.5883333333333334,0.5955
202.401195891,2003,-16.408327602748464,14,1,0.5883333333333334,0.5955
202.463385696,2003,1.6004805089414444,14,1,0.5883333333333334,0.5955
202.501195891,2004,3.9565295755101344,14,1,0.5883333333333334,0.5965
202.563385696,2004,-3.7274250167509058,14,1,0.5883333333333334,0.5965
202.601195891,2005,3.4005048145444174,14,1,0.5883333333333334,0.5965
202.663385696,2005,3.93780080827352,14,1,0.5883333333333334,0.5965
202.701195891,2006,0.6748317458469522,14,1,0.5883333333333334,0.5965
202.763385696,2006,-3.0586727188277667,14,1,0.5883333333333334,0.5965
202.801195891,2007,-6.742270117741022,14,1,0.5883333333333334,0.5965
202.863385696,2007,-0.5439318235693477,14,1,0.5883333333333334,0.5965
202.901195891,2008,3.388422410947987,14,1,0.5883333333333334,0.5965
202.963385696,2008,0.3637222406456645,14,1,0.5883333333333334,0.5965
203.001195891,2009,-7.753192127181795,14,1,0.5883333333333334,0.5965
203.063385696,2009,-20.12717844411672,14,1,0.5883333333333334,0.5965
203.101195891,2010,1.2139077238662281,14,1,0.5883333333333334,0.5965
203.163385696,2010,-5.413653221430473,14,1,0.5883333333333334,0.5965
203.201195891,2011,2.782757230278414,14,1,0.5883333333333334,0.5965
203.263385696,2011,-1.31830463162214,14,1,0.5883333333333334,0.5965
203.301195891,2012,-4.736322176362928,14,1,0.5883333333333334,0.5965
203.363385696,2012,0.8714242848246473,14,1,0.5883333333333334,0.5965
203.401195891,2013,-0.5615197983834959,14,1,0.5883333333333334,0.5965
203.463385696,2013,-6.772460003804367,14,1,0.5883333333333334,0.5965
203.501195891,2014,0.7239376150925648,14,1,0.5883333333333334,0.592
203.563385696,2014,7.196452508574241,14,1,0.5883333333333334,0.592
203.601195891,2015,-0.8155663754890679,14,1,0.5883333333333334,0.592
203.663385696,2015,-14.063194625626643,14,1,0.5883333333333334,0.592
203.701195891,2016,-15.441504657834969,14,1,0.5883333333333334,0.592
203.763385696,2016,3.185432624321203,14,1,0.5883333333333334,0.592
203.801195891,2017,4.443157631926425,14,1,0.5883333333333334,0.592
203.863385696,2017,0.7941007464459149,14,1,0.5883333333333334,0.592
203.901195891,2018,-1.1296376730381068,14,1,0.5883333333333334,0.592
203.963385696,2018,3.3761013323329596,14,1,0.5883333333333334,0.592
204.001195891,2019,0.674125563087773,14,1,0.5883333333333334,0.592
204.063385696,2019,-2.9674798444470065,14,1,0.5883333333333334,0.592
204.101195891,2020,3.8236727380361115,14,1,0.5883333333333334,0.592
204.163385696,2020,-2.8756211770647995,14,1,0.5883333333333334,0.592
204.201195891,2021,-20.538354530783085,14,1,0.5883333333333334,0.592
204.263385696,2021,4.805845879164795,14,1,0.5883333333333334,0.592
204.301195891,2022,-0.03221553503189802,14,1,0.5883333333333334,0.592
204.363385696,2022,-5.5997667833910745,14,1,0.5883333333333334,0.592
204.401195891,2023,-1.543841735673496,14,1,0.5883333333333334,0.592
204.463385696,2023,-0.926725758119644,14,1,0.5883333333333334,0.592
204.501195891,2024,-2.439996456090436,14,1,0.5883333333333334,0.591
204.563385696,2024,-1.1407436988164799,14,1,0.5883333333333334,0.591
204.601195891,2025,-1.0813715778186581,14,1,0.5883333333333334,0.591
204.663385696,2025,2.5833448631530764,14,1,0.5883333333333334,0.591
204.701195891,2026,5.080779369335774,14,1,0.5883333333333334,0.591
204.763385696,2026,-6.982456549638437,14,1,0.5883333333333334,0.591
204.801195891,2027,-16.301153320497157,14,1,0.5883333333333334,0.591
204.863385696,2027,-4.827162830283674,14,1,0.5883333333333334,0.591
204.901195891,2028,6.775459683717041,14,1,0.5883333333333334,0.591
204.963385696,2028,-14.504372081502769,14,1,0.5883333333333334,0.591
205.001195891,2029,-6.601484893216043,14,1,0.5883333333333334,0.591
205.063385696,2029,-7.00950299133558,14,1,0.5883333333333334,0.591
205.101195891,2030,-4.030859685514223,14,1,0.5883333333333334,0.591
205.163385696,2030,-12.07153497152146,14,1,0.5883333333333334,0.591
205.201195891,2031,2.0551784039668726,14,1,0.5883333333333334,0.591
205.263385696,2031,-1.9476574903619603,14,1,0.5883333333333334,0.591
205.301195891,2032,4.168001713955995,14,1,0.5883333333333334,0.591
205.363385696,2032,1.3095975918236504,14,1,0.5883333333333334,0.591
205.401195891,2033,-11.09676202406896,14,1,0.5883333333333334,0.591
205.463385696,2033,-6.63690602594973,14,1,0.5883333333333334,0.591
205.501195891,2034,6.313093612584874,14,1,0.5883333333333334,0.5934999999999999
205.563385696,2034,1.3779299427191622,14,1,0.5883333333333334,0.5934999999999999
205.601195891,2035,-3.5071520895114476,14,1,0.5883333333333334,0.5934999999999999
205.663385696,2035,0.9469884713989373,14,1,0.5883333333333334,0.5934999999999999
205.701195891,2036,-1.3925639697527794,14,1,0.5883333333333334,0.5934999999999999
205.763385696,2036,0.49960333883323277,14,1,0.5883333333333334,0.5934999999999999
205.801195891,2037,-9.257492891842034,14,1,0.5883333333333334,0.5934999999999999
205.863385696,2037,-5.57852983511948,14,1,0.5883333333333334,0.5934999999999999
205.901195891,2038,6.27261620834834,14,1,0.5883333333333334,0.5934999999999999
205.963385696,2038,1.6676830954269648,14,1,0.5883333333333334,0.5934999999999999
206.001195891,2039,3.274251914600349,14,1,0.5883333333333334,0.5934999999999999
206.063385696,2039,-4.622222490490605,14,1,0.5883333333333334,0.5934999999999999
206.101195891,2040,0.8759140678297518,14,1,0.5883333333333334,0.5934999999999999
206.163385696,2040,-0.12490045979562575,14,1,0.5883333333333334,0.5934999999999999
206.201195891,2041,-1.645715205269803,14,1,0.5883333333333334,0.5934999999999999
206.263385696,2041,0.20090906131637026,14,1,0.5883333333333334,0.5934999999999999
206.301195891,2042,-8.305285073766711,14,1,0.5883333333333334,0.5934999999999999
206.363385696,2042,4.352455541291572,14,1,0.5883333333333334,0.5934999999999999
206.401195891,2043,-0.14632736412053357,14,1,0.5883333333333334,0.5934999999999999
206.463385696,2043,-1.8286066727843844,14,1,0.5883333333333334,0.5934999999999999
206.501195891,2044,5.986626071677424,14,1,0.5883333333333334,0.5965
206.563385696,2044,2.3695961114685278,14,1,0.5883333333333334,0.5965
206.601195891,2045,2.9587841166849254,14,1,0.5883333333333334,0.5965
206.663385696,2045,-2.827197774783865,14,1,0.5883333333333334,0.5965
206.701195891,2046,3.2112052759243492,14,1,0.5883333333333334,0.5965
206.763385696,2046,-2.3688610438318585,14,1,0.5883333333333334,0.5965
206.801195891,2047,0.7582150083956894,14,1,0.5883333333333334,0.5965
206.863385696,2047,-4.336255337776645,14,1,0.5883333333333334,0.5965
206.901195891,2048,-6.504432702137435,14,1,0.5883333333333334,0.5965
206.963385696,2048,-15.97002946600532,14,1,0.5883333333333334,0.5965
207.001195891,2049,0.0661244870619042,14,1,0.5883333333333334,0.5965
207.063385696,2049,-0.4646763980331212,14,1,0.5883333333333334,0.5965
207.101195891,2050,1.6806103374404955,14,1,0.5883333333333334,0.5965
207.163385696,2050,-26.846735319246914,14,1,0.5883333333333334,0.5965
207.201195891,2051,-3.663529020146595,14,1,0.5883333333333334,0.5965
207.263385696,2051,4.006971743549872,14,1,0.5883333333333334,0.5965
207.301195891,2052,2.357875487967137,14,1,0.5883333333333334,0.5965
207.363385696,2052,-1.7710947648564108,14,1,0.5883333333333334,0.5965
207.401195891,2053,-0.37009085913092044,14,1,0.5883333333333334,0.5965
207.463385696,2053,3.531453700331928,14,1,0.5883333333333334,0.5965
207.501195891,2054,4.80874282947146,14,1,0.5883333333333334,0.595
207.563385696,2054,-3.82218581364721,14,1,0.5883333333333334,0.595
207.601195891,2055,-12.376388159976115,14,1,0.5883333333333334,0.595
207.663385696,2055,-3.4134996478968764,14,1,0.5883333333333334,0.595
207.701195891,2056,3.9572075936154816,14,1,0.5883333333333334,0.595
207.763385696,2056,-8.672854257203522,14,1,0.5883333333333334,0.595
207.801195891,2057,0.027943986024478465,14,1,0.5883333333333334,0.595
207.863385696,2057,3.1806022281265185,14,1,0.5883333333333334,0.595
207.901195891,2058,-5.036573255256095,14,1,0.5883333333333334,0.595
207.963385696,2058,0.6641590292884936,14,1,0.5883333333333334,0.595
208.001195891,2059,-4.106651425443893,14,1,0.5883333333333334,0.595
208.063385696,2059,-8.657333236760783,14,1,0.5883333333333334,0.595
208.101195891,2060,1.6126409879347123,14,1,0.5883333333333334,0.595
208.163385696,2060,-1.2441335073744464,14,1,0.5883333333333334,0.595
208.201195891,2061,-9.229884244054755,14,1,0.5883333333333334,0.595
208.263385696,2061,-9.392194912139427,14,1,0.5883333333333334,0.595
208.301195891,2062,3.464706905307561,14,1,0.5883333333333334,0.595
208.363385696,2062,-6.303387631761327,14,1,0.5883333333333334,0.595
208.401195891,2063,2.7883925793503153,14,1,0.5883333333333334,0.595
208.463385696,2063,-6.645758401146521,14,1,0.5883333333333334,0.595
208.501195891,2064,-2.8579613962288697,14,1,0.5883333333333334,0.5974999999999999
208.563385696,2064,9.82359350413492,14,1,0.5883333333333334,0.5974999999999999
208.601195891,2065,-8.74724790329486,14,1,0.5883333333333334,0.5974999999999999
208.663385696,2065,-5.389160724240156,14,1,0.5883333333333334,0.5974999999999999
208.701195891,2066,-11.682917185260074,14,1,0.5883333333333334,0.5974999999999999
208.763385696,2066,-10.213705571808942,14,1,0.5883333333333334,0.5974999999999999
208.801195891,2067,-3.125365055402132,14,1,0.5883333333333334,0.5974999999999999
208.863385696,2067,2.5484586983392994,14,1,0.5883333333333334,0.5974999999999999
208.901195891,2068,-4.041103630598237,14,1,0.5883333333333334,0.5974999999999999
208.963385696,2068,-0.7147741578033756,14,1,0.5883333333333334,0.5974999999999999
209.001195891,2069,-6.764680218704403,14,1,0.5883333333333334,0.5974999999999999
209.063385696,2069,-2.5540420803919437,14,1,0.5883333333333334,0.5974999999999999
209.101195891,2070,1.2658752119807104,14,1,0.5883333333333334,0.5974999999999999
209.163385696,2070,1.5229066842408947,14,1,0.5883333333333334,0.5974999999999999
209.201195891,2071,-1.2889053947454685,14,1,0.5883333333333334,0.5974999999999999
209.263385696,2071,5.283764954768993,14,1,0.5883333333333334,0.5974999999999999
209.301195891,2072,4.678405201113231,14,1,0.5883333333333334,0.5974999999999999
209.363385696,2072,-26.93097344250271,14,1,0.5883333333333334,0.5974999999999999
209.401195891,2073,-1.1549689059395076,14,1,0.5883333333333334,0.5974999999999999
209.463385696,2073,5.604856776524559,14,1,0.5883333333333334,0.5974999999999999
209.501195891,2074,-6.22077994727917,14,1,0.5883333333333334,0.599
209.563385696,2074,-6.408274893784025,14,1,0.5883333333333334,0.599
209.601195891,2075,-22.30702254879725,14,1,0.5883333333333334,0.599
209.663385696,2075,1.2310059908542064,14,1,0.5883333333333334,0.599
209.701195891,2076,-2.5590200538676293,14,1,0.5883333333333334,0.599
209.763385696,2076,-7.524630003519281,14,1,0.5883333333333334,0.599
209.801195891,2077,-10.605794723346381,14,1,0.5883333333333334,0.599
209.863385696,2077,-4.799922431493336,14,1,0.5883333333333334,0.599
209.901195891,2078,3.85093056198344,14,1,0.5883333333333334,0.599
209.963385696,2078,-10.176212927257948,14,1,0.5883333333333334,0.599
210.001195891,2079,4.654183841631298,14,1,0.5883333333333334,0.599
210.063385696,2079,5.160101611424838,14,1,0.5883333333333334,0.599
210.101195891,2080,1.7799806047520192,14,1,0.5883333333333334,0.599
210.163385696,2080,1.825065898965586,14,1,0.5883333333333334,0.599
210.201195891,2081,-9.58621842310835,14,1,0.5883333333333334,0.599
210.263385696,2081,4.860954691081826,14,1,0.5883333333333334,0.599
210.301195891,2082,-9.433261429528239,14,1,0.5883333333333334,0.599
210.363385696,2082,-5.810025669165421,14,1,0.5883333333333334,0.599
210.401195891,2083,0.3546352304535304,14,1,0.5883333333333334,0.599
210.463385696,2083,2.1963928143197515,14,1,0.5883333333333334,0.599
210.501195891,2084,3.3899206994390796,14,1,0.5883333333333334,0.5965
210.563385696,2084,-4.786530596745883,14,1,0.5883333333333334,0.5965
210.601195891,2085,-1.8065306804725734,14,1,0.5883333333333334,0.5965
210.663385696,2085,-8.431252694093468,14,1,0.5883333333333334,0.5965
210.701195891,2086,-7.162487858681579,14,1,0.5883333333333334,0.5965
210.763385696,2086,5.6021964679023935,14,1,0.5883333333333334,0.5965
210.801195891,2087,3.5225686230134112,14,1,0.5883333333333334,0.5965
210.863385696,2087,-1.0334437897416968,14,1,0.5883333333333334,0.5965
210.901195891,2088,8.354069127872936,14,1,0.5883333333333334,0.5965
210.963385696,2088,-9.760010267171168,14,1,0.5883333333333334,0.5965
211.001195891,2089,-7.224487068926495,14,1,0.5883333333333334,0.5965
211.063385696,2089,-12.215683211752202,14,1,0.5883333333333334,0.5965
211.101195891,2090,-3.173344588714187,14,1,0.5883333333333334,0.5965
211.163385696,2090,3.111615677217798,14,1,0.5883333333333334,0.5965
211.201195891,2091,0.889686779519765,14,1,0.5883333333333334,0.5965
211.263385696,2091,-1.428021396488886,14,1,0.5883333333333334,0.5965
211.301195891,2092,-2.2023026949910447,14,1,0.5883333333333334,0.5965
211.363385696,2092,-9.174812393574456,14,1,0.5883333333333334,0.5965
211.401195891,2093,3.9805801378567662,14,1,0.5883333333333334,0.5965
211.463385696,2093,-15.287107374124911,14,1,0.5883333333333334,0.5965
211.501195891,2094,-2.6793668245096027,14,1,0.5883333333333334,0.5965
211.563385696,2094,5.19685665267118,14,1,0.5883333333333334,0.5965
211.601195891,2095,-3.046406709302733,14,1,0.5883333333333334,0.5965
211.663385696,2095,-19.36521080641612,14,1,0.5883333333333334,0.5965
211.701195891,2096,2.360624472854606,14,1,0.5883333333333334,0.5965
211.763385696,2096,2.1523128217792458,14,1,0.5883333333333334,0.5965
211.801195891,2097,-0.1752930139016061,14,1,0.5883333333333334,0.5965
211.863385696,2097,-0.5578447270250695,14,1,0.5883333333333334,0.5965
211.901195891,2098,-12.171143493097063,14,1,0.5883333333333334,0.5965
211.963385696,2098,-2.8518627847370874,14,1,0.5883333333333334,0.5965
212.001195891,2099,4.156397628098608,14,1,0.5883333333333334,0.5965
212.063385696,2099,-0.9733198978469335,14,1,0.5883333333333334,0.5965
212.101195891,2100,-4.082147356830712,14,1,0.5883333333333334,0.5965
212.163385696,2100,-3.089777084077729,14,1,0.5883333333333334,0.5965
212.201195891,2101,2.9209936591395507,14,1,0.5883333333333334,0.5965
212.263385696,2101,2.2145688043413294,14,1,0.5883333333333334,0.5965
212.301195891,2102,-4.332668620563005,14,1,0.5883333333333334,0.5965
212.363385696,2102,-17.511750867207375,14,1,0.5883333333333334,0.5965
212.401195891,2103,-3.0332707450749536,14,1,0.5883333333333334,0.5965
212.463385696,2103,1.7776311302698655,14,1,0.5883333333333334,0.5965
212.501195891,2104,6.887243798066065,14,1,0.5883333333333334,0.5934999999999999
212.563385696,2104,-6.705784870638803,14,1,0.5883333333333334,0.5934999999999999
212.601195891,2105,-10.399648993865698,14,1,0.5883333333333334,0.5934999999999999
212.663385696,2105,-7.2533071698612686,14,1,0.5883333333333334,0.5934999999999999
212.701195891,2106,-2.3281707290747624,14,1,0.5883333333333334,0.5934999999999999
212.763385696,2106,0.8956901874955413,14,1,0.5883333333333334,0.5934999999999999
212.801195891,2107,-1.9022378405708227,14,1,0.5883333333333334,0.5934999999999999
212.863385696,2107,3.1838639770961845,14,1,0.5883333333333334,0.5934999999999999
212.901195891,2108,-3.838913561337968,14,1,0.5883333333333334,0.5934999999999999
212.963385696,2108,2.179820358327444,14,1,0.5883333333333334,0.5934999999999999
213.001195891,2109,-0.725154187208168,14,1,0.5883333333333334,0.5934999999999999
213.063385696,2109,3.063768490354384,14,1,0.5883333333333334,0.5934999999999999
213.101195891,2110,2.7285234091229773,14,1,0.5883333333333334,0.5934999999999999
213.163385696,2110,1.9477685926076096,14,1,0.5883333333333334,0.5934999999999999
213.201195891,2111,2.757385280279792,14,1,0.5883333333333334,0.5934999999999999
213.263385696,2111,-9.026243666615333,14,1,0.5883333333333334,0.5934999999999999
213.301195891,2112,1.5902801812237626,14,1,0.5883333333333334,0.5934999999999999
213.363385696,2112,-0.9224562771551615,14,1,0.5883333333333334,0.5934999999999999
213.401195891,2113,0.34378312098542085,14,1,0.5883333333333334,0.5934999999999999
213.463385696,2113,-17.528521339073688,14,1,0.5883333333333334,0.5934999999999999
213.501195891,2114,-6.307386862832345,14,1,0.5883333333333334,0.5904999999999999
213.563385696,2114,2.7893548378405386,14,1,0.5883333333333334,0.5904999999999999
213.601195891,2115,-5.90100434126993,14,1,0.5883333333333334,0.5904999999999999
213.663385696,2115,-9.547373403657847,14,1,0.5883333333333334,0.5904999999999999
213.701195891,2116,3.263218635634325,14,1,0.5883333333333334,0.5904999999999999
213.763385696,2116,1.9189521700777141,14,1,0.5883333333333334,0.5904999999999999
213.801195891,2117,-3.180283399077433,14,1,0.5883333333333334,0.5904999999999999
213.863385696,2117,-5.336242155883061,14,1,0.5883333333333334,0.5904999999999999
213.901195891,2118,-6.558569390056899,14,1,0.5883333333333334,0.5904999999999999
213.963385696,2118,1.4850764995218422,14,1,0.5883333333333334,0.5904999999999999
214.001195891,2119,-5.579934184277268,14,1,0.5883333333333334,0.5904999999999999
214.063385696,2119,-7.454589748509476,14,1,0.5883333333333334,0.5904999999999999
214.101195891,2120,-1.2969441250491491,14,1,0.5883333333333334,0.5904999999999999
214.163385696,2120,2.784639432669886,14,1,0.5883333333333334,0.5904999999999999
214.201195891,2121,1.1736787449133999,14,1,0.5883333333333334,0.5904999999999999
214.263385696,2121,0.8657874774483778,14,1,0.5883333333333334,0.5904999999999999
214.301195891,2122,0.24400268912318238,14,1,0.5883333333333334,0.5904999999999999
214.363385696,2122,-3.3552377700304907,14,1,0.5883333333333334,0.5904999999999999
214.401195891,2123,-1.4080243633943863,14,1,0.5883333333333334,0.5904999999999999
214.463385696,2123,2.794673473772273,14,1,0.5883333333333334,0.5904999999999999
214.501195891,2124,4.069946228972813,14,1,0.5883333333333334,0.594
214.563385696,2124,0.24348542568575324,14,1,0.5883333333333334,0.594
214.601195891,2125,-2.9999900900905936,14,1,0.5883333333333334,0.594
214.663385696,2125,-1.3632109992581216,14,1,0.5883333333333334,0.594
214.701195891,2126,3.7908614316449816,14,1,0.5883333333333334,0.594
214.763385696,2126,-5.384347265027333,14,1,0.5883333333333334,0.594
214.801195891,2127,-2.406370596470432,14,1,0.5883333333333334,0.594
214.863385696,2127,-3.2122694842511375,14,1,0.5883333333333334,0.594
214.901195891,2128,4.668797183319395,14,1,0.5883333333333334,0.594
214.963385696,2128,-2.8455547452004892,14,1,0.5883333333333334,0.594
215.001195891,2129,5.3281346767573,14,1,0.5883333333333334,0.594
215.063385696,2129,2.4190945425213592,14,1,0.5883333333333334,0.594
215.101195891,2130,-11.942396505374957,14,1,0.5883333333333334,0.594
215.163385696,2130,-6.130315679511909,14,1,0.5883333333333334,0.594
215.201195891,2131,-0.670238006118991,14,1,0.5883333333333334,0.594
215.263385696,2131,0.09742820338236592,14,1,0.5883333333333334,0.594
215.301195891,2132,1.533963369087186,14,1,0.5883333333333334,0.594
215.363385696,2132,-4.558632599325295,14,1,0.5883333333333334,0.594
215.401195891,2133,-5.377383460415304,14,1,0.5883333333333334,0.594
215.463385696,2133,8.989595456796005,14,1,0.5883333333333334,0.594
215.501195891,2134,3.811292327456281,14,1,0.5883333333333334,0.592
215.563385696,2134,-3.480288443527495,14,1,0.5883333333333334,0.592
215.601195891,2135,-4.008204906423808,14,1,0.5883333333333334,0.592
215.663385696,2135,1.276958475685097,14,1,0.5883333333333334,0.592
215.701195891,2136,-6.6660872033066,14,1,0.5883333333333334,0.592
215.763385696,2136,4.561377999988833,14,1,0.5883333333333334,0.592
215.801195891,2137,2.7474672363413855,14,1,0.5883333333333334,0.592
215.863385696,2137,6.79776675310859,14,1,0.5883333333333334,0.592
215.901195891,2138,-1.9918500375743338,14,1,0.5883333333333334,0.592
215.963385696,2138,-6.198853955864266,14,1,0.5883333333333334,0.592
216.001195891,2139,-4.22259994035013,14,1,0.5883333333333334,0.592
216.063385696,2139,4.119993056492317,14,1,0.5883333333333334,0.592
216.101195891,2140,1.334837926247742,14,1,0.5883333333333334,0.592
216.163385696,2140,0.49727515689721175,14,1,0.5883333333333334,0.592
216.201195891,2141,-3.088042770695163,14,1,0.5883333333333334,0.592
216.263385696,2141,3.4028948820305276,14,1,0.5883333333333334,0.592
216.301195891,2142,-0.09998368409549685,14,1,0.5883333333333334,0.592
216.363385696,2142,5.816539657254859,14,1,0.5883333333333334,0.592
216.401195891,2143,-1.82191729107549,14,1,0.5883333333333334,0.592
216.463385696,2143,2.2075145016437725,14,1,0.5883333333333334,0.592
216.501195891,2144,-3.1378295668220852,14,1,0.5883333333333334,0.591
216.563385696,2144,-5.203744229312479,14,1,0.5883333333333334,0.591
216.601195891,2145,-3.3017256889397375,14,1,0.5883333333333334,0.591
216.663385696,2145,-0.4038257629167441,14,1,0.5883333333333334,0.591
216.701195891,2146,1.477985333962113,14,1,0.5883333333333334,0.591
216.763385696,2146,-4.849525864315003,14,1,0.5883333333333334,0.591
216.801195891,2147,-11.617733623037845,14,1,0.5883333333333334,0.591
216.863385696,2147,1.479854910454288,14,1,0.5883333333333334,0.591
216.901195891,2148,-14.35621915123465,14,1,0.5883333333333334,0.591
216.963385696,2148,7.260317921831534,14,1,0.5883333333333334,0.591
217.001195891,2149,5.985384540729667,14,1,0.5883333333333334,0.591
217.063385696,2149,-6.119555862812942,14,1,0.5883333333333334,0.591
217.101195891,2150,9.355747776722461,14,1,0.5883333333333334,0.591
217.163385696,2150,-11.367039553132194,14,1,0.5883333333333334,0.591
217.201195891,2151,-1.7460598643393344,14,1,0.5883333333333334,0.591
217.263385696,2151,7.192092507288699,14,1,0.5883333333333334,0.591
217.301195891,2152,5.362115703455536,14,1,0.5883333333333334,0.591
217.363385696,2152,-1.308022493929235,14,1,0.5883333333333334,0.591
217.401195891,2153,4.4489986830792025,14,1,0.5883333333333334,0.591
217.463385696,2153,-3.33809979183573,14,1,0.5883333333333334,0.591
217.501195891,2154,-0.4618495543284296,14,1,0.5883333333333334,0.591
217.563385696,2154,-5.610193382732236,14,1,0.5883333333333334,0.591
217.601195891,2155,-2.278236881346017,14,1,0.5883333333333334,0.591
217.663385696,2155,6.467872737482652,14,1,0.5883333333333334,0.591
217.701195891,2156,-4.5581760783272856,14,1,0.5883333333333334,0.591
217.763385696,2156,-17.303082317653033,14,1,0.5883333333333334,0.591
217.801195891,2157,2.453714444643527,14,1,0.5883333333333334,0.591
217.863385696,2157,9.508549078456067,14,1,0.5883333333333334,0.591
217.901195891,2158,-3.246357164731749,14,1,0.5883333333333334,0.591
217.963385696,2158,-12.972046926749009,14,1,0.5883333333333334,0.591
218.001195891,2159,0.41948490116225473,14,1,0.5883333333333334,0.591
218.063385696,2159,0.7226521906635002,14,1,0.5883333333333334,0.591
218.101195891,2160,-0.08366837123269338,14,1,0.5883333333333334,0.591
218.163385696,2160,-3.523862374534419,14,1,0.5883333333333334,0.591
218.201195891,2161,1.707275552334335,14,1,0.5883333333333334,0.591
218.263385696,2161,0.56113821020044,14,1,0.5883333333333334,0.591
218.301195891,2162,3.0434999543680514,14,1,0.5883333333333334,0.591
218.363385696,2162,-6.837772536827684,14,1,0.5883333333333334,0.591
218.401195891,2163,-3.718484906619893,14,1,0.5883333333333334,0.591
218.463385696,2163,-6.477527362723093,14,1,0.5883333333333334,0.591
218.501195891,2164,-2.5597012478225354,14,1,0.5883333333333334,0.5895
218.563385696,2164,-8.732445903307758,14,1,0.5883333333333334,0.5895
218.601195891,2165,-3.572134845153771,14,1,0.5883333333333334,0.5895
218.663385696,2165,-0.4171900063997781,14,1,0.5883333333333334,0.5895
218.701195891,2166,3.0603773114296313,14,1,0.5883333333333334,0.5895
218.763385696,2166,-14.766224335724093,14,1,0.5883333333333334,0.5895
218.801195891,2167,-6.115860390589901,14,1,0.5883333333333334,0.5895
218.863385696,2167,-16.63524906390139,14,1,0.5883333333333334,0.5895
218.901195891,2168,-0.47719201203612704,14,1,0.5883333333333334,0.5895
218.963385696,2168,4.391258206066805,14,1,0.5883333333333334,0.5895
219.001195891,2169,-10.033102877228606,14,1,0.5883333333333334,0.5895
219.063385696,2169,-0.2730212452873179,14,1,0.5883333333333334,0.5895
219.101195891,2170,-3.6898737391049625,14,1,0.5883333333333334,0.5895
219.163385696,2170,-4.084430293809007,14,1,0.5883333333333334,0.5895
219.201195891,2171,-11.394658673798016,14,1,0.5883333333333334,0.5895
219.263385696,2171,-3.2444882375228925,14,1,0.5883333333333334,0.5895
219.301195891,2172,-8.631227974018202,14,1,0.5883333333333334,0.5895
219.363385696,2172,4.663411321467363,14,1,0.5883333333333334,0.5895
219.401195891,2173,1.242064793989776,14,1,0.5883333333333334,0.5895
219.463385696,2173,-11.831284276303634,14,1,0.5883333333333334,0.5895
219.501195891,2174,-9.85935694388816,14,1,0.5883333333333334,0.588
219.563385696,2174,4.490205076877207,14,1,0.5883333333333334,0.588
219.601195891,2175,-6.42665830758375,14,1,0.5883333333333334,0.588
219.663385696,2175,4.539209495684154,14,1,0.5883333333333334,0.588
219.701195891,2176,-2.8248191924605006,14,1,0.5883333333333334,0.588
219.763385696,2176,3.4853521747251297,14,1,0.5883333333333334,0.588
219.801195891,2177,-4.496841547334624,14,1,0.5883333333333334,0.588
219.863385696,2177,-12.387882962373961,14,1,0.5883333333333334,0.588
219.901195891,2178,6.156446134824163,14,1,0.5883333333333334,0.588
219.963385696,2178,-7.214031030651057,14,1,0.5883333333333334,0.588
220.001195891,2179,-0.827046787066632,14,1,0.5883333333333334,0.588
220.063385696,2179,2.3431371768699893,14,1,0.5883333333333334,0.588
220.101195891,2180,-3.8139166849517583,14,1,0.5883333333333334,0.588
220.163385696,2180,-0.6987632712458016,14,1,0.5883333333333334,0.588
220.201195891,2181,-5.4476726262842945,14,1,0.5883333333333334,0.588
220.263385696,2181,1.7261843263423973,14,1,0.5883333333333334,0.588
220.301195891,2182,2.37221173095787,14,1,0.5883333333333334,0.588
220.363385696,2182,-4.0780088765652565,14,1,0.5883333333333334,0.588
220.401195891,2183,-22.858576455167054,14,1,0.5883333333333334,0.588
220.463385696,2183,3.0399289727581396,14,1,0.5883333333333334,0.588
220.501195891,2184,-5.519681386396612,14,1,0.5883333333333334,0.5860000000000001
220.563385696,2184,-4.318204155749512,14,1,0.5883333333333334,0.5860000000000001
220.601195891,2185,-7.578571752442515,14,1,0.5883333333333334,0.5860000000000001
220.663385696,2185,2.633876746950458,14,1,0.5883333333333334,0.5860000000000001
220.701195891,2186,-2.244739965555724,14,1,0.5883333333333334,0.5860000000000001
220.763385696,2186,2.136652156846031,14,1,0.5883333333333334,0.5860000000000001
220.801195891,2187,-0.16336130941454685,14,1,0.5883333333333334,0.5860000000000001
220.863385696,2187,7.855157696053661,14,1,0.5883333333333334,0.5860000000000001
220.901195891,2188,0.7649500498014976,14,1,0.5883333333333334,0.5860000000000001
220.963385696,2188,-5.448652324736382,14,1,0.5883333333333334,0.5860000000000001
221.001195891,2189,4.176409143922105,14,1,0.5883333333333334,0.5860000000000001
221.063385696,2189,-3.8449274424039004,14,1,0.5883333333333334,0.5860000000000001
221.101195891,2190,5.941545867502772,14,1,0.5883333333333334,0.5860000000000001
221.163385696,2190,3.096818196877562,14,1,0.5883333333333334,0.5860000000000001
221.201195891,2191,-6.995665567414658,14,1,0.5883333333333334,0.5860000000000001
221.263385696,2191,1.6939341611972358,14,1,0.5883333333333334,0.5860000000000001
221.301195891,2192,-3.025433156935229,14,1,0.5883333333333334,0.5860000000000001
221.363385696,2192,2.0517153340040744,14,1,0.5883333333333334,0.5860000000000001
221.401195891,2193,1.4881550065497149,14,1,0.5883333333333334,0.5860000000000001
221.463385696,2193,1.8595637034042616,14,1,0.5883333333333334,0.5860000000000001
221.501195891,2194,7.69635690907315,14,1,0.5883333333333334,0.5845
221.563385696,2194,0.9402858446302441,14,1,0.5883333333333334,0.5845
221.601195891,2195,-6.392318333465572,14,1,0.5883333333333334,0.5845
221.663385696,2195,-9.744513000258419,14,1,0.5883333333333334,0.5845
221.701195891,2196,3.8771989980929664,14,1,0.5883333333333334,0.5845
221.763385696,2196,7.040801342056794,14,1,0.5883333333333334,0.5845
221.801195891,2197,1.497816254781579,14,1,0.5883333333333334,0.5845
221.863385696,2197,-36.403724511296566,14,1,0.5883333333333334,0.5845
221.901195891,2198,-6.2296247075513325,14,1,0.5883333333333334,0.5845
221.963385696,2198,0.9545496791375363,14,1,0.5883333333333334,0.5845
222.001195891,2199,-9.787780136843587,14,1,0.5883333333333334,0.5845
222.063385696,2199,-6.039866535439401,14,1,0.5883333333333334,0.5845
222.101195891,2200,-3.0647074494891022,14,1,0.5883333333333334,0.5845
222.163385696,2200,0.6082171789622249,14,1,0.5883333333333334,0.5845
222.201195891,2201,-21.612409408099044,14,1,0.5883333333333334,0.5845
222.263385696,2201,-8.732312319713971,14,1,0.5883333333333334,0.5845
222.301195891,2202,0.9690044921447445,14,1,0.5883333333333334,0.5845
222.363385696,2202,0.8536061447021943,14,1,0.5883333333333334,0.5845
222.401195891,2203,0.5522886687117244,14,1,0.5883333333333334,0.5845
222.463385696,2203,-0.3982880370150879,14,1,0.5883333333333334,0.5845
222.501195891,2204,-5.656230498342293,14,1,0.5883333333333334,0.5900000000000001
222.563385696,2204,-4.896107166686476,14,1,0.5883333333333334,0.5900000000000001
222.601195891,2205,5.9292669855193125,14,1,0.5883333333333334,0.5900000000000001
222.663385696,2205,-0.9803776277168964,14,1,0.5883333333333334,0.5900000000000001
222.701195891,2206,-4.0050513556895995,14,1,0.5883333333333334,0.5900000000000001
222.763385696,2206,-10.354558019186207,14,1,0.5883333333333334,0.5900000000000001
222.801195891,2207,-0.276143982812699,14,1,0.5883333333333334,0.5900000000000001
222.863385696,2207,0.4395313879170676,14,1,0.5883333333333334,0.5900000000000001
222.901195891,2208,-2.2930029964761482,14,1,0.5883333333333334,0.5900000000000001
222.963385696,2208,-8.962084752957251,14,1,0.5883333333333334,0.5900000000000001
223.001195891,2209,3.0502679856472663,14,1,0.5883333333333334,0.5900000000000001
223.063385696,2209,4.800930369073395,14,1,0.5883333333333334,0.5900000000000001
223.101195891,2210,5.239142629355507,14,1,0.5883333333333334,0.5900000000000001
223.163385696,2210,-6.600171190869684,14,1,0.5883333333333334,0.5900000000000001
223.201195891,2211,2.376570513887543,14,1,0.5883333333333334,0.5900000000000001
223.263385696,2211,-1.2926736402205175,14,1,0.5883333333333334,0.5900000000000001
223.301195891,2212,-3.0797262034774158,14,1,0.5883333333333334,0.5900000000000001
223.363385696,2212,-2.400791412940298,14,1,0.5883333333333334,0.5900000000000001
223.401195891,2213,4.410797434760006,14,1,0.5883333333333334,0.5900000000000001
223.463385696,2213,-7.845041826957614,14,1,0.5883333333333334,0.5900000000000001
223.501195891,2214,-0.008051248600105256,14,1,0.5883333333333334,0.5945
223.563385696,2214,-3.842156920247498,14,1,0.5883333333333334,0.5945
223.601195891,2215,-0.9966739151389746,14,1,0.5883333333333334,0.5945
223.663385696,2215,4.076042075343743,14,1,0.5883333333333334,0.5945
223.701195891,2216,1.6868742816330562,14,1,0.5883333333333334,0.5945
223.763385696,2216,-0.4723600316389386,14,1,0.5883333333333334,0.5945
223.801195891,2217,-11.635650432308232,14,1,0.5883333333333334,0.5945
223.863385696,2217,2.0391394915407988,14,1,0.5883333333333334,0.5945
223.901195891,2218,-8.06158442912558,14,1,0.5883333333333334,0.5945
223.963385696,2218,-1.8180954520643677,14,1,0.5883333333333334,0.5945
224.001195891,2219,0.5521504554939167,14,1,0.5883333333333334,0.5945
224.063385696,2219,-1.572880891582914,14,1,0.5883333333333334,0.5945
224.101195891,2220,0.3927964207182299,14,1,0.5883333333333334,0.5945
224.163385696,2220,0.5921840104622073,14,1,0.5883333333333334,0.5945
224.201195891,2221,-4.330524085286811,14,1,0.5883333333333334,0.5945
224.263385696,2221,-1.3995316611918016,14,1,0.5883333333333334,0.5945
224.301195891,2222,3.3773211487411925,14,1,0.5883333333333334,0.5945
224.363385696,2222,3.169866162246215,14,1,0.5883333333333334,0.5945
224.401195891,2223,4.475095621994473,14,1,0.5883333333333334,0.5945
224.463385696,2223,-2.315049402955485,14,1,0.5883333333333334,0.5945
224.501195891,2224,-1.0837672065955226,14,1,0.5883333333333334,0.587
224.563385696,2224,-0.49471946636704905,14,1,0.5883333333333334,0.587
224.601195891,2225,4.92929896532961,14,1,0.5883333333333334,0.587
224.663385696,2225,-10.065561070061557,14,1,0.5883333333333334,0.587
224.701195891,2226,1.2499151144498737,14,1,0.5883333333333334,0.587
224.763385696,2226,-0.03704582366411159,14,1,0.5883333333333334,0.587
224.801195891,2227,2.2477504156198087,14,1,0.5883333333333334,0.587
224.863385696,2227,2.1815699423131156,14,1,0.5883333333333334,0.587
224.901195891,2228,-7.653320717020019,14,1,0.5883333333333334,0.587
224.963385696,2228,4.33678734192944,14,1,0.5883333333333334,0.587
225.001195891,2229,-4.511279952129591,14,1,0.5883333333333334,0.587
225.063385696,2229,-26.672347682225933,14,1,0.5883333333333334,0.587
225.101195891,2230,-7.504812734441268,14,1,0.5883333333333334,0.587
225.163385696,2230,5.468087169673589,14,1,0.5883333333333334,0.587
225.201195891,2231,0.5121342220016902,14,1,0.5883333333333334,0.587
225.263385696,2231,1.1704532569766442,14,1,0.5883333333333334,0.587
225.301195891,2232,4.099400908346512,14,1,0.5883333333333334,0.587
225.363385696,2232,-6.034211026128137,14,1,0.5883333333333334,0.587
225.401195891,2233,-6.7056795235707725,14,1,0.5883333333333334,0.587
225.463385696,2233,-4.472258378294683,14,1,0.5883333333333334,0.587
225.501195891,2234,-11.903827517645027,14,1,0.5883333333333334,0.585
225.563385696,2234,-0.8027592673283879,14,1,0.5883333333333334,0.585
225.601195891,2235,5.571180305330742,14,1,0.5883333333333334,0.585
225.663385696,2235,1.1576155798198327,14,1,0.5883333333333334,0.585
225.701195891,2236,-3.812080707344307,14,1,0.5883333333333334,0.585
225.763385696,2236,0.6570592232101525,14,1,0.5883333333333334,0.585
225.801195891,2237,-2.2986680726085305,14,1,0.5883333333333334,0.585
225.863385696,2237,-1.124552202977855,14,1,0.5883333333333334,0.585
225.901195891,2238,4.0904112582009615,14,1,0.5883333333333334,0.585
225.963385696,2238,-33.797517592891396,14,1,0.5883333333333334,0.585
226.001195891,2239,-7.430628612637506,14,1,0.5883333333333334,0.585
226.063385696,2239,5.059741694714711,14,1,0.5883333333333334,0.585
226.101195891,2240,0.7506952052934157,14,1,0.5883333333333334,0.585
226.163385696,2240,1.771711585317609,14,1,0.5883333333333334,0.585
226.201195891,2241,-3.9805838364345805,14,1,0.5883333333333334,0.585
226.263385696,2241,-0.5753501110180572,14,1,0.5883333333333334,0.585
226.301195891,2242,-9.988759493772493,14,1,0.5883333333333334,0.585
226.363385696,2242,-0.7971827101080432,14,1,0.5883333333333334,0.585
226.401195891,2243,2.3301758720848893,14,1,0.5883333333333334,0.585
226.463385696,2243,-3.2471486693490768,14,1,0.5883333333333334,0.585
226.501195891,2244,4.126498318529912,14,1,0.5883333333333334,0.5845
226.563385696,2244,-0.6911208585399266,14,1,0.5883333333333334,0.5845
226.601195891,2245,-2.789238602625805,14,1,0.5883333333333334,0.5845
226.663385696,2245,0.12134571406993416,14,1,0.5883333333333334,0.5845
226.701195891,2246,-2.121748486919606,14,1,0.5883333333333334,0.5845
226.763385696,2246,1.996650572821711,14,1,0.5883333333333334,0.5845
226.801195891,2247,-4.178986831936084,14,1,0.5883333333333334,0.5845
226.863385696,2247,-11.582627262425316,14,1,0.5883333333333334,0.5845
226.901195891,2248,-2.617654841419315,14,1,0.5883333333333334,0.5845
226.963385696,2248,-9.248174823221408,14,1,0.5883333333333334,0.5845
227.001195891,2249,-14.704430516945122,14,1,0.5883333333333334,0.5845
227.063385696,2249,-0.1540285959625667,14,1,0.5883333333333334,0.5845
227.101195891,2250,-1.891087875800774,14,1,0.5883333333333334,0.5845
227.163385696,2250,4.09584948240749,14,1,0.5883333333333334,0.5845
227.201195891,2251,0.9818535709532595,14,1,0.5883333333333334,0.5845
227.263385696,2251,-18.388716589863005,14,1,0.5883333333333334,0.5845
227.301195891,2252,2.0926541964370973,14,1,0.5883333333333334,0.5845
227.363385696,2252,-12.125682578462985,14,1,0.5883333333333334,0.5845
227.401195891,2253,-8.61749787221979,14,1,0.5883333333333334,0.5845
227.463385696,2253,-3.6268044104283943,14,1,0.5883333333333334,0.5845
227.501195891,2254,0.5202785637442342,14,1,0.5883333333333334,0.5864999999999999
227.563385696,2254,-6.237426073474987,14,1,0.5883333333333334,0.5864999999999999
227.601195891,2255,6.253962361585616,14,1,0.5883333333333334,0.5864999999999999
227.663385696,2255,-5.986617669104869,14,1,0.5883333333333334,0.5864999999999999
227.701195891,2256,-7.253140671452945,14,1,0.5883333333333334,0.5864999999999999
227.763385696,2256,-5.47276169492511,14,1,0.5883333333333334,0.5864999999999999
227.801195891,2257,-3.7237386319886663,14,1,0.5883333333333334,0.5864999999999999
227.863385696,2257,4.679430200954049,14,1,0.5883333333333334,0.5864999999999999
227.901195891,2258,-12.157230059405151,14,1,0.5883333333333334,0.5864999999999999
227.963385696,2258,4.041582344701237,14,1,0.5883333333333334,0.5864999999999999
228.001195891,2259,-4.667435539598777,14,1,0.5883333333333334,0.5864999999999999
228.063385696,2259,0.6775129367947458,14,1,0.5883333333333334,0.5864999999999999
228.101195891,2260,-11.731399702127586,14,1,0.5883333333333334,0.5864999999999999
228.163385696,2260,-7.9495487133834875,14,1,0.5883333333333334,0.5864999999999999
228.201195891,2261,-1.0751464169635065,14,1,0.5883333333333334,0.5864999999999999
228.263385696,2261,5.0127979417205335,14,1,0.5883333333333334,0.5864999999999999
228.301195891,2262,-0.006924778491437908,14,1,0.5883333333333334,0.5864999999999999
228.363385696,2262,-6.367587652139153,14,1,0.5883333333333334,0.5864999999999999
228.401195891,2263,2.8788854318251076,14,1,0.5883333333333334,0.5864999999999999
228.463385696,2263,-3.07482476849405,14,1,0.5883333333333334,0.5864999999999999
228.501195891,2264,2.086892048984054,14,1,0.5883333333333334,0.587
228.563385696,2264,-9.956343350374905,14,1,0.5883333333333334,0.587
228.601195891,2265,-16.63712139643822,14,1,0.5883333333333334,0.587
228.663385696,2265,-5.174751913624263,14,1,0.5883333333333334,0.587
228.701195891,2266,-7.931991823244106,14,1,0.5883333333333334,0.587
228.763385696,2266,-2.4486507004970637,14,1,0.5883333333333334,0.587
228.801195891,2267,-2.157367443680554,14,1,0.5883333333333334,0.587
228.863385696,2267,1.18427585033329,14,1,0.5883333333333334,0.587
228.901195891,2268,-4.504246000149894,14,1,0.5883333333333334,0.587
228.963385696,2268,-3.09481686833923,14,1,0.5883333333333334,0.587
229.001195891,2269,-8.385584287393899,14,1,0.5883333333333334,0.587
229.063385696,2269,6.12334525140168,14,1,0.5883333333333334,0.587
229.101195891,2270,-1.1598878786397757,14,1,0.5883333333333334,0.587
229.163385696,2270,4.712534571876507,14,1,0.5883333333333334,0.587
229.201195891,2271,-4.540246518292969,14,1,0.5883333333333334,0.587
229.263385696,2271,4.582715642820209,14,1,0.5883333333333334,0.587
229.301195891,2272,1.2127961761507824,14,1,0.5883333333333334,0.587
229.363385696,2272,-24.498264423876567,14,1,0.5883333333333334,0.587
229.401195891,2273,-2.773309803175313,14,1,0.5883333333333334,0.587
229.463385696,2273,-1.0465228976135386,14,1,0.5883333333333334,0.587
229.501195891,2274,-1.9657712482459768,14,1,0.5883333333333334,0.5855
229.563385696,2274,4.993903438312682,14,1,0.5883333333333334,0.5855
229.601195891,2275,1.4598266457494287,14,1,0.5883333333333334,0.5855
229.663385696,2275,-14.545514563093656,14,1,0.5883333333333334,0.5855
229.701195891,2276,-1.9270660898786294,14,1,0.5883333333333334,0.5855
229.763385696,2276,3.627867140799011,14,1,0.5883333333333334,0.5855
229.801195891,2277,-3.9881465585378244,14,1,0.5883333333333334,0.5855
229.863385696,2277,-3.5409103823972026,14,1,0.5883333333333334,0.5855
229.901195891,2278,-4.9424080451346235,14,1,0.5883333333333334,0.5855
229.963385696,2278,1.790215606033194,14,1,0.5883333333333334,0.5855
230.001195891,2279,-7.28121914562545,14,1,0.5883333333333334,0.5855
230.063385696,2279,-9.752701576258296,14,1,0.5883333333333334,0.5855
230.101195891,2280,0.8300817023128471,14,1,0.5883333333333334,0.5855
230.163385696,2280,-0.7169929003837696,14,1,0.5883333333333334,0.5855
230.201195891,2281,-5.250746175323063,14,1,0.5883333333333334,0.5855
230.263385696,2281,-21.268284591379228,14,1,0.5883333333333334,0.5855
230.301195891,2282,-5.867370246862871,14,1,0.5883333333333334,0.5855
230.363385696,2282,5.853024067177246,14,1,0.5883333333333334,0.5855
230.401195891,2283,-1.9062160648037914,14,1,0.5883333333333334,0.5855
230.463385696,2283,3.480404107787231,14,1,0.5883333333333334,0.5855
230.501195891,2284,-2.340922791988624,14,1,0.5883333333333334,0.588
230.563385696,2284,1.1915341642016883,14,1,0.5883333333333334,0.588
230.601195891,2285,-1.0486996236409623,14,1,0.5883333333333334,0.588
230.663385696,2285,-14.2002212521748,14,1,0.5883333333333334,0.588
230.701195891,2286,6.452411309632526,14,1,0.5883333333333334,0.588
230.763385696,2286,-3.2175629671961907,14,1,0.5883333333333334,0.588
230.801195891,2287,-9.391633118623632,14,1,0.5883333333333334,0.588
230.863385696,2287,4.89282348224849,14,1,0.5883333333333334,0.588
230.901195891,2288,-1.0331148292154952,14,1,0.5883333333333334,0.588
230.963385696,2288,-13.514134848145174,14,1,0.5883333333333334,0.588
231.001195891,2289,5.100341253934547,14,1,0.5883333333333334,0.588
231.063385696,2289,2.0135584877101795,14,1,0.5883333333333334,0.588
231.101195891,2290,-1.7221037377211164,14,1,0.5883333333333334,0.588
231.163385696,2290,-21.572341291464756,14,1,0.5883333333333334,0.588
231.201195891,2291,3.736849922230514,14,1,0.5883333333333334,0.588
231.263385696,2291,1.8550965204457517,14,1,0.5883333333333334,0.588
231.301195891,2292,-5.589877085181097,14,1,0.5883333333333334,0.588
231.363385696,2292,-11.470325281062816,14,1,0.5883333333333334,0.588
231.401195891,2293,-5.656784808798593,14,1,0.5883333333333334,0.588
231.463385696,2293,-4.501627457993125,14,1,0.5883333333333334,0.588
231.501195891,2294,1.9000203300623166,14,1,0.5883333333333334,0.583
231.563385696,2294,-3.9885743913658884,14,1,0.5883333333333334,0.583
231.601195891,2295,-0.022556420564806976,14,1,0.5883333333333334,0.583
231.663385696,2295,6.288745930292316,14,1,0.5883333333333334,0.583
231.701195891,2296,4.308055684660642,14,1,0.5883333333333334,0.583
231.763385696,2296,-5.304966688420901,14,1,0.5883333333333334,0.583
231.801195891,2297,-5.243517788022125,14,1,0.5883333333333334,0.583
231.863385696,2297,-5.157978983845021,14,1,0.5883333333333334,0.583
231.901195891,2298,-9.525075439016181,14,1,0.5883333333333334,0.583
231.963385696,2298,3.817267936948469,14,1,0.5883333333333334,0.583
232.001195891,2299,1.55404381986548,14,1,0.5883333333333334,0.583
232.063385696,2299,-2.4705808009708865,14,1,0.5883333333333334,0.583
232.101195891,2300,-10.283579519157007,14,1,0.5883333333333334,0.583
232.163385696,2300,-6.418219133263674,14,1,0.5883333333333334,0.583
232.201195891,2301,-12.503075022529881,14,1,0.5883333333333334,0.583
232.263385696,2301,-4.315260695064472,14,1,0.5883333333333334,0.583
232.301195891,2302,-4.426564194647532,14,1,0.5883333333333334,0.583
232.363385696,2302,1.8368080126479602,14,1,0.5883333333333334,0.583
232.401195891,2303,-0.8901793647810741,14,1,0.5883333333333334,0.583
232.463385696,2303,-1.831655471127103,14,1,0.5883333333333334,0.583
232.501195891,2304,2.653743226324444,14,1,0.5883333333333334,0.582
232.563385696,2304,-2.556561561164451,14,1,0.5883333333333334,0.582
232.601195891,2305,-5.181713463535646,14,1,0.5883333333333334,0.582
232.663385696,2305,-11.546061265351646,14,1,0.5883333333333334,0.582
232.701195891,2306,1.7002706490274344,14,1,0.5883333333333334,0.582
232.763385696,2306,-11.649688526795934,14,1,0.5883333333333334,0.582
232.801195891,2307,-8.510552551081306,14,1,0.5883333333333334,0.582
232.863385696,2307,6.227819923368799,14,1,0.5883333333333334,0.582
232.901195891,2308,0.7526274659508734,14,1,0.5883333333333334,0.582
232.963385696,2308,1.3104479850391584,14,1,0.5883333333333334,0.582
233.001195891,2309,0.04674639664167619,14,1,0.5883333333333334,0.582
233.063385696,2309,-1.4584275829056539,14,1,0.5883333333333334,0.582
233.101195891,2310,2.443063512496729,14,1,0.5883333333333334,0.582
233.163385696,2310,-3.3652686919315276,14,1,0.5883333333333334,0.582
233.201195891,2311,3.1288695534389754,14,1,0.5883333333333334,0.582
233.263385696,2311,-13.587462422348256,14,1,0.5883333333333334,0.582
233.301195891,2312,0.9277439081161409,14,1,0.5883333333333334,0.582
233.363385696,2312,-2.1950630994004046,14,1,0.5883333333333334,0.582
233.401195891,2313,2.5980042399561882,14,1,0.5883333333333334,0.582
233.463385696,2313,0.3513169449411442,14,1,0.5883333333333334,0.582
233.501195891,2314,0.0039053562330180333,14,1,0.5883333333333334,0.5805
233.563385696,2314,-2.7912512015423045,14,1,0.5883333333333334,0.5805
233.601195891,2315,-14.708215842536408,14,1,0.5883333333333334,0.5805
233.663385696,2315,-2.6897050240822113,14,1,0.5883333333333334,0.5805
233.701195891,2316,-1.2662243050661823,14,1,0.5883333333333334,0.5805
233.763385696,2316,-2.3299310690656587,14,1,0.5883333333333334,0.5805
233.801195891,2317,1.3890696006964967,14,1,0.5883333333333334,0.5805
233.863385696,2317,3.419106015939448,14,1,0.5883333333333334,0.5805
233.901195891,2318,-2.279400907362246,14,1,0.5883333333333334,0.5805
233.963385696,2318,-16.33358698192128,14,1,0.5883333333333334,0.5805
234.001195891,2319,6.659527882693384,14,1,0.5883333333333334,0.5805
234.063385696,2319,2.43082698473508,14,1,0.5883333333333334,0.5805
234.101195891,2320,9.792082175827298,14,1,0.5883333333333334,0.5805
234.163385696,2320,-19.154999956440594,14,1,0.5883333333333334,0.5805
234.201195891,2321,0.8470927967301956,14,1,0.5883333333333334,0.5805
234.263385696,2321,-1.0035839978462144,14,1,0.5883333333333334,0.5805
234.301195891,2322,4.512743295223044,14,1,0.5883333333333334,0.5805
234.363385696,2322,-0.37615977851686255,14,1,0.5883333333333334,0.5805
234.401195891,2323,-0.7398065885966247,14,1,0.5883333333333334,0.5805
234.463385696,2323,2.4955681905050255,14,1,0.5883333333333334,0.5805
234.501195891,2324,-11.134727879655223,14,1,0.5883333333333334,0.5860000000000001
234.563385696,2324,-6.603907659078913,14,1,0.5883333333333334,0.5860000000000001
234.601195891,2325,-2.311187856131901,14,1,0.5883333333333334,0.5860000000000001
234.663385696,2325,-27.320262010802807,14,1,0.5883333333333334,0.5860000000000001
234.701195891,2326,-5.819089477329605,14,1,0.5883333333333334,0.5860000000000001
234.763385696,2326,8.44950344442161,14,1,0.5883333333333334,0.5860000000000001
234.801195891,2327,-14.883630891894594,14,1,0.5883333333333334,0.5860000000000001
234.863385696,2327,-4.32563333446503,14,1,0.5883333333333334,0.5860000000000001
234.901195891,2328,2.968989865542307,14,1,0.5883333333333334,0.5860000000000001
234.963385696,2328,0.9961626489298252,14,1,0.5883333333333334,0.5860000000000001
235.001195891,2329,-1.2454113004681313,14,1,0.5883333333333334,0.5860000000000001
235.063385696,2329,-3.541477809561131,14,1,0.5883333333333334,0.5860000000000001
235.101195891,2330,3.442184602602051,14,1,0.5883333333333334,0.5860000000000001
235.163385696,2330,-2.639560391767577,14,1,0.5883333333333334,0.5860000000000001
235.201195891,2331,-0.5465963313221079,14,1,0.5883333333333334,0.5860000000000001
235.263385696,2331,1.106392337593838,14,1,0.5883333333333334,0.5860000000000001
235.301195891,2332,7.68672790541303,14,1,0.5883333333333334,0.5860000000000001
235.363385696,2332,4.573994064110745,14,1,0.5883333333333334,0.5860000000000001
235.401195891,2333,6.181967026979923,14,1,0.5883333333333334,0.5860000000000001
235.463385696,2333,3.8469518228149893,14,1,0.5883333333333334,0.5860000000000001
235.501195891,2334,-0.7906766026348682,14,1,0.5883333333333334,0.5874999999999999
235.563385696,2334,-0.7234239202089353,14,1,0.5883333333333334,0.5874999999999999
235.601195891,2335,-0.1342053236171391,14,1,0.5883333333333334,0.5874999999999999
235.663385696,2335,8.336714417988157,14,1,0.5883333333333334,0.5874999999999999
235.701195891,2336,6.103057537363723,14,1,0.5883333333333334,0.5874999999999999
235.763385696,2336,2.313956050818485,14,1,0.5883333333333334,0.5874999999999999
235.801195891,2337,5.288236119855756,14,1,0.5883333333333334,0.5874999999999999
235.863385696,2337,-0.14193165361685242,14,1,0.5883333333333334,0.5874999999999999
235.901195891,2338,1.1249021352138766,14,1,0.5883333333333334,0.5874999999999999
235.963385696,2338,-13.273089833552625,14,1,0.5883333333333334,0.5874999999999999
236.001195891,2339,-15.998541264735092,14,1,0.5883333333333334,0.5874999999999999
236.063385696,2339,-0.5014650628063533,14,1,0.5883333333333334,0.5874999999999999
236.101195891,2340,4.2161254638231105,14,1,0.5883333333333334,0.5874999999999999
236.163385696,2340,-2.912551059789688,14,1,0.5883333333333334,0.5874999999999999
236.201195891,2341,7.715221156948811,14,1,0.5883333333333334,0.5874999999999999
236.263385696,2341,1.130076619835812,14,1,0.5883333333333334,0.5874999999999999
236.301195891,2342,-4.707255640551983,14,1,0.5883333333333334,0.5874999999999999
236.363385696,2342,-7.613762989364014,14,1,0.5883333333333334,0.5874999999999999
236.401195891,2343,3.5483310368057945,14,1,0.5883333333333334,0.5874999999999999
236.463385696,2343,4.599345353287829,14,1,0.5883333333333334,0.5874999999999999
236.501195891,2344,9.811450835640187,14,1,0.5883333333333334,0.587
236.563385696,2344,-5.781114393622106,14,1,0.5883333333333334,0.587
236.601195891,2345,-6.583969140549829,14,1,0.5883333333333334,0.587
236.663385696,2345,-0.1721507258269697,14,1,0.5883333333333334,0.587
236.701195891,2346,-5.782774933075466,14,1,0.5883333333333334,0.587
236.763385696,2346,3.7895611259201067,14,1,0.5883333333333334,0.587
236.801195891,2347,-6.346389471783303,14,1,0.5883333333333334,0.587
236.863385696,2347,-0.8449238612489779,14,1,0.5883333333333334,0.587
236.901195891,2348,-10.418380012296137,14,1,0.5883333333333334,0.587
236.963385696,2348,0.8434229371869986,14,1,0.5883333333333334,0.587
237.001195891,2349,-3.4191747077191854,14,1,0.5883333333333334,0.587
237.063385696,2349,-12.88980300209974,14,1,0.5883333333333334,0.587
237.101195891,2350,2.757452107549513,14,1,0.5883333333333334,0.587
237.163385696,2350,1.2569700064921672,14,1,0.5883333333333334,0.587
237.201195891,2351,-3.542427064071421,14,1,0.5883333333333334,0.587
237.263385696,2351,-16.512405149587547,14,1,0.5883333333333334,0.587
237.301195891,2352,6.948324980196525,14,1,0.5883333333333334,0.587
237.363385696,2352,5.649372750841852,14,1,0.5883333333333334,0.587
237.401195891,2353,-3.1102263883511334,14,1,0.5883333333333334,0.587
237.463385696,2353,-10.478760368976944,14,1,0.5883333333333334,0.587
237.501195891,2354,-9.226407874069594,14,1,0.5883333333333334,0.589
237.563385696,2354,4.620395518506513,14,1,0.5883333333333334,0.589
237.601195891,2355,5.682994478736942,14,1,0.5883333333333334,0.589
237.663385696,2355,-0.7853864313256316,14,1,0.5883333333333334,0.589
237.701195891,2356,-7.941161224564214,14,1,0.5883333333333334,0.589
237.763385696,2356,6.6662469602466965,14,1,0.5883333333333334,0.589
237.801195891,2357,-6.079108223666419,14,1,0.5883333333333334,0.589
237.863385696,2357,-2.485714702085148,14,1,0.5883333333333334,0.589
237.901195891,2358,-2.897860904260223,14,1,0.5883333333333334,0.589
237.963385696,2358,1.230477607619727,14,1,0.5883333333333334,0.589
238.001195891,2359,-9.550381190252434,14,1,0.5883333333333334,0.589
238.063385696,2359,-4.505100416491908,14,1,0.5883333333333334,0.589
238.101195891,2360,2.463699212794424,14,1,0.5883333333333334,0.589
238.163385696,2360,0.5111926752659491,14,1,0.5883333333333334,0.589
238.201195891,2361,3.8522445131383716,14,1,0.5883333333333334,0.589
238.263385696,2361,-2.8932937109862893,14,1,0.5883333333333334,0.589
238.301195891,2362,-6.234557100217444,14,1,0.5883333333333334,0.589
238.363385696,2362,-0.6684314455772906,14,1,0.5883333333333334,0.589
238.401195891,2363,-2.318225687079259,14,1,0.5883333333333334,0.589
238.463385696,2363,-5.1852170999512595,14,1,0.5883333333333334,0.589
238.501195891,2364,-0.6165694231679906,14,1,0.5883333333333334,0.5890000000000001
238.563385696,2364,-0.49294395771775246,14,1,0.5883333333333334,0.5890000000000001
238.601195891,2365,-4.077250506283801,14,1,0.5883333333333334,0.5890000000000001
238.663385696,2365,3.460050326303011,14,1,0.5883333333333334,0.5890000000000001
238.701195891,2366,-12.309966796901444,14,1,0.5883333333333334,0.5890000000000001
238.763385696,2366,5.247647305358646,14,1,0.5883333333333334,0.5890000000000001
238.801195891,2367,0.013214265103044066,14,1,0.5883333333333334,0.5890000000000001
238.863385696,2367,2.7923562583092894,14,1,0.5883333333333334,0.5890000000000001
238.901195891,2368,-1.7935759434083298,14,1,0.5883333333333334,0.5890000000000001
238.963385696,2368,-1.6039123732601566,14,1,0.5883333333333334,0.5890000000000001
239.001195891,2369,-9.818674704105936,14,1,0.5883333333333334,0.5890000000000001
239.063385696,2369,1.3293620452323012,14,1,0.5883333333333334,0.5890000000000001
239.101195891,2370,-0.27078275781031386,14,1,0.5883333333333334,0.5890000000000001
239.163385696,2370,-7.975607253178599,14,1,0.5883333333333334,0.5890000000000001
239.201195891,2371,3.2076527267722343,14,1,0.5883333333333334,0.5890000000000001
239.263385696,2371,6.933778125481519,14,1,0.5883333333333334,0.5890000000000001
239.301195891,2372,-1.9667530174977839,14,1,0.5883333333333334,0.5890000000000001
239.363385696,2372,-1.3169773088104204,14,1,0.5883333333333334,0.5890000000000001
239.401195891,2373,2.2631227566743375,14,1,0.5883333333333334,0.5890000000000001
239.463385696,2373,0.46735293328067506,14,1,0.5883333333333334,0.5890000000000001
239.501195891,2374,-19.70733803850087,14,1,0.5883333333333334,0.5890000000000001
239.563385696,2374,-7.160345542218156,14,1,0.5883333333333334,0.5890000000000001
239.601195891,2375,-7.570505812831816,14,1,0.5883333333333334,0.5890000000000001
239.663385696,2375,-10.587485418220608,14,1,0.5883333333333334,0.5890000000000001
239.701195891,2376,-0.8577226418869855,14,1,0.5883333333333334,0.5890000000000001
239.763385696,2376,-0.0318514416352916,14,1,0.5883333333333334,0.5890000000000001
239.801195891,2377,-2.012828791419064,14,1,0.5883333333333334,0.5890000000000001
239.863385696,2377,-1.6905791454301418,14,1,0.5883333333333334,0.5890000000000001
239.901195891,2378,-8.939175680079424,14,1,0.5883333333333334,0.5890000000000001
239.963385696,2378,0.2776307550007589,14,1,0.5883333333333334,0.5890000000000001
240.001195891,2379,-5.589440743969486,14,1,0.5883333333333334,0.5890000000000001
240.063385696,2379,-4.589555532729115,14,1,0.5883333333333334,0.5890000000000001
240.101195891,2380,-5.193598465049735,14,1,0.5883333333333334,0.5890000000000001
240.163385696,2380,-3.8336969411190798,14,1,0.5883333333333334,0.5890000000000001
240.201195891,2381,1.3821739724032687,14,1,0.5883333333333334,0.5890000000000001
240.263385696,2381,-7.725848536891325,14,1,0.5883333333333334,0.5890000000000001
240.301195891,2382,2.6445746134701533,14,1,0.5883333333333334,0.5890000000000001
240.363385696,2382,6.775912921828031,14,1,0.5883333333333334,0.5890000000000001
240.401195891,2383,-7.283228916329898,14,1,0.5883333333333334,0.5890000000000001
240.463385696,2383,-3.5533974063796165,14,1,0.5883333333333334,0.5890000000000001
240.501195891,2384,5.547455520620151,14,1,0.5883333333333334,0.589
240.563385696,2384,1.256160141593273,14,1,0.5883333333333334,0.589
240.601195891,2385,2.952556371462655,14,1,0.5883333333333334,0.589
240.663385696,2385,-4.435660728751575,14,1,0.5883333333333334,0.589
240.701195891,2386,-4.2647375564490115,14,1,0.5883333333333334,0.589
240.763385696,2386,-5.134652999298943,14,1,0.5883333333333334,0.589
240.801195891,2387,-9.953445687869369,14,1,0.5883333333333334,0.589
240.863385696,2387,0.19571339825980927,14,1,0.5883333333333334,0.589
240.901195891,2388,4.038553816349831,14,1,0.5883333333333334,0.589
240.963385696,2388,-2.5018974461151866,14,1,0.5883333333333334,0.589
241.001195891,2389,3.5777235954800983,14,1,0.5883333333333334,0.589
241.063385696,2389,3.412283867432533,14,1,0.5883333333333334,0.589
241.101195891,2390,-5.299987969644695,14,1,0.5883333333333334,0.589
241.163385696,2390,-12.734603173172367,14,1,0.5883333333333334,0.589
241.201195891,2391,-0.10756048968054537,14,1,0.5883333333333334,0.589
241.263385696,2391,-3.7189066995457765,14,1,0.5883333333333334,0.589
241.301195891,2392,-8.037838807793188,14,1,0.5883333333333334,0.589
241.363385696,2392,-4.304394094753226,14,1,0.5883333333333334,0.589
241.401195891,2393,1.789698411284872,14,1,0.5883333333333334,0.589
241.463385696,2393,2.1289010780773197,14,1,0.5883333333333334,0.589
241.501195891,2394,1.966044082966599,14,1,0.5883333333333334,0.595
241.563385696,2394,-14.784045704769675,14,1,0.5883333333333334,0.595
241.601195891,2395,-0.5251176329257004,14,1,0.5883333333333334,0.595
241.663385696,2395,-1.6992190667162839,14,1,0.5883333333333334,0.595
241.701195891,2396,6.572817293925709,14,1,0.5883333333333334,0.595
241.763385696,2396,2.703783319303551,14,1,0.5883333333333334,0.595
241.801195891,2397,6.32020131341533,14,1,0.5883333333333334,0.595
241.863385696,2397,5.250920774681528,14,1,0.5883333333333334,0.595
241.901195891,2398,-4.444602726200647,14,1,0.5883333333333334,0.595
241.963385696,2398,0.6413439510810982,14,1,0.5883333333333334,0.595
242.001195891,2399,2.1267550885261612,14,1,0.5883333333333334,0.595
242.063385696,2399,-1.5553251717542191,14,1,0.5883333333333334,0.595
242.101195891,2400,6.78210658136938,14,1,0.5883333333333334,0.595
242.163385696,2400,-2.088579466745321,14,1,0.5883333333333334,0.595
242.201195891,2401,0.2730089099043935,14,1,0.5883333333333334,0.595
242.263385696,2401,7.9383162419992495,14,1,0.5883333333333334,0.595
242.301195891,2402,-2.6674322643936983,14,1,0.5883333333333334,0.595
242.363385696,2402,-8.093577972487072,14,1,0.5883333333333334,0.595
242.401195891,2403,-26.412049603538925,14,1,0.5883333333333334,0.595
242.463385696,2403,-2.3814239643378237,14,1,0.5883333333333334,0.595
242.501195891,2404,2.486490832357532,14,1,0.5883333333333334,0.5965
242.563385696,2404,1.9590002702750335,14,1,0.5883333333333334,0.5965
242.601195891,2405,4.605006153093262,14,1,0.5883333333333334,0.5965
242.663385696,2405,4.7418265440052165,14,1,0.5883333333333334,0.5965
242.701195891,2406,-1.2659432410300864,14,1,0.5883333333333334,0.5965
242.763385696,2406,-9.360804099988384,14,1,0.5883333333333334,0.5965
242.801195891,2407,-1.4914163855883174,14,1,0.5883333333333334,0.5965
242.863385696,2407,2.4938090114540388,14,1,0.5883333333333334,0.5965
242.901195891,2408,-5.892070143500268,14,1,0.5883333333333334,0.5965
242.963385696,2408,-2.2879982759872513,14,1,0.5883333333333334,0.5965
243.001195891,2409,-2.58435376091048,14,1,0.5883333333333334,0.5965
243.063385696,2409,1.166005440239557,14,1,0.5883333333333334,0.5965
243.101195891,2410,1.1861191288842694,14,1,0.5883333333333334,0.5965
243.163385696,2410,5.6369158195887605,14,1,0.5883333333333334,0.5965
243.201195891,2411,-6.829321212285681,14,1,0.5883333333333334,0.5965
243.263385696,2411,-4.878079047987786,14,1,0.5883333333333334,0.5965
243.301195891,2412,0.8107107611669544,14,1,0.5883333333333334,0.5965
243.363385696,2412,2.0542488848830005,14,1,0.5883333333333334,0.5965
243.401195891,2413,3.180572496704624,14,1,0.5883333333333334,0.5965
243.463385696,2413,-20.977339400635678,14,1,0.5883333333333334,0.5965
243.501195891,2414,1.306807987246347,14,1,0.5883333333333334,0.601
243.563385696,2414,4.663262799351026,14,1,0.5883333333333334,0.601
243.601195891,2415,3.3375630039044912,14,1,0.5883333333333334,0.601
243.663385696,2415,-14.394932748513163,14,1,0.5883333333333334,0.601
243.701195891,2416,-10.596848569485921,14,1,0.5883333333333334,0.601
243.763385696,2416,-5.073277636078931,14,1,0.5883333333333334,0.601
243.801195891,2417,0.8311864021796558,14,1,0.5883333333333334,0.601
243.863385696,2417,6.2556810001149,14,1,0.5883333333333334,0.601
243.901195891,2418,-1.5074089304870406,14,1,0.5883333333333334,0.601
243.963385696,2418,6.1508600990926094,14,1,0.5883333333333334,0.601
244.001195891,2419,-5.63676903413211,14,1,0.5883333333333334,0.601
244.063385696,2419,4.163012423990688,14,1,0.5883333333333334,0.601
244.101195891,2420,-9.735613916800473,14,1,0.5883333333333334,0.601
244.163385696,2420,-2.5670302785217847,14,1,0.5883333333333334,0.601
244.201195891,2421,-1.9170428628896103,14,1,0.5883333333333334,0.601
244.263385696,2421,8.926176739999864,14,1,0.5883333333333334,0.601
244.301195891,2422,2.8277458567422142,14,1,0.5883333333333334,0.601
244.363385696,2422,-10.244907405284508,14,1,0.5883333333333334,0.601
244.401195891,2423,-8.01546976337757,14,1,0.5883333333333334,0.601
244.463385696,2423,5.286715906753045,14,1,0.5883333333333334,0.601
244.501195891,2424,-14.199739422020958,14,1,0.5883333333333334,0.5954999999999999
244.563385696,2424,2.1819279975080494,14,1,0.5883333333333334,0.5954999999999999
244.601195891,2425,-1.0073468865111828,14,1,0.5883333333333334,0.5954999999999999
244.663385696,2425,7.251377526682435,14,1,0.5883333333333334,0.5954999999999999
244.701195891,2426,-2.110369244182169,14,1,0.5883333333333334,0.5954999999999999
244.763385696,2426,-13.358040256318699,14,1,0.5883333333333334,0.5954999999999999
244.801195891,2427,0.12399580040608096,14,1,0.5883333333333334,0.5954999999999999
244.863385696,2427,0.3039549719188036,14,1,0.5883333333333334,0.5954999999999999
244.901195891,2428,-24.539350989694405,14,1,0.5883333333333334,0.5954999999999999
244.963385696,2428,1.769047611267283,14,1,0.5883333333333334,0.5954999999999999
245.001195891,2429,-4.711560361071417,14,1,0.5883333333333334,0.5954999999999999
245.063385696,2429,5.710203846850138,14,1,0.5883333333333334,0.5954999999999999
245.101195891,2430,-3.6628758167959456,14,1,0.5883333333333334,0.5954999999999999
245.163385696,2430,0.28602325931694106,14,1,0.5883333333333334,0.5954999999999999
245.201195891,2431,-14.648018188441318,14,1,0.5883333333333334,0.5954999999999999
245.263385696,2431,-18.945310299559694,14,1,0.5883333333333334,0.5954999999999999
245.301195891,2432,-3.404783613443046,14,1,0.5883333333333334,0.5954999999999999
245.363385696,2432,2.3219201329877843,14,1,0.5883333333333334,0.5954999999999999
245.401195891,2433,-14.459940359247089,14,1,0.5883333333333334,0.5954999999999999
245.463385696,2433,-5.384322243947145,14,1,0.5883333333333334,0.5954999999999999
245.501195891,2434,-1.3260830700530306,14,1,0.5883333333333334,0.599
245.563385696,2434,-0.026260194950922952,14,1,0.5883333333333334,0.599
245.601195891,2435,-15.946319775172572,14,1,0.5883333333333334,0.599
245.663385696,2435,-1.6528262589261926,14,1,0.5883333333333334,0.599
245.701195891,2436,-2.30004686214305,14,1,0.5883333333333334,0.599
245.763385696,2436,2.2724509849308556,14,1,0.5883333333333334,0.599
245.801195891,2437,-6.004438075501567,14,1,0.5883333333333334,0.599
245.863385696,2437,-13.426162603157506,14,1,0.5883333333333334,0.599
245.901195891,2438,-3.5573108322799687,14,1,0.5883333333333334,0.599
245.963385696,2438,-5.994729980955402,14,1,0.5883333333333334,0.599
246.001195891,2439,-5.3604310425892905,14,1,0.5883333333333334,0.599
246.063385696,2439,-3.512451928560289,14,1,0.5883333333333334,0.599
246.101195891,2440,-1.2362433017334753,14,1,0.5883333333333334,0.599
246.163385696,2440,-7.028421689923533,14,1,0.5883333333333334,0.599
246.201195891,2441,-14.282677052902756,14,1,0.5883333333333334,0.599
246.263385696,2441,-0.3178260459497323,14,1,0.5883333333333334,0.599
246.301195891,2442,2.7386864859426847,14,1,0.5883333333333334,0.599
246.363385696,2442,-8.358085527100444,14,1,0.5883333333333334,0.599
246.401195891,2443,2.1691894096059903,14,1,0.5883333333333334,0.599
246.463385696,2443,-3.4446714158148057,14,1,0.5883333333333334,0.599
246.501195891,2444,-7.084886224133362,14,1,0.5883333333333334,0.5965
246.563385696,2444,0.10270623477930853,14,1,0.5883333333333334,0.5965
246.601195891,2445,-5.836740646551737,14,1,0.5883333333333334,0.5965
246.663385696,2445,-2.712943213681531,14,1,0.5883333333333334,0.5965
246.701195891,2446,1.486465199075704,14,1,0.5883333333333334,0.5965
246.763385696,2446,-16.453533116639978,14,1,0.5883333333333334,0.5965
246.801195891,2447,-3.4504848973972906,14,1,0.5883333333333334,0.5965
246.863385696,2447,-0.05161963918474322,14,1,0.5883333333333334,0.5965
246.901195891,2448,-0.8781615886320109,14,1,0.5883333333333334,0.5965
246.963385696,2448,-5.120086207332966,14,1,0.5883333333333334,0.5965
247.001195891,2449,-1.7120093260777411,14,1,0.5883333333333334,0.5965
247.063385696,2449,4.833816629478391,14,1,0.5883333333333334,0.5965
247.101195891,2450,1.064722893304178,14,1,0.5883333333333334,0.5965
247.163385696,2450,-0.5281386816463008,14,1,0.5883333333333334,0.5965
247.201195891,2451,-25.646060661923634,14,1,0.5883333333333334,0.5965
247.263385696,2451,3.753633793013912,14,1,0.5883333333333334,0.5965
247.301195891,2452,1.640206312181773,14,1,0.5883333333333334,0.5965
247.363385696,2452,-1.3348163841567455,14,1,0.5883333333333334,0.5965
247.401195891,2453,3.2958151176722827,14,1,0.5883333333333334,0.5965
247.463385696,2453,-4.801157322425038,14,1,0.5883333333333334,0.5965
247.501195891,2454,-4.777235499059064,14,1,0.5883333333333334,0.5925
247.563385696,2454,0.6769644836157224,14,1,0.5883333333333334,0.5925
247.601195891,2455,-4.658458424408674,14,1,0.5883333333333334,0.5925
247.663385696,2455,-4.151837750181388,14,1,0.5883333333333334,0.5925
247.701195891,2456,2.210918276164992,14,1,0.5883333333333334,0.5925
247.763385696,2456,-3.320809164888413,14,1,0.5883333333333334,0.5925
247.801195891,2457,-16.438856963607996,14,1,0.5883333333333334,0.5925
247.863385696,2457,-3.754937435127286,14,1,0.5883333333333334,0.5925
247.901195891,2458,-0.1525430929871079,14,1,0.5883333333333334,0.5925
247.963385696,2458,6.213321270852536,14,1,0.5883333333333334,0.5925
248.001195891,2459,-3.3493365697965523,14,1,0.5883333333333334,0.5925
248.063385696,2459,-1.1314258641646602,14,1,0.5883333333333334,0.5925
248.101195891,2460,-17.455010669078938,14,1,0.5883333333333334,0.5925
248.163385696,2460,3.390770402264658,14,1,0.5883333333333334,0.5925
248.201195891,2461,3.876959809439113,14,1,0.5883333333333334,0.5925
248.263385696,2461,-10.317948420772494,14,1,0.5883333333333334,0.5925
248.301195891,2462,2.299098309936417,14,1,0.5883333333333334,0.5925
248.363385696,2462,5.255170826149005,14,1,0.5883333333333334,0.5925
248.401195891,2463,-40.06877179095327,14,1,0.5883333333333334,0.5925
248.463385696,2463,-9.79544715538349,14,1,0.5883333333333334,0.5925
248.501195891,2464,0.28497068442786727,14,1,0.5883333333333334,0.5915
248.563385696,2464,-0.5782877392732982,14,1,0.5883333333333334,0.5915
248.601195891,2465,2.469949761978682,14,1,0.5883333333333334,0.5915
248.663385696,2465,-12.747557248018683,14,1,0.5883333333333334,0.5915
248.701195891,2466,-4.051832519307469,14,1,0.5883333333333334,0.5915
248.763385696,2466,2.025337384246921,14,1,0.5883333333333334,0.5915
248.801195891,2467,0.5990594547493941,14,1,0.5883333333333334,0.5915
248.863385696,2467,0.5523395000247525,14,1,0.5883333333333334,0.5915
248.901195891,2468,-0.8149720826297302,14,1,0.5883333333333334,0.5915
248.963385696,2468,-2.57538500924891,14,1,0.5883333333333334,0.5915
249.001195891,2469,-6.400894043511894,14,1,0.5883333333333334,0.5915
249.063385696,2469,4.944304664739883,14,1,0.5883333333333334,0.5915
249.101195891,2470,4.7769960894361505,14,1,0.5883333333333334,0.5915
249.163385696,2470,0.14149683034224975,14,1,0.5883333333333334,0.5915
249.201195891,2471,5.520522877729244,14,1,0.5883333333333334,0.5915
249.263385696,2471,3.6408108498636773,14,1,0.5883333333333334,0.5915
249.301195891,2472,-3.6209928436793852,14,1,0.5883333333333334,0.5915
249.363385696,2472,-9.937940126044632,14,1,0.5883333333333334,0.5915
249.401195891,2473,7.113266897797255,14,1,0.5883333333333334,0.5915
249.463385696,2473,4.39893108393987,14,1,0.5883333333333334,0.5915
249.501195891,2474,-7.50002430930447,14,1,0.5883333333333334,0.5885
249.563385696,2474,-7.047723910045969,14,1,0.5883333333333334,0.5885
249.601195891,2475,-7.353528508202968,14,1,0.5883333333333334,0.5885
249.663385696,2475,6.382892975733622,14,1,0.5883333333333334,0.5885
249.701195891,2476,-3.080904608409607,14,1,0.5883333333333334,0.5885
249.763385696,2476,-5.292016666009921,14,1,0.5883333333333334,0.5885
249.801195891,2477,-0.8378838928225827,14,1,0.5883333333333334,0.5885
249.863385696,2477,1.1032397026357856,14,1,0.5883333333333334,0.5885
249.901195891,2478,-4.740042227383896,14,1,0.5883333333333334,0.5885
249.963385696,2478,3.196102408617439,14,1,0.5883333333333334,0.5885
250.001195891,2479,-0.21024873699552418,14,1,0.5883333333333334,0.5885
250.063385696,2479,0.9288403474246478,14,1,0.5883333333333334,0.5885
250.101195891,2480,2.1510259535771463,14,1,0.5883333333333334,0.5885
250.163385696,2480,-8.727502430102431,14,1,0.5883333333333334,0.5885
250.201195891,2481,-3.2695834509522315,14,1,0.5883333333333334,0.5885
250.263385696,2481,-3.591924788295339,14,1,0.5883333333333334,0.5885
250.301195891,2482,0.08961196075601723,14,1,0.5883333333333334,0.5885
250.363385696,2482,2.8014154871082657,14,1,0.5883333333333334,0.5885
250.401195891,2483,-1.0458818772118825,14,1,0.5883333333333334,0.5885
250.463385696,2483,0.9405300811224792,14,1,0.5883333333333334,0.5885
250.501195891,2484,-5.05995927236933,14,1,0.5883333333333334,0.589
250.563385696,2484,2.1007613080419096,14,1,0.5883333333333334,0.589
250.601195891,2485,-8.279799703844363,14,1,0.5883333333333334,0.589
250.663385696,2485,-32.555389220884614,14,1,0.5883333333333334,0.589
250.701195891,2486,-0.23227509577009517,14,1,0.5883333333333334,0.589
250.763385696,2486,4.185572462928403,14,1,0.5883333333333334,0.589
250.801195891,2487,4.138719616960811,14,1,0.5883333333333334,0.589
250.863385696,2487,3.8039923940762286,14,1,0.5883333333333334,0.589
250.901195891,2488,-3.5611957462386092,14,1,0.5883333333333334,0.589
250.963385696,2488,-3.5233176882025385,14,1,0.5883333333333334,0.589
251.001195891,2489,3.0391265157977476,14,1,0.5883333333333334,0.589
251.063385696,2489,-5.648753779650923,14,1,0.5883333333333334,0.589
251.101195891,2490,0.7182856754671463,14,1,0.5883333333333334,0.589
251.163385696,2490,-0.6573793863031131,14,1,0.5883333333333334,0.589
251.201195891,2491,-4.293391825712013,14,1,0.5883333333333334,0.589
251.263385696,2491,1.880592385305395,14,1,0.5883333333333334,0.589
251.301195891,2492,-16.537502270334517,14,1,0.5883333333333334,0.589
251.363385696,2492,3.6778075554396032,14,1,0.5883333333333334,0.589
251.401195891,2493,1.0914251687811443,14,1,0.5883333333333334,0.589
251.463385696,2493,-0.881061755298554,14,1,0.5883333333333334,0.589
251.501195891,2494,-8.179803378606158,14,1,0.5883333333333334,0.588
251.563385696,2494,2.669357123929923,14,1,0.5883333333333334,0.588
251.601195891,2495,-10.750666269102776,14,1,0.5883333333333334,0.588
251.663385696,2495,1.7791890154810006,14,1,0.5883333333333334,0.588
251.701195891,2496,-4.588172616270555,14,1,0.5883333333333334,0.588
251.763385696,2496,6.6900938253578595,14,1,0.5883333333333334,0.588
251.801195891,2497,-26.962008369570604,14,1,0.5883333333333334,0.588
251.863385696,2497,-2.1280840205532976,14,1,0.5883333333333334,0.588
251.901195891,2498,3.2641005520636224,14,1,0.5883333333333334,0.588
251.963385696,2498,7.793779590755792,14,1,0.5883333333333334,0.588
252.001195891,2499,-6.231931411415996,14,1,0.5883333333333334,0.588
252.063385696,2499,-1.5843020847929081,14,1,0.5883333333333334,0.588
252.101195891,2500,-9.930387419625937,14,1,0.5883333333333334,0.588
252.163385696,2500,5.274043897204424,14,1,0.5883333333333334,0.588
252.201195891,2501,-10.364255950874927,14,1,0.5883333333333334,0.588
252.263385696,2501,3.351707720332712,14,1,0.5883333333333334,0.588
252.301195891,2502,-19.19482142198015,14,1,0.5883333333333334,0.588
252.363385696,2502,-7.188626868419305,14,1,0.5883333333333334,0.588
252.401195891,2503,4.102327562503042,14,1,0.5883333333333334,0.588
252.463385696,2503,-4.299420451419863,14,1,0.5883333333333334,0.588
252.501195891,2504,-3.7323065398468662,14,1,0.5883333333333334,0.5860000000000001
252.563385696,2504,-3.0796504643431835,14,1,0.5883333333333334,0.5860000000000001
252.601195891,2505,-10.226066486266216,14,1,0.5883333333333334,0.5860000000000001
252.663385696,2505,2.1247989778203173,14,1,0.5883333333333334,0.5860000000000001
252.701195891,2506,-0.09083102900339854,14,1,0.5883333333333334,0.5860000000000001
252.763385696,2506,-11.020151829020246,14,1,0.5883333333333334,0.5860000000000001
252.801195891,2507,-0.5928127235430952,14,1,0.5883333333333334,0.5860000000000001
252.863385696,2507,9.152654017306258,14,1,0.5883333333333334,0.5860000000000001
252.901195891,2508,-12.155714975292886,14,1,0.5883333333333334,0.5860000000000001
252.963385696,2508,-17.972617259856484,14,1,0.5883333333333334,0.5860000000000001
253.001195891,2509,-13.752413207639798,14,1,0.5883333333333334,0.5860000000000001
253.063385696,2509,1.27016303349598,14,1,0.5883333333333334,0.5860000000000001
253.101195891,2510,-8.020303069362662,14,1,0.5883333333333334,0.5860000000000001
253.163385696,2510,7.189343695210989,14,1,0.5883333333333334,0.5860000000000001
253.201195891,2511,4.284143771905396,14,1,0.5883333333333334,0.5860000000000001
253.263385696,2511,-8.029542184688756,14,1,0.5883333333333334,0.5860000000000001
253.301195891,2512,2.4535233262169935,14,1,0.5883333333333334,0.5860000000000001
253.363385696,2512,-0.8299866675800067,14,1,0.5883333333333334,0.5860000000000001
253.401195891,2513,-13.181356614111884,14,1,0.5883333333333334,0.5860000000000001
253.463385696,2513,-7.348185655538707,14,1,0.5883333333333334,0.5860000000000001
253.501195891,2514,0.5256388637083301,14,1,0.5883333333333334,0.5825
253.563385696,2514,-1.442958285954046,14,1,0.5883333333333334,0.5825
253.601195891,2515,-11.084786305099614,14,1,0.5883333333333334,0.5825
253.663385696,2515,1.0741703675130005,14,1,0.5883333333333334,0.5825
253.701195891,2516,1.2412642869078434,14,1,0.5883333333333334,0.5825
253.763385696,2516,2.4241222360053887,14,1,0.5883333333333334,0.5825
253.801195891,2517,3.7885333920293025,14,1,0.5883333333333334,0.5825
253.863385696,2517,-4.029737168608566,14,1,0.5883333333333334,0.5825
253.901195891,2518,2.059290532659508,14,1,0.5883333333333334,0.5825
253.963385696,2518,4.381893224577404,14,1,0.5883333333333334,0.5825
254.001195891,2519,-1.7088372795255564,14,1,0.5883333333333334,0.5825
254.063385696,2519,2.3941085179471853,14,1,0.5883333333333334,0.5825
254.101195891,2520,2.5376816273955316,14,1,0.5883333333333334,0.5825
254.163385696,2520,5.087823839247459,14,1,0.5883333333333334,0.5825
254.201195891,2521,-24.390508486888976,14,1,0.5883333333333334,0.5825
254.263385696,2521,-6.671821465455176,14,1,0.5883333333333334,0.5825
254.301195891,2522,-4.24936806832064,14,1,0.5883333333333334,0.5825
254.363385696,2522,-1.0052917278890212,14,1,0.5883333333333334,0.5825
254.401195891,2523,-2.8929926413040405,14,1,0.5883333333333334,0.5825
254.463385696,2523,-1.2684451070977443,14,1,0.5883333333333334,0.5825
254.501195891,2524,-8.897748813561932,14,1,0.5883333333333334,0.583
254.563385696,2524,0.6659690184787488,14,1,0.5883333333333334,0.583
254.601195891,2525,-9.057327247990187,14,1,0.5883333333333334,0.583
254.663385696,2525,-4.576748214498353,14,1,0.5883333333333334,0.583
254.701195891,2526,-6.896397134976169,14,1,0.5883333333333334,0.583
254.763385696,2526,-3.7556447015712986,14,1,0.5883333333333334,0.583
254.801195891,2527,-4.840626556833175,14,1,0.5883333333333334,0.583
254.863385696,2527,5.124623503773057,14,1,0.5883333333333334,0.583
254.901195891,2528,2.1796235286383516,14,1,0.5883333333333334,0.583
254.963385696,2528,-1.4618721473970915,14,1,0.5883333333333334,0.583
255.001195891,2529,-5.6204222867123965,14,1,0.5883333333333334,0.583
255.063385696,2529,7.3152876772325826,14,1,0.5883333333333334,0.583
255.101195891,2530,-1.4389006116690453,14,1,0.5883333333333334,0.583
255.163385696,2530,2.1118502230776177,14,1,0.5883333333333334,0.583
255.201195891,2531,-1.6560122582967198,14,1,0.5883333333333334,0.583
255.263385696,2531,2.89288939939754,14,1,0.5883333333333334,0.583
255.301195891,2532,-14.96357600248287,14,1,0.5883333333333334,0.583
255.363385696,2532,-3.4331079528129664,14,1,0.5883333333333334,0.583
255.401195891,2533,-8.139454541618115,14,1,0.5883333333333334,0.583
255.463385696,2533,-1.5809678237630154,14,1,0.5883333333333334,0.583
255.501195891,2534,-6.89017424252871,14,1,0.5883333333333334,0.5814999999999999
255.563385696,2534,-15.965229266203746,14,1,0.5883333333333334,0.5814999999999999
255.601195891,2535,-2.8205171181794606,14,1,0.5883333333333334,0.5814999999999999
255.663385696,2535,-3.884019122853042,14,1,0.5883333333333334,0.5814999999999999
255.701195891,2536,-1.4986035839752683,14,1,0.5883333333333334,0.5814999999999999
255.763385696,2536,-2.8609500810294892,14,1,0.5883333333333334,0.5814999999999999
255.801195891,2537,-1.7479006593647863,14,1,0.5883333333333334,0.5814999999999999
255.863385696,2537,-6.053947012259463,14,1,0.5883333333333334,0.5814999999999999
255.901195891,2538,0.14071124753960582,14,1,0.5883333333333334,0.5814999999999999
255.963385696,2538,-4.666774267055928,14,1,0.5883333333333334,0.5814999999999999
256.001195891,2539,-2.9984406769606116,14,1,0.5883333333333334,0.5814999999999999
256.063385696,2539,-4.687258937858774,14,1,0.5883333333333334,0.5814999999999999
256.101195891,2540,-14.850084877248966,14,1,0.5883333333333334,0.5814999999999999
256.163385696,2540,-2.2327270995394626,14,1,0.5883333333333334,0.5814999999999999
256.201195891,2541,-5.0906863678758505,14,1,0.5883333333333334,0.5814999999999999
256.263385696,2541,-1.8846858532516129,14,1,0.5883333333333334,0.5814999999999999
256.301195891,2542,-7.166625770533911,14,1,0.5883333333333334,0.5814999999999999
256.363385696,2542,1.0591875449701391,14,1,0.5883333333333334,0.5814999999999999
256.401195891,2543,-8.97791813812144,14,1,0.5883333333333334,0.5814999999999999
256.463385696,2543,-10.641707326039695,14,1,0.5883333333333334,0.5814999999999999
256.501195891,2544,3.124244544813707,14,1,0.5883333333333334,0.5824999999999999
256.563385696,2544,4.005914592243017,14,1,0.5883333333333334,0.5824999999999999
256.601195891,2545,2.351295855319222,14,1,0.5883333333333334,0.5824999999999999
256.663385696,2545,0.14484748951685344,14,1,0.5883333333333334,0.5824999999999999
256.701195891,2546,-4.352227382463818,14,1,0.5883333333333334,0.5824999999999999
256.763385696,2546,4.2780672350319655,14,1,0.5883333333333334,0.5824999999999999
256.801195891,2547,3.0933838669901776,14,1,0.5883333333333334,0.5824999999999999
256.863385696,2547,-2.8068024985524893,14,1,0.5883333333333334,0.5824999999999999
256.901195891,2548,-0.7585375427602683,14,1,0.5883333333333334,0.5824999999999999
256.963385696,2548,0.8113425275868014,14,1,0.5883333333333334,0.5824999999999999
257.001195891,2549,4.500577992406947,14,1,0.5883333333333334,0.5824999999999999
257.063385696,2549,1.7958400272401378,14,1,0.5883333333333334,0.5824999999999999
257.101195891,2550,-6.7145715274460605,14,1,0.5883333333333334,0.5824999999999999
257.163385696,2550,0.6011987652939492,14,1,0.5883333333333334,0.5824999999999999
257.201195891,2551,-18.78523154953848,14,1,0.5883333333333334,0.5824999999999999
257.263385696,2551,8.861527536902496,14,1,0.5883333333333334,0.5824999999999999
257.301195891,2552,-5.553031537500369,14,1,0.5883333333333334,0.5824999999999999
257.363385696,2552,1.0932526659417476,14,1,0.5883333333333334,0.5824999999999999
257.401195891,2553,-5.87985387998776,14,1,0.5883333333333334,0.5824999999999999
257.463385696,2553,2.4251247549345356,14,1,0.5883333333333334,0.5824999999999999
257.501195891,2554,-6.472817514156025,14,1,0.5883333333333334,0.5820000000000001
257.563385696,2554,-3.5619262427353493,14,1,0.5883333333333334,0.5820000000000001
257.601195891,2555,1.388333310699708,14,1,0.5883333333333334,0.5820000000000001
257.663385696,2555,-0.36302209216873094,14,1,0.5883333333333334,0.5820000000000001
257.701195891,2556,-1.7981538698834874,14,1,0.5883333333333334,0.5820000000000001
257.763385696,2556,-17.6311435883726,14,1,0.5883333333333334,0.5820000000000001
257.801195891,2557,-29.235002983970166,14,1,0.5883333333333334,0.5820000000000001
257.863385696,2557,3.943777285813824,14,1,0.5883333333333334,0.5820000000000001
257.901195891,2558,4.836280230687197,14,1,0.5883333333333334,0.5820000000000001
257.963385696,2558,-4.56846585954075,14,1,0.5883333333333334,0.5820000000000001
258.001195891,2559,2.398898509409437,14,1,0.5883333333333334,0.5820000000000001
258.063385696,2559,6.636401863368811,14,1,0.5883333333333334,0.5820000000000001
258.101195891,2560,1.7910163248821387,14,1,0.5883333333333334,0.5820000000000001
258.163385696,2560,2.506459262904914,14,1,0.5883333333333334,0.5820000000000001
258.201195891,2561,3.4491232845951636,14,1,0.5883333333333334,0.5820000000000001
258.263385696,2561,3.3619419820659013,14,1,0.5883333333333334,0.5820000000000001
258.301195891,2562,-26.46847428153952,14,1,0.5883333333333334,0.5820000000000001
258.363385696,2562,-2.811227303839055,14,1,0.5883333333333334,0.5820000000000001
258.401195891,2563,-4.903627171750403,14,1,0.5883333333333334,0.5820000000000001
258.463385696,2563,-1.4934883628288014,14,1,0.5883333333333334,0.5820000000000001
258.501195891,2564,-5.0166402380035455,14,1,0.5883333333333334,0.5820000000000001
258.563385696,2564,2.042594136789854,14,1,0.5883333333333334,0.5820000000000001
258.601195891,2565,-3.7712439245240374,14,1,0.5883333333333334,0.5820000000000001
258.663385696,2565,-3.7007498460375454,14,1,0.5883333333333334,0.5820000000000001
258.701195891,2566,-5.100885999943481,14,1,0.5883333333333334,0.5820000000000001
258.763385696,2566,-3.0565096226129573,14,1,0.5883333333333334,0.5820000000000001
258.801195891,2567,-19.948899425575345,14,1,0.5883333333333334,0.5820000000000001
258.863385696,2567,-19.61068980450484,14,1,0.5883333333333334,0.5820000000000001
258.901195891,2568,1.19221231504343,14,1,0.5883333333333334,0.5820000000000001
258.963385696,2568,4.118667313836457,14,1,0.5883333333333334,0.5820000000000001
259.001195891,2569,-0.36470304595752545,14,1,0.5883333333333334,0.5820000000000001
259.063385696,2569,-14.5488564218736,14,1,0.5883333333333334,0.5820000000000001
259.101195891,2570,-5.038429093854731,14,1,0.5883333333333334,0.5820000000000001
259.163385696,2570,0.4030259213992666,14,1,0.5883333333333334,0.5820000000000001
259.201195891,2571,-8.160701219614891,14,1,0.5883333333333334,0.5820000000000001
259.263385696,2571,2.2603052187613604,14,1,0.5883333333333334,0.5820000000000001
259.301195891,2572,1.9298083160525228,14,1,0.5883333333333334,0.5820000000000001
259.363385696,2572,3.106617756950179,14,1,0.5883333333333334,0.5820000000000001
259.401195891,2573,-9.005791108166456,14,1,0.5883333333333334,0.5820000000000001
259.463385696,2573,-3.274947190238888,14,1,0.5883333333333334,0.5820000000000001
259.501195891,2574,-4.698613813570379,14,1,0.5883333333333334,0.586
259.563385696,2574,-4.636773431856832,14,1,0.5883333333333334,0.586
259.601195891,2575,0.863972914961811,14,1,0.5883333333333334,0.586
259.663385696,2575,5.662809594743693,14,1,0.5883333333333334,0.586
259.701195891,2576,-4.415686914551882,14,1,0.5883333333333334,0.586
259.763385696,2576,-5.745536331105386,14,1,0.5883333333333334,0.586
259.801195891,2577,-10.191509184106797,14,1,0.5883333333333334,0.586
259.863385696,2577,-20.033412033860408,14,1,0.5883333333333334,0.586
259.901195891,2578,-0.12020477859848276,14,1,0.5883333333333334,0.586
259.963385696,2578,-6.780429762213811,14,1,0.5883333333333334,0.586
260.001195891,2579,-6.62690393640754,14,1,0.5883333333333334,0.586
260.063385696,2579,1.5430182316222065,14,1,0.5883333333333334,0.586
260.101195891,2580,-2.4000862112086145,14,1,0.5883333333333334,0.586
260.163385696,2580,-4.8139738741524285,14,1,0.5883333333333334,0.586
260.201195891,2581,-5.25222592611212,14,1,0.5883333333333334,0.586
260.263385696,2581,6.038310076819398,14,1,0.5883333333333334,0.586
260.301195891,2582,-14.458551516973714,14,1,0.5883333333333334,0.586
260.363385696,2582,-17.27003149392692,14,1,0.5883333333333334,0.586
260.401195891,2583,-5.658927479430989,14,1,0.5883333333333334,0.586
260.463385696,2583,2.0186385388350145,14,1,0.5883333333333334,0.586
260.501195891,2584,4.106717700111439,14,1,0.5883333333333334,0.5835
260.563385696,2584,-1.4346575971934772,14,1,0.5883333333333334,0.5835
260.601195891,2585,-5.727881427132732,14,1,0.5883333333333334,0.5835
260.663385696,2585,-3.1728800238896424,14,1,0.5883333333333334,0.5835
260.701195891,2586,3.283402926108793,14,1,0.5883333333333334,0.5835
260.763385696,2586,-5.903472305615688,14,1,0.5883333333333334,0.5835
260.801195891,2587,-1.1326269611619209,14,1,0.5883333333333334,0.5835
260.863385696,2587,-2.6393952157651936,14,1,0.5883333333333334,0.5835
260.901195891,2588,-3.392927038581588,14,1,0.5883333333333334,0.5835
260.963385696,2588,-2.437441508139529,14,1,0.5883333333333334,0.5835
261.001195891,2589,1.598168783346551,14,1,0.5883333333333334,0.5835
261.063385696,2589,-7.780378582639886,14,1,0.5883333333333334,0.5835
261.101195891,2590,-2.52007875030223,14,1,0.5883333333333334,0.5835
261.163385696,2590,-7.911804575931782,14,1,0.5883333333333334,0.5835
261.201195891,2591,-2.274618290059453,14,1,0.5883333333333334,0.5835
261.263385696,2591,-10.835557051150564,14,1,0.5883333333333334,0.5835
261.301195891,2592,-2.5243801286548964,14,1,0.5883333333333334,0.5835
261.363385696,2592,-7.387272684652278,14,1,0.5883333333333334,0.5835
261.401195891,2593,-1.6374534821781552,14,1,0.5883333333333334,0.5835
261.463385696,2593,-10.24683232065093,14,1,0.5883333333333334,0.5835
261.501195891,2594,2.5767591893543154,14,1,0.5883333333333334,0.5860000000000001
261.563385696,2594,2.1427438518244815,14,1,0.5883333333333334,0.5860000000000001
261.601195891,2595,-1.6759969312682232,14,1,0.5883333333333334,0.5860000000000001
261.663385696,2595,-9.244273965607631,14,1,0.5883333333333334,0.5860000000000001
261.701195891,2596,-5.8231465808973795,14,1,0.5883333333333334,0.5860000000000001
261.763385696,2596,2.625697970488385,14,1,0.5883333333333334,0.5860000000000001
261.801195891,2597,5.8285966675215715,14,1,0.5883333333333334,0.5860000000000001
261.863385696,2597,-7.508652130464737,14,1,0.5883333333333334,0.5860000000000001
261.901195891,2598,-2.988756959935569,14,1,0.5883333333333334,0.5860000000000001
261.963385696,2598,6.224100876617916,14,1,0.5883333333333334,0.5860000000000001
262.001195891,2599,-6.463730851586519,14,1,0.5883333333333334,0.5860000000000001
262.063385696,2599,4.201042463164298,14,1,0.5883333333333334,0.5860000000000001
262.101195891,2600,-4.066205455306308,14,1,0.5883333333333334,0.5860000000000001
262.163385696,2600,3.299300735945396,14,1,0.5883333333333334,0.5860000000000001
262.201195891,2601,-2.9902878360184646,14,1,0.5883333333333334,0.5860000000000001
262.263385696,2601,1.9445828815015198,14,1,0.5883333333333334,0.5860000000000001
262.301195891,2602,3.5170289582582104,14,1,0.5883333333333334,0.5860000000000001
262.363385696,2602,-10.173614599515888,14,1,0.5883333333333334,0.5860000000000001
262.401195891,2603,1.3952617998951287,14,1,0.5883333333333334,0.5860000000000001
262.463385696,2603,5.542032097246698,14,1,0.5883333333333334,0.5860000000000001
262.501195891,2604,5.376587413825503,14,1,0.5883333333333334,0.584
262.563385696,2604,-28.158728524221367,14,1,0.5883333333333334,0.584
262.601195891,2605,3.17469920762972,14,1,0.5883333333333334,0.584
262.663385696,2605,1.9249690173977818,14,1,0.5883333333333334,0.584
262.701195891,2606,-6.345968131281104,14,1,0.5883333333333334,0.584
262.763385696,2606,-12.980105809272997,14,1,0.5883333333333334,0.584
262.801195891,2607,-15.851908168257259,14,1,0.5883333333333334,0.584
262.863385696,2607,2.164092792455997,14,1,0.5883333333333334,0.584
262.901195891,2608,1.5709229925932646,14,1,0.5883333333333334,0.584
262.963385696,2608,-9.908801104259227,14,1,0.5883333333333334,0.584
263.001195891,2609,-3.064159636130295,14,1,0.5883333333333334,0.584
263.063385696,2609,-11.67105971895394,14,1,0.5883333333333334,0.584
263.101195891,2610,-4.402791769539924,14,1,0.5883333333333334,0.584
263.163385696,2610,3.3957353016657588,14,1,0.5883333333333334,0.584
263.201195891,2611,-1.490396671905018,14,1,0.5883333333333334,0.584
263.263385696,2611,4.5699740043941715,14,1,0.5883333333333334,0.584
263.301195891,2612,-16.806769068680673,14,1,0.5883333333333334,0.584
263.363385696,2612,1.0774170011094186,14,1,0.5883333333333334,0.584
263.401195891,2613,-1.506573809499797,14,1,0.5883333333333334,0.584
263.463385696,2613,1.890849774685932,14,1,0.5883333333333334,0.584
263.501195891,2614,-3.664443468632292,14,1,0.5883333333333334,0.584
263.563385696,2614,2.105288452079925,14,1,0.5883333333333334,0.584
263.601195891,2615,-7.051442407144947,14,1,0.5883333333333334,0.584
263.663385696,2615,-18.294083958728105,14,1,0.5883333333333334,0.584
263.701195891,2616,-12.243250928369719,14,1,0.5883333333333334,0.584
263.763385696,2616,-11.761595799990587,14,1,0.5883333333333334,0.584
263.801195891,2617,-7.449615660710103,14,1,0.5883333333333334,0.584
263.863385696,2617,-6.407463661831004,14,1,0.5883333333333334,0.584
263.901195891,2618,-8.218678434430958,14,1,0.5883333333333334,0.584
263.963385696,2618,1.9463622185444138,14,1,0.5883333333333334,0.584
264.001195891,2619,1.6504505997231753,14,1,0.5883333333333334,0.584
264.063385696,2619,-13.644174209621951,14,1,0.5883333333333334,0.584
264.101195891,2620,-2.982371567347883,14,1,0.5883333333333334,0.584
264.163385696,2620,0.2167560174691502,14,1,0.5883333333333334,0.584
264.201195891,2621,-9.214491147188316,14,1,0.5883333333333334,0.584
264.263385696,2621,-0.19461734718571297,14,1,0.5883333333333334,0.584
264.301195891,2622,-10.145677400030916,14,1,0.5883333333333334,0.584
264.363385696,2622,-3.8789368640255866,14,1,0.5883333333333334,0.584
264.401195891,2623,-4.430496372000567,14,1,0.5883333333333334,0.584
264.463385696,2623,-1.2435697901303717,14,1,0.5883333333333334,0.584
264.501195891,2624,3.627359670193349,14,1,0.5883333333333334,0.5854999999999999
264.563385696,2624,2.9225242859258387,14,1,0.5883333333333334,0.5854999999999999
264.601195891,2625,-22.96787176975,14,1,0.5883333333333334,0.5854999999999999
264.663385696,2625,3.297440637431845,14,1,0.5883333333333334,0.5854999999999999
264.701195891,2626,-6.128264672070286,14,1,0.5883333333333334,0.5854999999999999
264.763385696,2626,-6.263025332788339,14,1,0.5883333333333334,0.5854999999999999
264.801195891,2627,-3.21563586776011,14,1,0.5883333333333334,0.5854999999999999
264.863385696,2627,-2.535556572259028,14,1,0.5883333333333334,0.5854999999999999
264.901195891,2628,-0.7817846885607195,14,1,0.5883333333333334,0.5854999999999999
264.963385696,2628,-4.358259897200795,14,1,0.5883333333333334,0.5854999999999999
265.001195891,2629,-4.319348830481612,14,1,0.5883333333333334,0.5854999999999999
265.063385696,2629,-2.7758247847050628,14,1,0.5883333333333334,0.5854999999999999
265.101195891,2630,-0.6493857399521983,14,1,0.5883333333333334,0.5854999999999999
265.163385696,2630,-0.8538441298197388,14,1,0.5883333333333334,0.5854999999999999
265.201195891,2631,2.260699576994587,14,1,0.5883333333333334,0.5854999999999999
265.263385696,2631,-2.7127345892713075,14,1,0.5883333333333334,0.5854999999999999
265.301195891,2632,-15.349416490951187,14,1,0.5883333333333334,0.5854999999999999
265.363385696,2632,-14.622110389556566,14,1,0.5883333333333334,0.5854999999999999
265.401195891,2633,2.1779903129791127,14,1,0.5883333333333334,0.5854999999999999
265.463385696,2633,1.8897385247840592,14,1,0.5883333333333334,0.5854999999999999
265.501195891,2634,-3.042660199675806,14,1,0.5883333333333334,0.5845
265.563385696,2634,0.07160919719955919,14,1,0.5883333333333334,0.5845
265.601195891,2635,4.063173207092151,14,1,0.5883333333333334,0.5845
265.663385696,2635,-3.918400368060433,14,1,0.5883333333333334,0.5845
265.701195891,2636,-2.965087270127059,14,1,0.5883333333333334,0.5845
265.763385696,2636,1.8665861100178882,14,1,0.5883333333333334,0.5845
265.801195891,2637,-0.25950495657492645,14,1,0.5883333333333334,0.5845
265.863385696,2637,-2.4648813095285824,14,1,0.5883333333333334,0.5845
265.901195891,2638,-4.40101277574982,14,1,0.5883333333333334,0.5845
265.963385696,2638,-7.1121074929429,14,1,0.5883333333333334,0.5845
266.001195891,2639,-4.477686447237897,14,1,0.5883333333333334,0.5845
266.063385696,2639,7.623886215630663,14,1,0.5883333333333334,0.5845
266.101195891,2640,1.4582471666496564,14,1,0.5883333333333334,0.5845
266.163385696,2640,-8.628140287850506,14,1,0.5883333333333334,0.5845
266.201195891,2641,-8.628595098968386,14,1,0.5883333333333334,0.5845
266.263385696,2641,-6.5698003963641085,14,1,0.5883333333333334,0.5845
266.301195891,2642,2.6053403325352886,14,1,0.5883333333333334,0.5845
266.363385696,2642,-2.019856929732019,14,1,0.5883333333333334,0.5845
266.401195891,2643,1.2755570431354153,14,1,0.5883333333333334,0.5845
266.463385696,2643,4.5133219611789075,14,1,0.5883333333333334,0.5845
266.501195891,2644,5.039253235834488,14,1,0.5883333333333334,0.5854999999999999
266.563385696,2644,-0.818686618316672,14,1,0.5883333333333334,0.5854999999999999
266.601195891,2645,2.610742628317549,14,1,0.5883333333333334,0.5854999999999999
266.663385696,2645,-8.547386626378671,14,1,0.5883333333333334,0.5854999999999999
266.701195891,2646,-13.65084051916523,14,1,0.5883333333333334,0.5854999999999999
266.763385696,2646,2.100914519101066,14,1,0.5883333333333334,0.5854999999999999
266.801195891,2647,-0.7998483755089685,14,1,0.5883333333333334,0.5854999999999999
266.863385696,2647,-13.399487778241726,14,1,0.5883333333333334,0.5854999999999999
266.901195891,2648,2.08230383815763,14,1,0.5883333333333334,0.5854999999999999
266.963385696,2648,2.9650655086395155,14,1,0.5883333333333334,0.5854999999999999
267.001195891,2649,-3.3905293308356397,14,1,0.5883333333333334,0.5854999999999999
267.063385696,2649,-6.880872574048339,14,1,0.5883333333333334,0.5854999999999999
267.101195891,2650,-37.67354444058992,14,1,0.5883333333333334,0.5854999999999999
267.163385696,2650,2.5856641698084353,14,1,0.5883333333333334,0.5854999999999999
267.201195891,2651,-6.157900675139301,14,1,0.5883333333333334,0.5854999999999999
267.263385696,2651,3.5017382790637552,14,1,0.5883333333333334,0.5854999999999999
267.301195891,2652,-18.921541712079225,14,1,0.5883333333333334,0.5854999999999999
267.363385696,2652,-3.4268247567837022,14,1,0.5883333333333334,0.5854999999999999
267.401195891,2653,-5.1997702294627235,14,1,0.5883333333333334,0.5854999999999999
267.463385696,2653,2.9891338617642993,14,1,0.5883333333333334,0.5854999999999999
267.501195891,2654,3.4212713518649247,14,1,0.5883333333333334,0.5879999999999999
267.563385696,2654,0.5029290003205765,14,1,0.5883333333333334,0.5879999999999999
267.601195891,2655,2.4291684673334712,14,1,0.5883333333333334,0.5879999999999999
267.663385696,2655,-1.8315251515050466,14,1,0.5883333333333334,0.5879999999999999
267.701195891,2656,-16.158484713292076,14,1,0.5883333333333334,0.5879999999999999
267.763385696,2656,-5.693370551422171,14,1,0.5883333333333334,0.5879999999999999
267.801195891,2657,-1.199184668382087,14,1,0.5883333333333334,0.5879999999999999
267.863385696,2657,3.8756020614964637,14,1,0.5883333333333334,0.5879999999999999
267.901195891,2658,-2.16056370405817,14,1,0.5883333333333334,0.5879999999999999
267.963385696,2658,-19.875292534831132,14,1,0.5883333333333334,0.5879999999999999
268.001195891,2659,4.312496793367043,14,1,0.5883333333333334,0.5879999999999999
268.063385696,2659,-4.719686420952573,14,1,0.5883333333333334,0.5879999999999999
268.101195891,2660,-13.031720358409995,14,1,0.5883333333333334,0.5879999999999999
268.163385696,2660,1.4072195612473175,14,1,0.5883333333333334,0.5879999999999999
268.201195891,2661,-28.610708323764737,14,1,0.5883333333333334,0.5879999999999999
268.263385696,2661,4.100442907225167,14,1,0.5883333333333334,0.5879999999999999
268.301195891,2662,-1.8067812072792409,14,1,0.5883333333333334,0.5879999999999999
268.363385696,2662,-3.553203174518265,14,1,0.5883333333333334,0.5879999999999999
268.401195891,2663,-12.518786639450655,14,1,0.5883333333333334,0.5879999999999999
268.463385696,2663,-10.223546479101799,14,1,0.5883333333333334,0.5879999999999999
268.501195891,2664,-8.27504154740081,14,1,0.5883333333333334,0.5885
268.563385696,2664,1.9961829815136733,14,1,0.5883333333333334,0.5885
268.601195891,2665,2.351265525258009,14,1,0.5883333333333334,0.5885
268.663385696,2665,-3.6649849762237565,14,1,0.5883333333333334,0.5885
268.701195891,2666,-9.429336543765157,14,1,0.5883333333333334,0.5885
268.763385696,2666,-1.610257384511205,14,1,0.5883333333333334,0.5885
268.801195891,2667,-8.087139176076356,14,1,0.5883333333333334,0.5885
268.863385696,2667,-0.7233051075900476,14,1,0.5883333333333334,0.5885
268.901195891,2668,0.18229596606915896,14,1,0.5883333333333334,0.5885
268.963385696,2668,-3.0040652596188173,14,1,0.5883333333333334,0.5885
269.001195891,2669,0.07303917196120217,14,1,0.5883333333333334,0.5885
269.063385696,2669,-0.3506725159569821,14,1,0.5883333333333334,0.5885
269.101195891,2670,-0.5929668631237138,14,1,0.5883333333333334,0.5885
269.163385696,2670,5.2264718007823525,14,1,0.5883333333333334,0.5885
269.201195891,2671,-1.3337721202185049,14,1,0.5883333333333334,0.5885
269.263385696,2671,1.6691008721894576,14,1,0.5883333333333334,0.5885
269.301195891,2672,-1.9540895594348888,14,1,0.5883333333333334,0.5885
269.363385696,2672,-2.526111734111269,14,1,0.5883333333333334,0.5885
269.401195891,2673,-2.4969407081058606,14,1,0.5883333333333334,0.5885
269.463385696,2673,6.155187930610596,14,1,0.5883333333333334,0.5885
269.501195891,2674,-2.523497701246673,14,1,0.5883333333333334,0.5835
269.563385696,2674,-4.33313615327756,14,1,0.5883333333333334,0.5835
269.601195891,2675,-3.2517748778614965,14,1,0.5883333333333334,0.5835
269.663385696,2675,-1.5749524168701359,14,1,0.5883333333333334,0.5835
269.701195891,2676,-2.903276284789672,14,1,0.5883333333333334,0.5835
269.763385696,2676,6.667874617085776,14,1,0.5883333333333334,0.5835
269.801195891,2677,-5.123157517196882,14,1,0.5883333333333334,0.5835
269.863385696,2677,-7.6467112281097025,14,1,0.5883333333333334,0.5835
269.901195891,2678,1.3364927996234413,14,1,0.5883333333333334,0.5835
269.963385696,2678,0.6178168104796703,14,1,0.5883333333333334,0.5835
270.001195891,2679,1.926791032575682,14,1,0.5883333333333334,0.5835
270.063385696,2679,-7.573838899511413,14,1,0.5883333333333334,0.5835
270.101195891,2680,-0.044559670451318464,14,1,0.5883333333333334,0.5835
270.163385696,2680,4.396698653340227,14,1,0.5883333333333334,0.5835
270.201195891,2681,0.4136421211150321,14,1,0.5883333333333334,0.5835
270.263385696,2681,-13.675442874004425,14,1,0.5883333333333334,0.5835
270.301195891,2682,-2.3768709008287536,14,1,0.5883333333333334,0.5835
270.363385696,2682,-3.394385811559137,14,1,0.5883333333333334,0.5835
270.401195891,2683,-1.8016462244975306,14,1,0.5883333333333334,0.5835
270.463385696,2683,-0.3772538657991844,14,1,0.5883333333333334,0.5835
270.501195891,2684,0.38221767070815904,14,1,0.5883333333333334,0.5875
270.563385696,2684,-1.2486009226045496,14,1,0.5883333333333334,0.5875
270.601195891,2685,-9.649994816822641,14,1,0.5883333333333334,0.5875
270.663385696,2685,7.400823192147757,14,1,0.5883333333333334,0.5875
270.701195891,2686,1.7246558976010649,14,1,0.5883333333333334,0.5875
270.763385696,2686,-9.978159175948155,14,1,0.5883333333333334,0.5875
270.801195891,2687,3.831327905797343,14,1,0.5883333333333334,0.5875
270.863385696,2687,0.9411419630631961,14,1,0.5883333333333334,0.5875
270.901195891,2688,0.18872940567587787,14,1,0.5883333333333334,0.5875
270.963385696,2688,-8.081306468181529,14,1,0.5883333333333334,0.5875
271.001195891,2689,-20.611949666585595,14,1,0.5883333333333334,0.5875
271.063385696,2689,6.135593177068463,14,1,0.5883333333333334,0.5875
271.101195891,2690,1.24877302027355,14,1,0.5883333333333334,0.5875
271.163385696,2690,-2.006776322297717,14,1,0.5883333333333334,0.5875
271.201195891,2691,-5.343950377327019,14,1,0.5883333333333334,0.5875
271.263385696,2691,3.934132035573371,14,1,0.5883333333333334,0.5875
271.301195891,2692,4.91119878662578,14,1,0.5883333333333334,0.5875
271.363385696,2692,2.2594872410184106,14,1,0.5883333333333334,0.5875
271.401195891,2693,-3.6193373764722248,14,1,0.5883333333333334,0.5875
271.463385696,2693,4.230641993108523,14,1,0.5883333333333334,0.5875
271.501195891,2694,-0.03889505114088785,14,1,0.5883333333333334,0.5854999999999999
271.563385696,2694,5.100656729513906,14,1,0.5883333333333334,0.5854999999999999
271.601195891,2695,4.592843732134057,14,1,0.5883333333333334,0.5854999999999999
271.663385696,2695,-2.923133166921687,14,1,0.5883333333333334,0.5854999999999999
271.701195891,2696,-2.140739195541888,14,1,0.5883333333333334,0.5854999999999999
271.763385696,2696,5.47475444122413,14,1,0.5883333333333334,0.5854999999999999
271.801195891,2697,-2.9994812424366857,14,1,0.5883333333333334,0.5854999999999999
271.863385696,2697,-4.418265447608886,14,1,0.5883333333333334,0.5854999999999999
271.901195891,2698,-2.5004346714037267,14,1,0.5883333333333334,0.5854999999999999
271.963385696,2698,1.706347870937472,14,1,0.5883333333333334,0.5854999999999999
272.001195891,2699,-0.2472183371793453,14,1,0.5883333333333334,0.5854999999999999
272.063385696,2699,-3.84890446308342,14,1,0.5883333333333334,0.5854999999999999
272.101195891,2700,1.0017661842660153,14,1,0.5883333333333334,0.5854999999999999
272.163385696,2700,5.041576410669353,14,1,0.5883333333333334,0.5854999999999999
272.201195891,2701,-8.454206816856818,14,1,0.5883333333333334,0.5854999999999999
272.263385696,2701,-8.32209754777037,14,1,0.5883333333333334,0.5854999999999999
272.301195891,2702,-12.089530135419544,14,1,0.5883333333333334,0.5854999999999999
272.363385696,2702,0.06815712857379426,14,1,0.5883333333333334,0.5854999999999999
272.401195891,2703,5.5910496224903525,14,1,0.5883333333333334,0.5854999999999999
272.463385696,2703,-0.6178899797166585,14,1,0.5883333333333334,0.5854999999999999
272.501195891,2704,-9.55288500037453,14,1,0.5883333333333334,0.5834999999999999
272.563385696,2704,1.4332358906102196,14,1,0.5883333333333334,0.5834999999999999
272.601195891,2705,-6.954368793080853,14,1,0.5883333333333334,0.5834999999999999
272.663385696,2705,-3.3890174910929467,14,1,0.5883333333333334,0.5834999999999999
272.701195891,2706,-1.1566163920948336,14,1,0.5883333333333334,0.5834999999999999
272.763385696,2706,0.2888835818615159,14,1,0.5883333333333334,0.5834999999999999
272.801195891,2707,-0.024898136670079427,14,1,0.5883333333333334,0.5834999999999999
272.863385696,2707,5.384916598271707,14,1,0.5883333333333334,0.5834999999999999
272.901195891,2708,-10.412688151212544,14,1,0.5883333333333334,0.5834999999999999
272.963385696,2708,-2.7618081543826096,14,1,0.5883333333333334,0.5834999999999999
273.001195891,2709,-5.458885576787896,14,1,0.5883333333333334,0.5834999999999999
273.063385696,2709,-0.5251312825327304,14,1,0.5883333333333334,0.5834999999999999
273.101195891,2710,-1.8749896942324085,14,1,0.5883333333333334,0.5834999999999999
273.163385696,2710,0.5373376719805303,14,1,0.5883333333333334,0.5834999999999999
273.201195891,2711,3.3439958304875987,14,1,0.5883333333333334,0.5834999999999999
273.263385696,2711,-4.411403999649372,14,1,0.5883333333333334,0.5834999999999999
273.301195891,2712,-11.811422742877921,14,1,0.5883333333333334,0.5834999999999999
273.363385696,2712,4.191998045033864,14,1,0.5883333333333334,0.5834999999999999
273.401195891,2713,-9.955350805053433,14,1,0.5883333333333334,0.5834999999999999
273.463385696,2713,2.8919171287657903,14,1,0.5883333333333334,0.5834999999999999
273.501195891,2714,5.808680484981812,14,1,0.5883333333333334,0.5834999999999999
273.563385696,2714,-6.5146545085776335,14,1,0.5883333333333334,0.5834999999999999
273.601195891,2715,-0.8196996584858294,14,1,0.5883333333333334,0.5834999999999999
273.663385696,2715,-19.254078665610646,14,1,0.5883333333333334,0.5834999999999999
273.701195891,2716,-12.948608458596704,14,1,0.5883333333333334,0.5834999999999999
273.763385696,2716,-9.086901245689178,14,1,0.5883333333333334,0.5834999999999999
273.801195891,2717,-2.694153853876747,14,1,0.5883333333333334,0.5834999999999999
273.863385696,2717,1.7904055218384136,14,1,0.5883333333333334,0.5834999999999999
273.901195891,2718,-12.682288310155936,14,1,0.5883333333333334,0.5834999999999999
273.963385696,2718,-6.243322095492348,14,1,0.5883333333333334,0.5834999999999999
274.001195891,2719,-17.82041006093423,14,1,0.5883333333333334,0.5834999999999999
274.063385696,2719,2.3097834581900196,14,1,0.5883333333333334,0.5834999999999999
274.101195891,2720,-1.3380862478800792,14,1,0.5883333333333334,0.5834999999999999
274.163385696,2720,-0.265235371394774,14,1,0.5883333333333334,0.5834999999999999
274.201195891,2721,-9.870418247649823,14,1,0.5883333333333334,0.5834999999999999
274.263385696,2721,-0.8997602563881335,14,1,0.5883333333333334,0.5834999999999999
274.301195891,2722,-5.408415412411695,14,1,0.5883333333333334,0.5834999999999999
274.363385696,2722,4.771446467523213,14,1,0.5883333333333334,0.5834999999999999
274.401195891,2723,3.2423613350595675,14,1,0.5883333333333334,0.5834999999999999
274.463385696,2723,1.412166662126471,14,1,0.5883333333333334,0.5834999999999999
274.501195891,2724,-0.29921625055704365,14,1,0.5883333333333334,0.583
274.563385696,2724,-0.12689286899529378,14,1,0.5883333333333334,0.583
274.601195891,2725,-3.593757833559526,14,1,0.5883333333333334,0.583
274.663385696,2725,0.084228267024741,14,1,0.5883333333333334,0.583
274.701195891,2726,2.74451861140469,14,1,0.5883333333333334,0.583
274.763385696,2726,1.8486223013764935,14,1,0.5883333333333334,0.583
274.801195891,2727,-0.586023244679066,14,1,0.5883333333333334,0.583
274.863385696,2727,-31.419572752270255,14,1,0.5883333333333334,0.583
274.901195891,2728,-5.5691557371604405,14,1,0.5883333333333334,0.583
274.963385696,2728,-2.6108079529130124,14,1,0.5883333333333334,0.583
275.001195891,2729,-2.228130967322286,14,1,0.5883333333333334,0.583
275.063385696,2729,-5.854452166666661,14,1,0.5883333333333334,0.583
275.101195891,2730,-0.7784251474254168,14,1,0.5883333333333334,0.583
275.163385696,2730,-1.809451489830163,14,1,0.5883333333333334,0.583
275.201195891,2731,-1.6587909265696532,14,1,0.5883333333333334,0.583
275.263385696,2731,-3.982900533662279,14,1,0.5883333333333334,0.583
275.301195891,2732,-3.9283336344202215,14,1,0.5883333333333334,0.583
275.363385696,2732,-0.44721428656647605,14,1,0.5883333333333334,0.583
275.401195891,2733,-4.2364409931411515,14,1,0.5883333333333334,0.583
275.463385696,2733,1.1670848840579424,14,1,0.5883333333333334,0.583
275.501195891,2734,-10.050922346577524,14,1,0.5883333333333334,0.584
275.563385696,2734,2.755771079166926,14,1,0.5883333333333334,0.584
275.601195891,2735,-9.081034113751711,14,1,0.5883333333333334,0.584
275.663385696,2735,0.27186058978036465,14,1,0.5883333333333334,0.584
275.701195891,2736,-6.359294211203955,14,1,0.5883333333333334,0.584
275.763385696,2736,-1.6743574318686172,14,1,0.5883333333333334,0.584
275.801195891,2737,-0.22763947450254424,14,1,0.5883333333333334,0.584
275.863385696,2737,7.313978300253927,14,1,0.5883333333333334,0.584
275.901195891,2738,-7.142929815637396,14,1,0.5883333333333334,0.584
275.963385696,2738,-12.468791653587948,14,1,0.5883333333333334,0.584
276.001195891,2739,-2.744158229499274,14,1,0.5883333333333334,0.584
276.063385696,2739,6.755346297243871,14,1,0.5883333333333334,0.584
276.101195891,2740,1.028954170712697,14,1,0.5883333333333334,0.584
276.163385696,2740,1.5880146159963306,14,1,0.5883333333333334,0.584
276.201195891,2741,-4.35829847615074,14,1,0.5883333333333334,0.584
276.263385696,2741,-1.0983982537619614,14,1,0.5883333333333334,0.584
276.301195891,2742,-5.372747339088422,14,1,0.5883333333333334,0.584
276.363385696,2742,0.5242442357221992,14,1,0.5883333333333334,0.584
276.401195891,2743,3.705082661879092,14,1,0.5883333333333334,0.584
276.463385696,2743,6.077222870041933,14,1,0.5883333333333334,0.584
276.501195891,2744,-10.694907937831532,14,1,0.5883333333333334,0.5825
276.563385696,2744,-8.067064176207312,14,1,0.5883333333333334,0.5825
276.601195891,2745,-18.3135581942571,14,1,0.5883333333333334,0.5825
276.663385696,2745,-1.160857395469996,14,1,0.5883333333333334,0.5825
276.701195891,2746,-6.251973661507135,14,1,0.5883333333333334,0.5825
276.763385696,2746,5.515557182247688,14,1,0.5883333333333334,0.5825
276.801195891,2747,-0.18534927540982044,14,1,0.5883333333333334,0.5825
276.863385696,2747,4.131796451572177,14,1,0.5883333333333334,0.5825
276.901195891,2748,-2.4222955946028826,14,1,0.5883333333333334,0.5825
276.963385696,2748,5.846011736272993,14,1,0.5883333333333334,0.5825
277.001195891,2749,-9.97776743722291,14,1,0.5883333333333334,0.5825
277.063385696,2749,-7.201481536098257,14,1,0.5883333333333334,0.5825
277.101195891,2750,-4.919050854074285,14,1,0.5883333333333334,0.5825
277.163385696,2750,-4.7802210685869575,14,1,0.5883333333333334,0.5825
277.201195891,2751,1.9973435150910237,14,1,0.5883333333333334,0.5825
277.263385696,2751,-15.543141669130572,14,1,0.5883333333333334,0.5825
277.301195891,2752,-0.7475582686994127,14,1,0.5883333333333334,0.5825
277.363385696,2752,-2.221597352771932,14,1,0.5883333333333334,0.5825
277.401195891,2753,2.9257778211745995,14,1,0.5883333333333334,0.5825
277.463385696,2753,-0.661229937761676,14,1,0.5883333333333334,0.5825
277.501195891,2754,-13.921091780445483,14,1,0.5883333333333334,0.5825
277.563385696,2754,-2.603567093456236,14,1,0.5883333333333334,0.5825
277.601195891,2755,-13.891269293411368,14,1,0.5883333333333334,0.5825
277.663385696,2755,-4.223427052292496,14,1,0.5883333333333334,0.5825
277.701195891,2756,-2.7403508079835697,14,1,0.5883333333333334,0.5825
277.763385696,2756,3.973665776791565,14,1,0.5883333333333334,0.5825
277.801195891,2757,0.5198100029915576,14,1,0.5883333333333334,0.5825
277.863385696,2757,-3.87703450861487,14,1,0.5883333333333334,0.5825
277.901195891,2758,-12.704416842611472,14,1,0.5883333333333334,0.5825
277.963385696,2758,-3.8980869908946802,14,1,0.5883333333333334,0.5825
278.001195891,2759,5.3696514573247836,14,1,0.5883333333333334,0.5825
278.063385696,2759,-0.04792663083218836,14,1,0.5883333333333334,0.5825
278.101195891,2760,-0.17522589992518808,14,1,0.5883333333333334,0.5825
278.163385696,2760,-3.460050647089279,14,1,0.5883333333333334,0.5825
278.201195891,2761,-4.2112957174650605,14,1,0.5883333333333334,0.5825
278.263385696,2761,1.3678508936315996,14,1,0.5883333333333334,0.5825
278.301195891,2762,-3.5783753505368177,14,1,0.5883333333333334,0.5825
278.363385696,2762,-6.871534921646876,14,1,0.5883333333333334,0.5825
278.401195891,2763,-9.744680102079174,14,1,0.5883333333333334,0.5825
278.463385696,2763,-0.654806639026463,14,1,0.5883333333333334,0.5825
278.501195891,2764,-9.624299485101753,14,1,0.5883333333333334,0.5854999999999999
278.563385696,2764,-13.210594652456027,14,1,0.5883333333333334,0.5854999999999999
278.601195891,2765,2.6410066947277624,14,1,0.5883333333333334,0.5854999999999999
278.663385696,2765,-60.0,14,1,0.5883333333333334,0.5854999999999999
278.701195891,2766,4.312567637186237,14,1,0.5883333333333334,0.5854999999999999
278.763385696,2766,-8.314630157281425,14,1,0.5883333333333334,0.5854999999999999
278.801195891,2767,-12.326020058015876,14,1,0.5883333333333334,0.5854999999999999
278.863385696,2767,-2.9791813808974226,14,1,0.5883333333333334,0.5854999999999999
278.901195891,2768,-4.285141817385113,14,1,0.5883333333333334,0.5854999999999999
278.963385696,2768,-25.840398495084337,14,1,0.5883333333333334,0.5854999999999999
279.001195891,2769,-3.773604020031845,14,1,0.5883333333333334,0.5854999999999999
279.063385696,2769,3.2074015055413234,14,1,0.5883333333333334,0.5854999999999999
279.101195891,2770,-3.7241243928559498,14,1,0.5883333333333334,0.5854999999999999
279.163385696,2770,-6.6410668405908915,14,1,0.5883333333333334,0.5854999999999999
279.201195891,2771,4.632489705688059,14,1,0.5883333333333334,0.5854999999999999
279.263385696,2771,4.28529307141279,14,1,0.5883333333333334,0.5854999999999999
279.301195891,2772,-18.716523220690767,14,1,0.5883333333333334,0.5854999999999999
279.363385696,2772,1.8934970045417616,14,1,0.5883333333333334,0.5854999999999999
279.401195891,2773,-14.191336166319788,14,1,0.5883333333333334,0.5854999999999999
279.463385696,2773,3.8522779793091697,14,1,0.5883333333333334,0.5854999999999999
279.501195891,2774,-2.2585188182018934,14,1,0.5883333333333334,0.591
279.563385696,2774,-18.08471356377083,14,1,0.5883333333333334,0.591
279.601195891,2775,-6.538775590703244,14,1,0.5883333333333334,0.591
279.663385696,2775,0.9161183949417429,14,1,0.5883333333333334,0.591
279.701195891,2776,-2.0245244135348357,14,1,0.5883333333333334,0.591
279.763385696,2776,-0.8943183535422928,14,1,0.5883333333333334,0.591
279.801195891,2777,-11.012060247489092,14,1,0.5883333333333334,0.591
279.863385696,2777,6.557793386918261,14,1,0.5883333333333334,0.591
279.901195891,2778,-3.2150870078862877,14,1,0.5883333333333334,0.591
279.963385696,2778,-1.1116772442480714,14,1,0.5883333333333334,0.591
280.001195891,2779,1.5358843317735882,14,1,0.5883333333333334,0.591
280.063385696,2779,-3.3706922106096386,14,1,0.5883333333333334,0.591
280.101195891,2780,2.640677311771926,14,1,0.5883333333333334,0.591
280.163385696,2780,-7.3988041817206565,14,1,0.5883333333333334,0.591
280.201195891,2781,-3.7432479119569044,14,1,0.5883333333333334,0.591
280.263385696,2781,3.0261693939504912,14,1,0.5883333333333334,0.591
280.301195891,2782,6.045790984389669,14,1,0.5883333333333334,0.591
280.363385696,2782,-10.256701359751734,14,1,0.5883333333333334,0.591
280.401195891,2783,-6.021754460972703,14,1,0.5883333333333334,0.591
280.463385696,2783,-7.36522046695931,14,1,0.5883333333333334,0.591
280.501195891,2784,4.6880530808557905,14,1,0.5883333333333334,0.586
280.563385696,2784,4.035225526716179,14,1,0.5883333333333334,0.586
280.601195891,2785,2.3476615204002926,14,1,0.5883333333333334,0.586
280.663385696,2785,-0.020795377627957246,14,1,0.5883333333333334,0.586
280.701195891,2786,-0.5904629064055537,14,1,0.5883333333333334,0.586
280.763385696,2786,2.0212536164065784,14,1,0.5883333333333334,0.586
280.801195891,2787,-21.663255638361537,14,1,0.5883333333333334,0.586
280.863385696,2787,2.8024357012762238,14,1,0.5883333333333334,0.586
280.901195891,2788,-0.5076194820455466,14,1,0.5883333333333334,0.586
280.963385696,2788,-4.176613538130679,14,1,0.5883333333333334,0.586
281.001195891,2789,-5.4767243803453844,14,1,0.5883333333333334,0.586
281.063385696,2789,5.697213179872752,14,1,0.5883333333333334,0.586
281.101195891,2790,-2.4840186535426185,14,1,0.5883333333333334,0.586
281.163385696,2790,-3.8964912303864914,14,1,0.5883333333333334,0.586
281.201195891,2791,-4.037057512037095,14,1,0.5883333333333334,0.586
281.263385696,2791,-3.3365504635068612,14,1,0.5883333333333334,0.586
281.301195891,2792,-2.6386652219020807,14,1,0.5883333333333334,0.586
281.363385696,2792,-34.41496167195345,14,1,0.5883333333333334,0.586
281.401195891,2793,-0.7121031370341211,14,1,0.5883333333333334,0.586
281.463385696,2793,4.671917806246447,14,1,0.5883333333333334,0.586
281.501195891,2794,-0.5090089491694219,14,1,0.5883333333333334,0.586
281.563385696,2794,-17.815986856199583,14,1,0.5883333333333334,0.586
281.601195891,2795,-6.309686295967547,14,1,0.5883333333333334,0.586
281.663385696,2795,-0.3003525681787023,14,1,0.5883333333333334,0.586
281.701195891,2796,8.881029627538995,14,1,0.5883333333333334,0.586
281.763385696,2796,-2.8299407041594433,14,1,0.5883333333333334,0.586
281.801195891,2797,-7.041083969745029,14,1,0.5883333333333334,0.586
281.863385696,2797,-5.044671579682987,14,1,0.5883333333333334,0.586
281.901195891,2798,-3.3030785066152375,14,1,0.5883333333333334,0.586
281.963385696,2798,-7.342480954856746,14,1,0.5883333333333334,0.586
282.001195891,2799,-2.9725567863659825,14,1,0.5883333333333334,0.586
282.063385696,2799,-2.600349085548737,14,1,0.5883333333333334,0.586
282.101195891,2800,-5.189509423954773,14,1,0.5883333333333334,0.586
282.163385696,2800,7.156817827054665,14,1,0.5883333333333334,0.586
282.201195891,2801,-3.0416648079029813,14,1,0.5883333333333334,0.586
282.263385696,2801,-6.115862226766652,14,1,0.5883333333333334,0.586
282.301195891,2802,-8.321124680261601,14,1,0.5883333333333334,0.586
282.363385696,2802,-13.017680276913929,14,1,0.5883333333333334,0.586
282.401195891,2803,-7.873257997995405,14,1,0.5883333333333334,0.586
282.463385696,2803,-9.79936260949787,14,1,0.5883333333333334,0.586
282.501195891,2804,3.7305984639093253,14,1,0.5883333333333334,0.5894999999999999
282.563385696,2804,1.6240720568517377,14,1,0.5883333333333334,0.5894999999999999
282.601195891,2805,3.6353002050411765,14,1,0.5883333333333334,0.5894999999999999
282.663385696,2805,7.9053201896177345,14,1,0.5883333333333334,0.5894999999999999
282.701195891,2806,-1.1690984549758117,14,1,0.5883333333333334,0.5894999999999999
282.763385696,2806,-1.168168401637776,14,1,0.5883333333333334,0.5894999999999999
282.801195891,2807,2.4605858691135705,14,1,0.5883333333333334,0.5894999999999999
282.863385696,2807,-8.969991256243596,14,1,0.5883333333333334,0.5894999999999999
282.901195891,2808,-3.775489640564285,14,1,0.5883333333333334,0.5894999999999999
282.963385696,2808,4.847014567276219,14,1,0.5883333333333334,0.5894999999999999
283.001195891,2809,2.791651509960789,14,1,0.5883333333333334,0.5894999999999999
283.063385696,2809,3.7602709610410945,14,1,0.5883333333333334,0.5894999999999999
283.101195891,2810,1.1912828392012544,14,1,0.5883333333333334,0.5894999999999999
283.163385696,2810,-6.5821555320396925,14,1,0.5883333333333334,0.5894999999999999
283.201195891,2811,-8.558801623675398,14,1,0.5883333333333334,0.5894999999999999
283.263385696,2811,-10.34192285703803,14,1,0.5883333333333334,0.5894999999999999
283.301195891,2812,3.534053761119069,14,1,0.5883333333333334,0.5894999999999999
283.363385696,2812,4.080012944542551,14,1,0.5883333333333334,0.5894999999999999
283.401195891,2813,1.598833958114143,14,1,0.5883333333333334,0.5894999999999999
283.463385696,2813,-10.732847330327518,14,1,0.5883333333333334,0.5894999999999999
283.501195891,2814,-9.33095753828908,14,1,0.5883333333333334,0.5865
283.563385696,2814,2.2258802693793407,14,1,0.5883333333333334,0.5865
283.601195891,2815,-6.138593253733948,14,1,0.5883333333333334,0.5865
283.663385696,2815,0.9908533407951627,14,1,0.5883333333333334,0.5865
283.701195891,2816,3.0014240597794655,14,1,0.5883333333333334,0.5865
283.763385696,2816,1.2433990281014924,14,1,0.5883333333333334,0.5865
283.801195891,2817,-2.383176576420328,14,1,0.5883333333333334,0.5865
283.863385696,2817,-2.4513361672063056,14,1,0.5883333333333334,0.5865
283.901195891,2818,-11.845276959439312,14,1,0.5883333333333334,0.5865
283.963385696,2818,-4.3743413500975326,14,1,0.5883333333333334,0.5865
284.001195891,2819,-9.710358425651744,14,1,0.5883333333333334,0.5865
284.063385696,2819,0.9985365972709517,14,1,0.5883333333333334,0.5865
284.101195891,2820,1.055605024847285,14,1,0.5883333333333334,0.5865
284.163385696,2820,-9.622565721542461,14,1,0.5883333333333334,0.5865
284.201195891,2821,-0.8337425632476534,14,1,0.5883333333333334,0.5865
284.263385696,2821,-0.7662208164992252,14,1,0.5883333333333334,0.5865
284.301195891,2822,-14.000478196249816,14,1,0.5883333333333334,0.5865
284.363385696,2822,-11.808568538847425,14,1,0.5883333333333334,0.5865
284.401195891,2823,-15.6201702329071,14,1,0.5883333333333334,0.5865
284.463385696,2823,-12.289216610411856,14,1,0.5883333333333334,0.5865
284.501195891,2824,-16.150041337675514,14,1,0.5883333333333334,0.588
284.563385696,2824,-3.6382250648737595,14,1,0.5883333333333334,0.588
284.601195891,2825,-7.782290338884559,14,1,0.5883333333333334,0.588
284.663385696,2825,-1.8625494272787448,14,1,0.5883333333333334,0.588
284.701195891,2826,1.7054411946311407,14,1,0.5883333333333334,0.588
284.763385696,2826,-12.623220982866757,14,1,0.5883333333333334,0.588
284.801195891,2827,-20.04964455635093,14,1,0.5883333333333334,0.588
284.863385696,2827,-4.4143213345821515,14,1,0.5883333333333334,0.588
284.901195891,2828,-3.528578257885804,14,1,0.5883333333333334,0.588
284.963385696,2828,-1.9658854406075106,14,1,0.5883333333333334,0.588
285.001195891,2829,4.330064273007636,14,1,0.5883333333333334,0.588
285.063385696,2829,0.5597923706301136,14,1,0.5883333333333334,0.588
285.101195891,2830,-22.626212717796793,14,1,0.5883333333333334,0.588
285.163385696,2830,5.107809407269558,14,1,0.5883333333333334,0.588
285.201195891,2831,-13.82276969253584,14,1,0.5883333333333334,0.588
285.263385696,2831,-3.319089419700458,14,1,0.5883333333333334,0.588
285.301195891,2832,-16.528664431800877,14,1,0.5883333333333334,0.588
285.363385696,2832,2.7896966176989384,14,1,0.5883333333333334,0.588
285.401195891,2833,-2.432669437866703,14,1,0.5883333333333334,0.588
285.463385696,2833,-3.3710155984963883,14,1,0.5883333333333334,0.588
285.501195891,2834,-4.807606813307447,14,1,0.5883333333333334,0.5915
285.563385696,2834,4.674351711183494,14,1,0.5883333333333334,0.5915
285.601195891,2835,-3.6599969622876194,14,1,0.5883333333333334,0.5915
285.663385696,2835,2.8348460147057866,14,1,0.5883333333333334,0.5915
285.701195891,2836,-2.887733078961554,14,1,0.5883333333333334,0.5915
285.763385696,2836,-4.477857081899202,14,1,0.5883333333333334,0.5915
285.801195891,2837,6.295998600439804,14,1,0.5883333333333334,0.5915
285.863385696,2837,-0.41760612314112155,14,1,0.5883333333333334,0.5915
285.901195891,2838,2.9440838904134923,14,1,0.5883333333333334,0.5915
285.963385696,2838,-4.907321032753932,14,1,0.5883333333333334,0.5915
286.001195891,2839,-1.4211733808063973,14,1,0.5883333333333334,0.5915
286.063385696,2839,3.308942567568832,14,1,0.5883333333333334,0.5915
286.101195891,2840,-5.208729546607151,14,1,0.5883333333333334,0.5915
286.163385696,2840,3.5657566208435174,14,1,0.5883333333333334,0.5915
286.201195891,2841,6.761591514694514,14,1,0.5883333333333334,0.5915
286.263385696,2841,-2.8736063963264717,14,1,0.5883333333333334,0.5915
286.301195891,2842,-4.814203288327847,14,1,0.5883333333333334,0.5915
286.363385696,2842,-17.564293535481617,14,1,0.5883333333333334,0.5915
286.401195891,2843,-5.07196584135165,14,1,0.5883333333333334,0.5915
286.463385696,2843,5.513402116601654,14,1,0.5883333333333334,0.5915
286.501195891,2844,1.0216161919996434,14,1,0.5883333333333334,0.5934999999999999
286.563385696,2844,-4.235441707476506,14,1,0.5883333333333334,0.5934999999999999
286.601195891,2845,0.890933163564503,14,1,0.5883333333333334,0.5934999999999999
286.663385696,2845,-1.294618689994471,14,1,0.5883333333333334,0.5934999999999999
286.701195891,2846,3.137647226404445,14,1,0.5883333333333334,0.5934999999999999
286.763385696,2846,-4.1551537611928016,14,1,0.5883333333333334,0.5934999999999999
286.801195891,2847,2.0999886970595707,14,1,0.5883333333333334,0.5934999999999999
286.863385696,2847,6.040090691944152,14,1,0.5883333333333334,0.5934999999999999
286.901195891,2848,-5.697896932958265,14,1,0.5883333333333334,0.5934999999999999
286.963385696,2848,-0.9847477591996776,14,1,0.5883333333333334,0.5934999999999999
287.001195891,2849,4.004907230734427,14,1,0.5883333333333334,0.5934999999999999
287.063385696,2849,-2.177454505890883,14,1,0.5883333333333334,0.5934999999999999
287.101195891,2850,2.7697358542899027,14,1,0.5883333333333334,0.5934999999999999
287.163385696,2850,-1.790809573179524,14,1,0.5883333333333334,0.5934999999999999
287.201195891,2851,-4.416881380672553,14,1,0.5883333333333334,0.5934999999999999
287.263385696,2851,2.8931733408032794,14,1,0.5883333333333334,0.5934999999999999
287.301195891,2852,-2.094217325710307,14,1,0.5883333333333334,0.5934999999999999
287.363385696,2852,0.14648515824754402,14,1,0.5883333333333334,0.5934999999999999
287.401195891,2853,-19.571458114074467,14,1,0.5883333333333334,0.5934999999999999
287.463385696,2853,-4.564899154740985,14,1,0.5883333333333334,0.5934999999999999
287.501195891,2854,-7.479209738800117,14,1,0.5883333333333334,0.5925
287.563385696,2854,-2.898062529283403,14,1,0.5883333333333334,0.5925
287.601195891,2855,-1.7601881481173813,14,1,0.5883333333333334,0.5925
287.663385696,2855,3.9823024395289384,14,1,0.5883333333333334,0.5925
287.701195891,2856,-6.50535308279143,14,1,0.5883333333333334,0.5925
287.763385696,2856,-10.297792622946533,14,1,0.5883333333333334,0.5925
287.801195891,2857,6.6032379099235,14,1,0.5883333333333334,0.5925
287.863385696,2857,4.172655330899814,14,1,0.5883333333333334,0.5925
287.901195891,2858,-6.217718220208624,14,1,0.5883333333333334,0.5925
287.963385696,2858,-7.584919783375522,14,1,0.5883333333333334,0.5925
288.001195891,2859,-1.6514088044013697,14,1,0.5883333333333334,0.5925
288.063385696,2859,3.635657477767098,14,1,0.5883333333333334,0.5925
288.101195891,2860,4.671586789061549,14,1,0.5883333333333334,0.5925
288.163385696,2860,1.5125538003908527,14,1,0.5883333333333334,0.5925
288.201195891,2861,5.231355667128424,14,1,0.5883333333333334,0.5925
288.263385696,2861,-6.601442195741929,14,1,0.5883333333333334,0.5925
288.301195891,2862,-11.310483574536608,14,1,0.5883333333333334,0.5925
288.363385696,2862,4.626965309101309,14,1,0.5883333333333334,0.5925
288.401195891,2863,0.2427976335423099,14,1,0.5883333333333334,0.5925
288.463385696,2863,-1.4905729590437993,14,1,0.5883333333333334,0.5925
288.501195891,2864,-5.637022988073918,14,1,0.5883333333333334,0.588
288.563385696,2864,-18.97387146333714,14,1,0.5883333333333334,0.588
288.601195891,2865,-0.9560725066838899,14,1,0.5883333333333334,0.588
288.663385696,2865,1.6113921395904724,14,1,0.5883333333333334,0.588
288.701195891,2866,-4.054285138320026,14,1,0.5883333333333334,0.588
288.763385696,2866,-9.62514034605751,14,1,0.5883333333333334,0.588
288.801195891,2867,0.5542219789621373,14,1,0.5883333333333334,0.588
288.863385696,2867,-2.061693762421179,14,1,0.5883333333333334,0.588
288.901195891,2868,-9.932823397604814,14,1,0.5883333333333334,0.588
288.963385696,2868,-3.204061288512313,14,1,0.5883333333333334,0.588
289.001195891,2869,-3.5729694392365374,14,1,0.5883333333333334,0.588
289.063385696,2869,1.167070520009723,14,1,0.5883333333333334,0.588
289.101195891,2870,-6.014930973049117,14,1,0.5883333333333334,0.588
289.163385696,2870,-8.756386337744125,14,1,0.5883333333333334,0.588
289.201195891,2871,1.1661322132419685,14,1,0.5883333333333334,0.588
289.263385696,2871,-3.1012392590569715,14,1,0.5883333333333334,0.588
289.301195891,2872,-0.30439212563226914,14,1,0.5883333333333334,0.588
289.363385696,2872,-12.732070092167671,14,1,0.5883333333333334,0.588
289.401195891,2873,-3.3329418090016465,14,1,0.5883333333333334,0.588
289.463385696,2873,1.1406144488623458,14,1,0.5883333333333334,0.588
289.501195891,2874,4.246947237307989,14,1,0.5883333333333334,0.5855
289.563385696,2874,1.1158714337403515,14,1,0.5883333333333334,0.5855
289.601195891,2875,-2.704017633932928,14,1,0.5883333333333334,0.5855
289.663385696,2875,1.8518829017858127,14,1,0.5883333333333334,0.5855
289.701195891,2876,-2.000571449948569,14,1,0.5883333333333334,0.5855
289.763385696,2876,2.0569118717779324,14,1,0.5883333333333334,0.5855
289.801195891,2877,4.397000606475205,14,1,0.5883333333333334,0.5855
289.863385696,2877,2.0029081945504776,14,1,0.5883333333333334,0.5855
289.901195891,2878,-0.18555064014849285,14,1,0.5883333333333334,0.5855
289.963385696,2878,1.7811013428121172,14,1,0.5883333333333334,0.5855
290.001195891,2879,-5.2851922251014045,14,1,0.5883333333333334,0.5855
290.063385696,2879,-13.115484092024246,14,1,0.5883333333333334,0.5855
290.101195891,2880,-2.1228546749343775,14,1,0.5883333333333334,0.5855
290.163385696,2880,-1.1662382190018947,14,1,0.5883333333333334,0.5855
290.201195891,2881,-8.127616842496195,14,1,0.5883333333333334,0.5855
290.263385696,2881,-23.744988779741494,14,1,0.5883333333333334,0.5855
290.301195891,2882,0.6300568738071863,14,1,0.5883333333333334,0.5855
290.363385696,2882,4.215083396696619,14,1,0.5883333333333334,0.5855
290.401195891,2883,-18.517613186624672,14,1,0.5883333333333334,0.5855
290.463385696,2883,-4.340639721932774,14,1,0.5883333333333334,0.5855
290.501195891,2884,-14.877560720827601,14,1,0.5883333333333334,0.587
290.563385696,2884,-16.333138348323402,14,1,0.5883333333333334,0.587
290.601195891,2885,-9.836515333977593,14,1,0.5883333333333334,0.587
290.663385696,2885,-0.27176634568904623,14,1,0.5883333333333334,0.587
290.701195891,2886,-4.683040530635748,14,1,0.5883333333333334,0.587
290.763385696,2886,-1.9757612979982313,14,1,0.5883333333333334,0.587
290.801195891,2887,-2.289421079467497,14,1,0.5883333333333334,0.587
290.863385696,2887,-5.567000391139372,14,1,0.5883333333333334,0.587
290.901195891,2888,-1.242325538143037,14,1,0.5883333333333334,0.587
290.963385696,2888,-2.945257815535258,14,1,0.5883333333333334,0.587
291.001195891,2889,-4.583782759734503,14,1,0.5883333333333334,0.587
291.063385696,2889,-4.452775803904355,14,1,0.5883333333333334,0.587
291.101195891,2890,2.938104902448379,14,1,0.5883333333333334,0.587
291.163385696,2890,-2.0702213436202452,14,1,0.5883333333333334,0.587
291.201195891,2891,0.6265094903966067,14,1,0.5883333333333334,0.587
291.263385696,2891,-4.394921204431984,14,1,0.5883333333333334,0.587
291.301195891,2892,-11.289411122013107,14,1,0.5883333333333334,0.587
291.363385696,2892,-1.1876789616924082,14,1,0.5883333333333334,0.587
291.401195891,2893,2.2251592995277636,14,1,0.5883333333333334,0.587
291.463385696,2893,3.691983130986973,14,1,0.5883333333333334,0.587
291.501195891,2894,-1.7729822505960726,14,1,0.5883333333333334,0.588
291.563385696,2894,-0.5822918786891933,14,1,0.5883333333333334,0.588
291.601195891,2895,1.9658252591050167,14,1,0.5883333333333334,0.588
291.663385696,2895,-3.0037057523794397,14,1,0.5883333333333334,0.588
291.701195891,2896,-1.674200035764509,14,1,0.5883333333333334,0.588
291.763385696,2896,-4.290833409137383,14,1,0.5883333333333334,0.588
291.801195891,2897,2.9596638496750844,14,1,0.5883333333333334,0.588
291.863385696,2897,6.5323645622175945,14,1,0.5883333333333334,0.588
291.901195891,2898,-2.609070165073449,14,1,0.5883333333333334,0.588
291.963385696,2898,0.5946755670196736,14,1,0.5883333333333334,0.588
292.001195891,2899,-0.19267629695809763,14,1,0.5883333333333334,0.588
292.063385696,2899,-3.522932448759483,14,1,0.5883333333333334,0.588
292.101195891,2900,-15.75321758782655,14,1,0.5883333333333334,0.588
292.163385696,2900,-5.540116909104048,14,1,0.5883333333333334,0.588
292.201195891,2901,-12.255786010887636,14,1,0.5883333333333334,0.588
292.263385696,2901,-7.563431310188447,14,1,0.5883333333333334,0.588
292.301195891,2902,4.697427952364174,14,1,0.5883333333333334,0.588
292.363385696,2902,3.696235972120077,14,1,0.5883333333333334,0.588
292.401195891,2903,2.3041488289069973,14,1,0.5883333333333334,0.588
292.463385696,2903,-9.028253786090238,14,1,0.5883333333333334,0.588
292.501195891,2904,0.38770945687257186,14,1,0.5883333333333334,0.5879999999999999
292.563385696,2904,-0.546766195337035,14,1,0.5883333333333334,0.5879999999999999
292.601195891,2905,-3.6714002542938093,14,1,0.5883333333333334,0.5879999999999999
292.663385696,2905,0.6727486538107935,14,1,0.5883333333333334,0.5879999999999999
292.701195891,2906,7.732876886275549,14,1,0.5883333333333334,0.5879999999999999
292.763385696,2906,-10.449572575619426,14,1,0.5883333333333334,0.5879999999999999
292.801195891,2907,-0.839196889313025,14,1,0.5883333333333334,0.5879999999999999
292.863385696,2907,-1.3293248053167186,14,1,0.5883333333333334,0.5879999999999999
292.901195891,2908,-4.0233355752598845,14,1,0.5883333333333334,0.5879999999999999
292.963385696,2908,-2.780100612078706,14,1,0.5883333333333334,0.5879999999999999
293.001195891,2909,-6.2192484296566075,14,1,0.5883333333333334,0.5879999999999999
293.063385696,2909,-7.18014098672069,14,1,0.5883333333333334,0.5879999999999999
293.101195891,2910,-4.877889876351987,14,1,0.5883333333333334,0.5879999999999999
293.163385696,2910,0.5900138913589936,14,1,0.5883333333333334,0.5879999999999999
293.201195891,2911,-6.463929209106553,14,1,0.5883333333333334,0.5879999999999999
293.263385696,2911,-1.5329308648065276,14,1,0.5883333333333334,0.5879999999999999
293.301195891,2912,4.124321446091596,14,1,0.5883333333333334,0.5879999999999999
293.363385696,2912,4.4724214632779455,14,1,0.5883333333333334,0.5879999999999999
293.401195891,2913,-20.052518241711365,14,1,0.5883333333333334,0.5879999999999999
293.463385696,2913,-11.515662349247709,14,1,0.5883333333333334,0.5879999999999999
293.501195891,2914,-4.473140484276411,14,1,0.5883333333333334,0.592
293.563385696,2914,-7.970282392803167,14,1,0.5883333333333334,0.592
293.601195891,2915,-2.932654608826547,14,1,0.5883333333333334,0.592
293.663385696,2915,-6.90303573324994,14,1,0.5883333333333334,0.592
293.701195891,2916,-9.202158213764209,14,1,0.5883333333333334,0.592
293.763385696,2916,2.5410171993950685,14,1,0.5883333333333334,0.592
293.801195891,2917,-13.027192491126021,14,1,0.5883333333333334,0.592
293.863385696,2917,2.1273799981305657,14,1,0.5883333333333334,0.592
293.901195891,2918,-8.6025279814653,14,1,0.5883333333333334,0.592
293.963385696,2918,4.690021258317364,14,1,0.5883333333333334,0.592
294.001195891,2919,-4.180871726316059,14,1,0.5883333333333334,0.592
294.063385696,2919,-5.594382433791047,14,1,0.5883333333333334,0.592
294.101195891,2920,-10.309839390452147,14,1,0.5883333333333334,0.592
294.163385696,2920,-1.3109317406192855,14,1,0.5883333333333334,0.592
294.201195891,2921,-1.874184704424838,14,1,0.5883333333333334,0.592
294.263385696,2921,7.836205422242603,14,1,0.5883333333333334,0.592
294.301195891,2922,-0.139916224744938,14,1,0.5883333333333334,0.592
294.363385696,2922,2.8253692145065603,14,1,0.5883333333333334,0.592
294.401195891,2923,-7.853369898778225,14,1,0.5883333333333334,0.592
294.463385696,2923,7.359817434671182,14,1,0.5883333333333334,0.592
294.501195891,2924,-4.63191829661379,14,1,0.5883333333333334,0.597
294.563385696,2924,-11.27244570291473,14,1,0.5883333333333334,0.597
294.601195891,2925,-7.085482585183383,14,1,0.5883333333333334,0.597
294.663385696,2925,1.449315047977304,14,1,0.5883333333333334,0.597
294.701195891,2926,-3.07554808595187,14,1,0.5883333333333334,0.597
294.763385696,2926,-3.5655428375827496,14,1,0.5883333333333334,0.597
294.801195891,2927,-21.19636733111907,14,1,0.5883333333333334,0.597
294.863385696,2927,-6.621790802374836,14,1,0.5883333333333334,0.597
294.901195891,2928,-10.324869704685593,14,1,0.5883333333333334,0.597
294.963385696,2928,-7.144716183594149,14,1,0.5883333333333334,0.597
295.001195891,2929,-2.8787846792149447,14,1,0.5883333333333334,0.597
295.063385696,2929,3.8844141457052905,14,1,0.5883333333333334,0.597
295.101195891,2930,3.101603435218252,14,1,0.5883333333333334,0.597
295.163385696,2930,3.201169587164789,14,1,0.5883333333333334,0.597
295.201195891,2931,5.213273289269457,14,1,0.5883333333333334,0.597
295.263385696,2931,6.62919565236562,14,1,0.5883333333333334,0.597
295.301195891,2932,-6.583824853189613,14,1,0.5883333333333334,0.597
295.363385696,2932,-0.8482872509885103,14,1,0.5883333333333334,0.597
295.401195891,2933,4.8692075143263205,14,1,0.5883333333333334,0.597
295.463385696,2933,-2.516220882602818,14,1,0.5883333333333334,0.597
295.501195891,2934,-5.277324227839973,14,1,0.5883333333333334,0.5934999999999999
295.563385696,2934,6.77351766327508,14,1,0.5883333333333334,0.5934999999999999
295.601195891,2935,-1.7535347103457697,14,1,0.5883333333333334,0.5934999999999999
295.663385696,2935,-5.756035697767742,14,1,0.5883333333333334,0.5934999999999999
295.701195891,2936,0.10036449205616094,14,1,0.5883333333333334,0.5934999999999999
295.763385696,2936,5.972246935818154,14,1,0.5883333333333334,0.5934999999999999
295.801195891,2937,-11.707577646664921,14,1,0.5883333333333334,0.5934999999999999
295.863385696,2937,-8.637489450290257,14,1,0.5883333333333334,0.5934999999999999
295.901195891,2938,-0.11664821180921131,14,1,0.5883333333333334,0.5934999999999999
295.963385696,2938,1.109194390628931,14,1,0.5883333333333334,0.5934999999999999
296.001195891,2939,-4.0759609926224645,14,1,0.5883333333333334,0.5934999999999999
296.063385696,2939,-12.086339797511272,14,1,0.5883333333333334,0.5934999999999999
296.101195891,2940,-4.29220509435013,14,1,0.5883333333333334,0.5934999999999999
296.163385696,2940,3.845910429414523,14,1,0.5883333333333334,0.5934999999999999
296.201195891,2941,-7.10130332228686,14,1,0.5883333333333334,0.5934999999999999
296.263385696,2941,-3.1782376430446413,14,1,0.5883333333333334,0.5934999999999999
296.301195891,2942,-5.143386271606709,14,1,0.5883333333333334,0.5934999999999999
296.363385696,2942,7.0078291172991065,14,1,0.5883333333333334,0.5934999999999999
296.401195891,2943,2.7141590772783575,14,1,0.5883333333333334,0.5934999999999999
296.463385696,2943,2.675227260090555,14,1,0.5883333333333334,0.5934999999999999
296.501195891,2944,-1.1233673388122636,14,1,0.5883333333333334,0.591
296.563385696,2944,3.7860101710679506,14,1,0.5883333333333334,0.591
296.601195891,2945,-9.307125993656566,14,1,0.5883333333333334,0.591
296.663385696,2945,-0.21830277074088972,14,1,0.5883333333333334,0.591
296.701195891,2946,5.293091088693408,14,1,0.5883333333333334,0.591
296.763385696,2946,-1.7053457076812664,14,1,0.5883333333333334,0.591
296.801195891,2947,-11.70191286792705,14,1,0.5883333333333334,0.591
296.863385696,2947,0.5720257521674867,14,1,0.5883333333333334,0.591
296.901195891,2948,-7.991800340805744,14,1,0.5883333333333334,0.591
296.963385696,2948,-7.747725861025323,14,1,0.5883333333333334,0.591
297.001195891,2949,-1.5705251505353888,14,1,0.5883333333333334,0.591
297.063385696,2949,5.736250011648472,14,1,0.5883333333333334,0.591
297.101195891,2950,-1.7833014027582452,14,1,0.5883333333333334,0.591
297.163385696,2950,-17.692413810270562,14,1,0.5883333333333334,0.591
297.201195891,2951,-1.0687857946873254,14,1,0.5883333333333334,0.591
297.263385696,2951,-3.3257910874915413,14,1,0.5883333333333334,0.591
297.301195891,2952,-1.8155325941132583,14,1,0.5883333333333334,0.591
297.363385696,2952,-12.530772156893237,14,1,0.5883333333333334,0.591
297.401195891,2953,-8.661833598858026,14,1,0.5883333333333334,0.591
297.463385696,2953,2.3792231822851413,14,1,0.5883333333333334,0.591
297.501195891,2954,-0.32427271143624925,14,1,0.5883333333333334,0.591
297.563385696,2954,-22.839884045035774,14,1,0.5883333333333334,0.591
297.601195891,2955,7.508324850092583,14,1,0.5883333333333334,0.591
297.663385696,2955,8.014493955339363,14,1,0.5883333333333334,0.591
297.701195891,2956,-7.287107742655085,14,1,0.5883333333333334,0.591
297.763385696,2956,-8.730663416317954,14,1,0.5883333333333334,0.591
297.801195891,2957,0.4902751845300296,14,1,0.5883333333333334,0.591
297.863385696,2957,-3.4009376305249246,14,1,0.5883333333333334,0.591
297.901195891,2958,7.595334151510174,14,1,0.5883333333333334,0.591
297.963385696,2958,-1.9851916642516336,14,1,0.5883333333333334,0.591
298.001195891,2959,0.2327402367829333,14,1,0.5883333333333334,0.591
298.063385696,2959,3.600243389675146,14,1,0.5883333333333334,0.591
298.101195891,2960,4.089211056218782,14,1,0.5883333333333334,0.591
298.163385696,2960,-4.336186169626607,14,1,0.5883333333333334,0.591
298.201195891,2961,1.9197720024883282,14,1,0.5883333333333334,0.591
298.263385696,2961,2.8638029845052952,14,1,0.5883333333333334,0.591
298.301195891,2962,2.2775342022912017,14,1,0.5883333333333334,0.591
298.363385696,2962,-6.2744217587782405,14,1,0.5883333333333334,0.591
298.401195891,2963,-1.1783766002679692,14,1,0.5883333333333334,0.591
298.463385696,2963,3.3586322980801295,14,1,0.5883333333333334,0.591
298.501195891,2964,-0.6143993544639278,14,1,0.5883333333333334,0.592
298.563385696,2964,5.359379980541796,14,1,0.5883333333333334,0.592
298.601195891,2965,0.24000091135009674,14,1,0.5883333333333334,0.592
298.663385696,2965,1.623317990236743,14,1,0.5883333333333334,0.592
298.701195891,2966,-4.353751412626095,14,1,0.5883333333333334,0.592
298.763385696,2966,0.21355117853060368,14,1,0.5883333333333334,0.592
298.801195891,2967,1.0448741103672239,14,1,0.5883333333333334,0.592
298.863385696,2967,1.423618940402131,14,1,0.5883333333333334,0.592
298.901195891,2968,3.966263460614366,14,1,0.5883333333333334,0.592
298.963385696,2968,-2.668660917637209,14,1,0.5883333333333334,0.592
299.001195891,2969,-2.7567788814890903,14,1,0.5883333333333334,0.592
299.063385696,2969,-4.099839965083401,14,1,0.5883333333333334,0.592
299.101195891,2970,0.8343590177134986,14,1,0.5883333333333334,0.592
299.163385696,2970,-1.806896581481944,14,1,0.5883333333333334,0.592
299.201195891,2971,9.522765722592766,14,1,0.5883333333333334,0.592
299.263385696,2971,7.227535225598315,14,1,0.5883333333333334,0.592
299.301195891,2972,-4.352712696850556,14,1,0.5883333333333334,0.592
299.363385696,2972,4.713105406164871,14,1,0.5883333333333334,0.592
299.401195891,2973,1.657465949833019,14,1,0.5883333333333334,0.592
299.463385696,2973,2.959539528288819,14,1,0.5883333333333334,0.592
299.501195891,2974,4.613279751652443,14,1,0.5883333333333334,0.5919999999999999
299.563385696,2974,-6.545429533214766,14,1,0.5883333333333334,0.5919999999999999
299.601195891,2975,1.1999505367042829,14,1,0.5883333333333334,0.5919999999999999
299.663385696,2975,3.6351015473518293,14,1,0.5883333333333334,0.5919999999999999
299.701195891,2976,-1.046154115592615,14,1,0.5883333333333334,0.5919999999999999
299.763385696,2976,-9.813357281662904,14,1,0.5883333333333334,0.5919999999999999
299.801195891,2977,0.8939546004361782,14,1,0.5883333333333334,0.5919999999999999
299.863385696,2977,-2.927906841303462,14,1,0.5883333333333334,0.5919999999999999
299.901195891,2978,-5.286965127022004,14,1,0.5883333333333334,0.5919999999999999
299.963385696,2978,3.629396090326649,14,1,0.5883333333333334,0.5919999999999999
300.001195891,2979,3.1474339559973314,14,1,0.5883333333333334,0.5919999999999999
300.063385696,2979,5.95378906810775,14,1,0.5883333333333334,0.5919999999999999
300.101195891,2980,1.937753268833147,14,1,0.5883333333333334,0.5919999999999999
300.163385696,2980,-2.565193352556955,14,1,0.5883333333333334,0.5919999999999999
300.201195891,2981,-3.642229332698253,14,1,0.5883333333333334,0.5919999999999999
300.263385696,2981,-6.797613619589869,14,1,0.5883333333333334,0.5919999999999999
300.301195891,2982,-1.114321459230136,14,1,0.5883333333333334,0.5919999999999999
300.363385696,2982,4.355307329147978,14,1,0.5883333333333334,0.5919999999999999
300.401195891,2983,4.247295068980853,14,1,0.5883333333333334,0.5919999999999999
300.463385696,2983,2.237956069179858,14,1,0.5883333333333334,0.5919999999999999
300.501195891,2984,-5.065479200554979,14,1,0.5883333333333334,0.592
300.563385696,2984,0.17735497786354446,14,1,0.5883333333333334,0.592
300.601195891,2985,2.263796015187501,14,1,0.5883333333333334,0.592
300.663385696,2985,-22.754943817432654,14,1,0.5883333333333334,0.592
300.701195891,2986,-1.970864595189823,14,1,0.5883333333333334,0.592
300.763385696,2986,-4.006991960949078,14,1,0.5883333333333334,0.592
300.801195891,2987,-0.7340291018790633,14,1,0.5883333333333334,0.592
300.863385696,2987,-1.7884174188769237,14,1,0.5883333333333334,0.592
300.901195891,2988,-1.1691726213325908,14,1,0.5883333333333334,0.592
300.963385696,2988,3.6072049783452114,14,1,0.5883333333333334,0.592
301.001195891,2989,-14.167428970624824,14,1,0.5883333333333334,0.592
301.063385696,2989,-31.51969878760742,14,1,0.5883333333333334,0.592
301.101195891,2990,-5.666534136820303,14,1,0.5883333333333334,0.592
301.163385696,2990,0.8956406855069498,14,1,0.5883333333333334,0.592
301.201195891,2991,3.9678528334929175,14,1,0.5883333333333334,0.592
301.263385696,2991,-11.64289829206264,14,1,0.5883333333333334,0.592
301.301195891,2992,-13.816648261689961,14,1,0.5883333333333334,0.592
301.363385696,2992,2.481364208577416,14,1,0.5883333333333334,0.592
301.401195891,2993,-4.7577082992290425,14,1,0.5883333333333334,0.592
301.463385696,2993,-5.960638631410648,14,1,0.5883333333333334,0.592
301.501195891,2994,1.7308857068472072,14,1,0.5883333333333334,0.5915
301.563385696,2994,4.065359388510264,14,1,0.5883333333333334,0.5915
301.601195891,2995,-1.0848296568288471,14,1,0.5883333333333334,0.5915
301.663385696,2995,4.055387331361163,14,1,0.5883333333333334,0.5915
301.701195891,2996,5.352034691937336,14,1,0.5883333333333334,0.5915
301.763385696,2996,2.8813514671575824,14,1,0.5883333333333334,0.5915
301.801195891,2997,6.15898098744378,14,1,0.5883333333333334,0.5915
301.863385696,2997,-1.3060839178419046,14,1,0.5883333333333334,0.5915
301.901195891,2998,-7.219514804135403,14,1,0.5883333333333334,0.5915
301.963385696,2998,-6.033375278339719,14,1,0.5883333333333334,0.5915
302.001195891,2999,0.28536630229333204,14,1,0.5883333333333334,0.5915
302.063385696,2999,-5.90093403768492,14,1,0.5883333333333334,0.5915
